id,goalId,address,rawKey,kind,countedTask,text,status,requiresAll,requiresAny,scope,confidence,sourceURLs,notes,externalPredicateNotes,alternativeConditions,classification,productionReady,provenance
ashbringer:steps[1],ashbringer,steps[1],1,step,True,Reach level 60.,no_lock,[],[],"{""sameCharacterRequired"": true, ""faction"": null, ""tradeableMaterialsMayBeSuppliedByOthers"": false}",High Classic; unconfirmed Forever,"[""https://github.com/Questie/Questie/blob/v10.0.0/Database/Classic/classicQuestDB.lua""]",No earlier step. Proposed expression: None. Classic baseline only; auto completion evidence overrides locks; never untick.,,,independent / no lock,False,quest_step_audit.json
ashbringer:steps[2],ashbringer,steps[2],2,step,True,Get {att_naxx:attuned to Naxxramas} from Archmage Angela Dosantos at Light's Hope Chapel.,candidate,"[""ashbringer:steps[1]""]",[],"{""sameCharacterRequired"": true, ""faction"": null, ""tradeableMaterialsMayBeSuppliedByOthers"": false}",High Classic; unconfirmed Forever,"[""https://www.wowhead.com/classic/quest=9121"", ""https://github.com/Questie/Questie/blob/v10.0.0/Database/Classic/classicQuestDB.lua""]",Naxx attunement minimum level 60; att_naxx completion can satisfy this without tracking that goal. Proposed expression: 1. Classic baseline only; auto completion evidence overrides locks; never untick.,1,,hard prerequisite,False,quest_step_audit.json
ashbringer:steps[3],ashbringer,steps[3],3,step,True,Clear the Military Wing of {raid_naxx:Naxxramas} up to the Four Horsemen.,no_lock,[],[],"{""sameCharacterRequired"": true, ""faction"": null, ""tradeableMaterialsMayBeSuppliedByOthers"": false}",Medium Classic; unconfirmed Forever,"[""https://www.wowhead.com/classic/quest=9121""]",Naxx entry requires attunement on raiding character; already attuned alt / cleared instance evidence must override. Proposed expression: 2. Classic baseline only; auto completion evidence overrides locks; never untick.,2,,soft/contextual; no lock,False,quest_step_audit.json
ashbringer:steps[4],ashbringer,steps[4],4,step,True,Defeat the Four Horsemen.,no_lock,[],[],"{""sameCharacterRequired"": true, ""faction"": null, ""tradeableMaterialsMayBeSuppliedByOthers"": false}",Medium Classic; unconfirmed Forever,"[""https://www.wowhead.com/classic/item=22691""]","Gothik is instance route progression, not a permanently required personal kill. Joining a raid already at Four Horsemen is allowed. Proposed expression: 3. Classic baseline only; auto completion evidence overrides locks; never untick.",3,,soft/contextual; no lock,False,quest_step_audit.json
ashbringer:steps[5],ashbringer,steps[5],5,step,True,Loot Corrupted Ashbringer from the Four Horsemen Chest.,candidate,"[""ashbringer:steps[4]""]",[],"{""sameCharacterRequired"": true, ""faction"": null, ""tradeableMaterialsMayBeSuppliedByOthers"": false}",High Classic; unconfirmed Forever,"[""https://www.wowhead.com/classic/item=22691""]",Chest becomes available after encounter; item evidence overrides missing personal boss history. Proposed expression: 4. Classic baseline only; auto completion evidence overrides locks; never untick.,4,,hard prerequisite,False,quest_step_audit.json
frostsaber:steps[1],frostsaber,steps[1],1,step,True,Reach level 40 and travel to Winterspring.,no_lock,[],[],"{""sameCharacterRequired"": true, ""faction"": null, ""tradeableMaterialsMayBeSuppliedByOthers"": false}",Data conflict: Classic quest level58 versus current level40,"[""https://www.wowhead.com/classic/quest=4970"", ""https://github.com/Questie/Questie/blob/v10.0.0/Database/Classic/classicQuestDB.lua""]","Classic Questie records quests4970/5201/5981 min58, so step1 cannot prove actual eligibility. Proposed expression: None. Classic baseline only; auto completion evidence overrides locks; never untick.",,,independent / no lock,False,quest_step_audit.json
frostsaber:steps[2],frostsaber,steps[2],2,step,True,Start Rivern Frostwind's quests at Frostsaber Rock in Winterspring.,no_lock,[],[],"{""sameCharacterRequired"": true, ""faction"": null, ""tradeableMaterialsMayBeSuppliedByOthers"": false}",Medium Classic; unconfirmed Forever,"[""https://github.com/Questie/Questie/blob/v10.0.0/Database/Classic/classicQuestDB.lua""]",Current step1 level40 insufficient Classic quest gate. Do not encode until Forever level rules checked. Proposed expression: 1. Classic baseline only; auto completion evidence overrides locks; never untick.,1,,soft/contextual; no lock,False,quest_step_audit.json
frostsaber:steps[3],frostsaber,steps[3],3,step,True,Turn in 'Frostsaber Provisions' daily until 1500/3000 Neutral.,no_lock,[],[],"{""sameCharacterRequired"": true, ""faction"": null, ""tradeableMaterialsMayBeSuppliedByOthers"": false}",Medium Classic; unconfirmed Forever,"[""https://github.com/Questie/Questie/blob/v10.0.0/Database/Classic/classicQuestDB.lua""]",Step2 first reputation point is implied by later cumulative milestone; avoid hiding farm. Proposed expression: 2. Classic baseline only; auto completion evidence overrides locks; never untick.,2,,soft/contextual; no lock,False,quest_step_audit.json
frostsaber:steps[4],frostsaber,steps[4],4,step,True,Turn in 'Winterfall Intrusion' daily until Friendly.,candidate,"[""frostsaber:steps[3]""]",[],"{""sameCharacterRequired"": true, ""faction"": null, ""tradeableMaterialsMayBeSuppliedByOthers"": false}",High Classic; unconfirmed Forever,"[""https://www.wowhead.com/classic/quest=5201"", ""https://github.com/Questie/Questie/blob/v10.0.0/Database/Classic/classicQuestDB.lua""]",Winterfall Intrusion unlocks at1500 neutral; alternative quests still earn Friendly. Proposed expression: 3. Classic baseline only; auto completion evidence overrides locks; never untick.,3,,hard prerequisite,False,quest_step_audit.json
frostsaber:steps[5],frostsaber,steps[5],5,step,True,"Reach Honored, then add 'Rampaging Giants' to your dailies.",no_lock,[],[],"{""sameCharacterRequired"": true, ""faction"": null, ""tradeableMaterialsMayBeSuppliedByOthers"": false}",Medium Classic; unconfirmed Forever,"[""https://www.wowhead.com/classic/quest=5981"", ""https://github.com/Questie/Questie/blob/v10.0.0/Database/Classic/classicQuestDB.lua""]","Honored is cumulative reputation; Rampaging Giants unlocked there, but other repeatables still work. Proposed expression: 4. Classic baseline only; auto completion evidence overrides locks; never untick.",4,,soft/contextual; no lock,False,quest_step_audit.json
frostsaber:steps[6],frostsaber,steps[6],6,step,True,Reach Exalted with the Wintersaber Trainers.,no_lock,[],[],"{""sameCharacterRequired"": true, ""faction"": null, ""tradeableMaterialsMayBeSuppliedByOthers"": false}",Medium Classic; unconfirmed Forever,"[""https://www.wowhead.com/classic/quest=5981"", ""https://github.com/Questie/Questie/blob/v10.0.0/Database/Classic/classicQuestDB.lua""]",Exalted cumulative reputation; do not force use of particular repeatables. Proposed expression: 5. Classic baseline only; auto completion evidence overrides locks; never untick.,5,,soft/contextual; no lock,False,quest_step_audit.json
frostsaber:steps[7],frostsaber,steps[7],7,step,True,Reach Exalted with Darnassus to learn Frostsaber riding (Night Elves skip this).,no_lock,[],[],"{""sameCharacterRequired"": true, ""faction"": null, ""tradeableMaterialsMayBeSuppliedByOthers"": false}",High Classic; unconfirmed Forever,"[""https://www.wowhead.com/classic/item=13086""]","Independent Darnassus reputation grind; NightElf skips. Required to USE under old race riding rules, not necessarily BUY. Proposed expression: None. Classic baseline only; auto completion evidence overrides locks; never untick.",,,independent / no lock,False,quest_step_audit.json
frostsaber:steps[8],frostsaber,steps[8],8,step,True,Buy the Reins of the Winterspring Frostsaber from Rivern Frostwind (about 900 gold).,candidate,"[""frostsaber:steps[6]""]",[],"{""sameCharacterRequired"": true, ""faction"": null, ""tradeableMaterialsMayBeSuppliedByOthers"": false}",High Classic; unconfirmed Forever,"[""https://www.wowhead.com/classic/item=13086""]","Purchase Wintersaber Exalted gate; Darnassus step7 relates riding, do not add as buy prerequisite without Forever verification. Proposed expression: 6. Classic baseline only; auto completion evidence overrides locks; never untick.",6,,hard prerequisite,False,quest_step_audit.json
atiesh:steps[1],atiesh,steps[1],1,step,True,"Raid {raid_naxx:Naxxramas} and {raid_aq40:Ahn'Qiraj} on a Druid, Mage, Priest or Warlock.",no_lock,[],[],"{""sameCharacterRequired"": true, ""faction"": null, ""tradeableMaterialsMayBeSuppliedByOthers"": false}",High Classic; unconfirmed Forever,"[""https://github.com/Questie/Questie/blob/v10.0.0/Database/Classic/classicQuestDB.lua""]","Preparation, auto level60 does not prove class/raids. No lock. Proposed expression: None. Classic baseline only; auto completion evidence overrides locks; never untick.",,,independent / no lock,False,quest_step_audit.json
atiesh:steps[2],atiesh,steps[2],2,step,True,Collect 40 Splinters of Atiesh from Naxxramas bosses.,no_lock,[],[],"{""sameCharacterRequired"": true, ""faction"": null, ""tradeableMaterialsMayBeSuppliedByOthers"": false}",High Classic; unconfirmed Forever,"[""https://www.wowhead.com/classic/item=22726""]",Collect splinters independently; Naxx attunement on same caster is external entry gate. Proposed expression: None. Classic baseline only; auto completion evidence overrides locks; never untick.,,,independent / no lock,False,quest_step_audit.json
atiesh:steps[3],atiesh,steps[3],3,step,True,Combine the 40 splinters into the Frame of Atiesh.,candidate,"[""atiesh:steps[2]""]",[],"{""sameCharacterRequired"": true, ""faction"": null, ""tradeableMaterialsMayBeSuppliedByOthers"": false}",High Classic; unconfirmed Forever,"[""https://www.wowhead.com/classic/item=22727""]",40 splinters consumed to form frame. Proposed expression: 2. Classic baseline only; auto completion evidence overrides locks; never untick.,2,,hard prerequisite,False,quest_step_audit.json
atiesh:steps[4],atiesh,steps[4],4,step,True,Bring the Frame of Atiesh to Anachronos at the Caverns of Time in Tanaris.,candidate,"[""atiesh:steps[3]""]",[],"{""sameCharacterRequired"": true, ""faction"": null, ""tradeableMaterialsMayBeSuppliedByOthers"": false}",High Classic; unconfirmed Forever,"[""https://www.wowhead.com/classic/quest=9250""]",Frame starts9250. Also Anachronos requires nonhostile/Neutral Brood reputation; unrepresented external condition. Proposed expression: 3. Classic baseline only; auto completion evidence overrides locks; never untick.,3,,hard prerequisite,False,quest_step_audit.json
atiesh:steps[5],atiesh,steps[5],5,step,True,Loot the Staff Head of Atiesh from Kel'Thuzad in Naxxramas.,candidate,"[""atiesh:steps[4]""]",[],"{""sameCharacterRequired"": true, ""faction"": null, ""tradeableMaterialsMayBeSuppliedByOthers"": false}",Medium drop gating; high chain; unconfirmed Forever,"[""https://www.wowhead.com/classic/quest=9251"", ""https://github.com/Questie/Questie/blob/v10.0.0/Database/Classic/classicQuestDB.lua""]",Accept9251 after9250 before quest-item boss loot; no order versus step6. Proposed expression: 4. Classic baseline only; auto completion evidence overrides locks; never untick.,4,,hard prerequisite,False,quest_step_audit.json
atiesh:steps[6],atiesh,steps[6],6,step,True,Loot the Base of Atiesh from C'Thun in Ahn'Qiraj.,candidate,"[""atiesh:steps[4]""]",[],"{""sameCharacterRequired"": true, ""faction"": null, ""tradeableMaterialsMayBeSuppliedByOthers"": false}",Medium drop gating; high chain; unconfirmed Forever,"[""https://www.wowhead.com/classic/quest=9251"", ""https://github.com/Questie/Questie/blob/v10.0.0/Database/Classic/classicQuestDB.lua""]",Accept9251 after9250 before quest-item boss loot; parallel with step5. Proposed expression: 4. Classic baseline only; auto completion evidence overrides locks; never untick.,4,,hard prerequisite,False,quest_step_audit.json
atiesh:steps[7],atiesh,steps[7],7,step,True,Return both pieces to Anachronos.,candidate,"[""atiesh:steps[5]"", ""atiesh:steps[6]""]",[],"{""sameCharacterRequired"": true, ""faction"": null, ""tradeableMaterialsMayBeSuppliedByOthers"": false}",High Classic; unconfirmed Forever,"[""https://www.wowhead.com/classic/quest=9251"", ""https://github.com/Questie/Questie/blob/v10.0.0/Database/Classic/classicQuestDB.lua""]",Both pieces required for9251. Proposed expression: 5 AND 6. Classic baseline only; auto completion evidence overrides locks; never untick.,5 AND 6,,hard prerequisite,False,quest_step_audit.json
atiesh:steps[8],atiesh,steps[8],8,step,True,Complete your class's purification quest from Anachronos.,withheld,[],[],"{""sameCharacterRequired"": true, ""faction"": null, ""tradeableMaterialsMayBeSuppliedByOthers"": false}",High inconsistency,"[""https://www.wowhead.com/classic/quest=9257"", ""https://github.com/Questie/Questie/blob/v10.0.0/Database/Classic/classicQuestDB.lua""]","Step says COMPLETE purification before defeating entity in step9, but9257/9269/9270/9271 completion includes entity defeat and final return. Should say PICK UP purification; then7â†’8â†’9â†’10. Proposed expression: None. Classic baseline only; auto completion evidence overrides locks; never untick.",,,data wording invalid; withhold lock,False,quest_step_audit.json
atiesh:steps[9],atiesh,steps[9],9,step,True,Defeat the guardian the staff summons on Festival Lane in Stratholme.,withheld,[],[],"{""sameCharacterRequired"": true, ""faction"": null, ""tradeableMaterialsMayBeSuppliedByOthers"": false}",High chain; ambiguous current step8,"[""https://www.wowhead.com/classic/quest=9257""]","Requires purification quest ACTIVE after7, not completed current8. Encode only after rewording8. Proposed expression: None. Classic baseline only; auto completion evidence overrides locks; never untick.",,,blocked by data correction,False,quest_step_audit.json
atiesh:steps[10],atiesh,steps[10],10,step,True,"Receive Atiesh, Greatstaff of the Guardian from Anachronos.",withheld,[],[],"{""sameCharacterRequired"": true, ""faction"": null, ""tradeableMaterialsMayBeSuppliedByOthers"": false}",High Classic; unconfirmed Forever,"[""https://www.wowhead.com/classic/quest=9257"", ""https://github.com/Questie/Questie/blob/v10.0.0/Database/Classic/classicQuestDB.lua""]",Receive reward when turning in class purification; step8 current COMPLETE redundantly includes9/10. Proposed expression: 9. Classic baseline only; auto completion evidence overrides locks; never untick.,9,,hard prerequisite,False,quest_step_audit.json
rhokdelar:steps[1],rhokdelar,steps[1],1,step,True,Get the Ancient Rune Etched Stave from 'Stave of the Ancients' (the {lokdelar:Lok'delar} goal).,no_lock,[],[],"{""sameCharacterRequired"": true, ""faction"": null, ""tradeableMaterialsMayBeSuppliedByOthers"": false}",High Classic; unconfirmed Forever,"[""https://www.wowhead.com/classic/quest=7636""]",External Lokdelar step7 yields stave; reward item/quest7636 evidence can satisfy without cross-goal active ticks. Proposed expression: None. Classic baseline only; auto completion evidence overrides locks; never untick.,,,independent / no lock,False,quest_step_audit.json
rhokdelar:steps[2],rhokdelar,steps[2],2,step,True,Pick up 'A Proper String' from Stoma the Ancient in Felwood.,no_lock,[],[],"{""sameCharacterRequired"": true, ""faction"": null, ""tradeableMaterialsMayBeSuppliedByOthers"": false}",High Classic; unconfirmed Forever,"[""https://www.wowhead.com/classic/quest=7635"", ""https://github.com/Questie/Questie/blob/v10.0.0/Database/Classic/classicQuestDB.lua""]","Requires The Ancient Leaf7632 = lokdelar step2, NOT stave completion in current step1. This can run alongside four demons. Proposed expression: None. Classic baseline only; auto completion evidence overrides locks; never untick.",,,independent / no lock,False,quest_step_audit.json
rhokdelar:steps[3],rhokdelar,steps[3],3,step,True,Loot the Mature Black Dragon Sinew from {raid_ony:Onyxia}.,no_lock,[],[],"{""sameCharacterRequired"": true, ""faction"": null, ""tradeableMaterialsMayBeSuppliedByOthers"": false}",High Classic; unconfirmed Forever,"[""https://www.wowhead.com/classic/item=18705"", ""https://www.wowhead.com/classic/quest=7635""]",Black sinew can be obtained before quest; own Onyxia attunement required to enter but avoid cross-goal lock. Proposed expression: None. Classic baseline only; auto completion evidence overrides locks; never untick.,,,independent / no lock,False,quest_step_audit.json
rhokdelar:steps[4],rhokdelar,steps[4],4,step,True,Turn in the sinew to Vartrus for the Enchanted Black Dragon Sinew.,candidate,"[""rhokdelar:steps[2]"", ""rhokdelar:steps[3]""]",[],"{""sameCharacterRequired"": true, ""faction"": null, ""tradeableMaterialsMayBeSuppliedByOthers"": false}",High Classic; unconfirmed Forever,"[""https://www.wowhead.com/classic/quest=7635"", ""https://github.com/Questie/Questie/blob/v10.0.0/Database/Classic/classicQuestDB.lua""]","Turn-in to STOMA, not Vartrus (current text wrong). Proposed expression: 2 AND 3. Classic baseline only; auto completion evidence overrides locks; never untick.",2 AND 3,,hard prerequisite,False,quest_step_audit.json
rhokdelar:steps[5],rhokdelar,steps[5],5,step,True,Combine the stave and the Enchanted Black Dragon Sinew into Rhok'delar.,candidate,"[""rhokdelar:steps[1]"", ""rhokdelar:steps[4]""]",[],"{""sameCharacterRequired"": true, ""faction"": null, ""tradeableMaterialsMayBeSuppliedByOthers"": false}",High Classic; unconfirmed Forever,"[""https://www.wowhead.com/classic/item=18713""]",Stave and enchanted string both consumed. Proposed expression: 1 AND 4. Classic baseline only; auto completion evidence overrides locks; never untick.,1 AND 4,,hard prerequisite,False,quest_step_audit.json
lokdelar:steps[1],lokdelar,steps[1],1,step,True,Loot the Ancient Petrified Leaf from the Cache of the Firelord in {raid_mc:Molten Core}.,no_lock,[],[],"{""sameCharacterRequired"": true, ""faction"": null, ""tradeableMaterialsMayBeSuppliedByOthers"": false}",High Classic; unconfirmed Forever,"[""https://www.wowhead.com/classic/item=18703""]",Independent raid drop; personal MC attunement optional shortcut. Proposed expression: None. Classic baseline only; auto completion evidence overrides locks; never untick.,,,independent / no lock,False,quest_step_audit.json
lokdelar:steps[2],lokdelar,steps[2],2,step,True,Bring the leaf to Vartrus the Ancient in Felwood and pick up 'Stave of the Ancients'.,candidate,"[""lokdelar:steps[1]""]",[],"{""sameCharacterRequired"": true, ""faction"": null, ""tradeableMaterialsMayBeSuppliedByOthers"": false}",High Classic; unconfirmed Forever,"[""https://www.wowhead.com/classic/quest=7632"", ""https://www.wowhead.com/classic/quest=7636"", ""https://github.com/Questie/Questie/blob/v10.0.0/Database/Classic/classicQuestDB.lua""]","Leaf starts7632, which unlocks7636. Proposed expression: 1. Classic baseline only; auto completion evidence overrides locks; never untick.",1,,hard prerequisite,False,quest_step_audit.json
lokdelar:steps[3],lokdelar,steps[3],3,step,True,Solo Artorius the Doombringer in Winterspring.,candidate,"[""lokdelar:steps[2]""]",[],"{""sameCharacterRequired"": true, ""faction"": null, ""tradeableMaterialsMayBeSuppliedByOthers"": false}",High Classic; unconfirmed Forever,"[""https://www.wowhead.com/classic/quest=7636"", ""https://github.com/Questie/Questie/blob/v10.0.0/Database/Classic/classicQuestDB.lua""]","7636 active; all four demons available in parallel, not sequential. Proposed expression: 2. Classic baseline only; auto completion evidence overrides locks; never untick.",2,,hard prerequisite,False,quest_step_audit.json
lokdelar:steps[4],lokdelar,steps[4],4,step,True,Solo Klinfran the Crazed in Burning Steppes.,candidate,"[""lokdelar:steps[2]""]",[],"{""sameCharacterRequired"": true, ""faction"": null, ""tradeableMaterialsMayBeSuppliedByOthers"": false}",High Classic; unconfirmed Forever,"[""https://www.wowhead.com/classic/quest=7636"", ""https://github.com/Questie/Questie/blob/v10.0.0/Database/Classic/classicQuestDB.lua""]","7636 active; all four demons available in parallel, not sequential. Proposed expression: 2. Classic baseline only; auto completion evidence overrides locks; never untick.",2,,hard prerequisite,False,quest_step_audit.json
lokdelar:steps[5],lokdelar,steps[5],5,step,True,Solo Solenor the Slayer in Silithus.,candidate,"[""lokdelar:steps[2]""]",[],"{""sameCharacterRequired"": true, ""faction"": null, ""tradeableMaterialsMayBeSuppliedByOthers"": false}",High Classic; unconfirmed Forever,"[""https://www.wowhead.com/classic/quest=7636"", ""https://github.com/Questie/Questie/blob/v10.0.0/Database/Classic/classicQuestDB.lua""]","7636 active; all four demons available in parallel, not sequential. Proposed expression: 2. Classic baseline only; auto completion evidence overrides locks; never untick.",2,,hard prerequisite,False,quest_step_audit.json
lokdelar:steps[6],lokdelar,steps[6],6,step,True,Solo Simone the Seductress in Un'Goro Crater.,candidate,"[""lokdelar:steps[2]""]",[],"{""sameCharacterRequired"": true, ""faction"": null, ""tradeableMaterialsMayBeSuppliedByOthers"": false}",High Classic; unconfirmed Forever,"[""https://www.wowhead.com/classic/quest=7636"", ""https://github.com/Questie/Questie/blob/v10.0.0/Database/Classic/classicQuestDB.lua""]","7636 active; all four demons available in parallel, not sequential. Proposed expression: 2. Classic baseline only; auto completion evidence overrides locks; never untick.",2,,hard prerequisite,False,quest_step_audit.json
lokdelar:steps[7],lokdelar,steps[7],7,step,True,Turn in the four demon heads to Vartrus for Lok'delar and the Ancient Rune Etched Stave.,candidate,"[""lokdelar:steps[3]"", ""lokdelar:steps[4]"", ""lokdelar:steps[5]"", ""lokdelar:steps[6]""]",[],"{""sameCharacterRequired"": true, ""faction"": null, ""tradeableMaterialsMayBeSuppliedByOthers"": false}",High Classic; unconfirmed Forever,"[""https://www.wowhead.com/classic/quest=7636"", ""https://github.com/Questie/Questie/blob/v10.0.0/Database/Classic/classicQuestDB.lua""]",Four demon heads all required. Proposed expression: 3 AND 4 AND 5 AND 6. Classic baseline only; auto completion evidence overrides locks; never untick.,3 AND 4 AND 5 AND 6,,hard prerequisite,False,quest_step_audit.json
thunderfury:steps[1],thunderfury,steps[1],1,step,True,Raid {raid_mc:Molten Core} on a weekly reset schedule.,no_lock,[],[],"{""sameCharacterRequired"": true, ""faction"": null, ""tradeableMaterialsMayBeSuppliedByOthers"": true}",High Classic; unconfirmed Forever,"[""https://github.com/Questie/Questie/blob/v10.0.0/Database/Classic/classicQuestDB.lua""]","Weekly raiding is preparation, level60 auto not actual history. Proposed expression: None. Classic baseline only; auto completion evidence overrides locks; never untick.",,,independent / no lock,False,quest_step_audit.json
thunderfury:steps[2],thunderfury,steps[2],2,step,True,Loot the Bindings of the Windseeker (left) from Baron Geddon in Molten Core.,no_lock,[],[],"{""sameCharacterRequired"": true, ""faction"": null, ""tradeableMaterialsMayBeSuppliedByOthers"": true}",High Classic; unconfirmed Forever,"[""https://www.wowhead.com/classic/item=18563""]",Independent binding loot; no ordering versus right binding. Proposed expression: None. Classic baseline only; auto completion evidence overrides locks; never untick.,,,independent / no lock,False,quest_step_audit.json
thunderfury:steps[3],thunderfury,steps[3],3,step,True,Loot the Bindings of the Windseeker (right) from Garr in Molten Core.,no_lock,[],[],"{""sameCharacterRequired"": true, ""faction"": null, ""tradeableMaterialsMayBeSuppliedByOthers"": true}",High Classic; unconfirmed Forever,"[""https://www.wowhead.com/classic/item=18564""]",Independent binding loot; no ordering versus left binding. Proposed expression: None. Classic baseline only; auto completion evidence overrides locks; never untick.,,,independent / no lock,False,quest_step_audit.json
thunderfury:steps[4],thunderfury,steps[4],4,step,True,Start 'Examine the Vessel' with Highlord Demitrian in Silithus.,candidate,[],"[""thunderfury:steps[2]"", ""thunderfury:steps[3]""]","{""sameCharacterRequired"": true, ""faction"": null, ""tradeableMaterialsMayBeSuppliedByOthers"": true}",High Classic; unconfirmed Forever,"[""https://www.wowhead.com/classic/quest=7785"", ""https://github.com/Questie/Questie/blob/v10.0.0/Database/Classic/classicQuestDB.lua""]",Either binding obtains Vessel19016 and starts7785. Do not require both. Proposed expression: 2 OR 3. Classic baseline only; auto completion evidence overrides locks; never untick.,2 OR 3,,hard prerequisite,False,quest_step_audit.json
thunderfury:steps[5],thunderfury,steps[5],5,step,True,Gather 10 Elementium Bars.,no_lock,[],[],"{""sameCharacterRequired"": true, ""faction"": null, ""tradeableMaterialsMayBeSuppliedByOthers"": true}",High Classic; unconfirmed Forever,"[""https://www.wowhead.com/classic/item=17771""]",Buy bars or gather/smelt; do not hard-lock on raw materials6/7/8. Proposed expression: None. Classic baseline only; auto completion evidence overrides locks; never untick.,,,independent / no lock,False,quest_step_audit.json
thunderfury:steps[6],thunderfury,steps[6],6,step,True,Gather 100 Arcanite Bars.,no_lock,[],[],"{""sameCharacterRequired"": true, ""faction"": null, ""tradeableMaterialsMayBeSuppliedByOthers"": true}",High Classic; unconfirmed Forever,"[""https://www.wowhead.com/classic/quest=7786"", ""https://www.wowhead.com/classic/item=17771""]","Parallel raw ingredient of step5, consumed in Elementium; NOT an extra final turn-in. Proposed expression: None. Classic baseline only; auto completion evidence overrides locks; never untick.",,,independent / no lock,False,quest_step_audit.json
thunderfury:steps[7],thunderfury,steps[7],7,step,True,Gather 10 Fiery Cores (Molten Core).,no_lock,[],[],"{""sameCharacterRequired"": true, ""faction"": null, ""tradeableMaterialsMayBeSuppliedByOthers"": true}",High Classic; unconfirmed Forever,"[""https://www.wowhead.com/classic/quest=7786"", ""https://www.wowhead.com/classic/item=17771""]",Parallel raw ingredient of step5; NOT extra final turn-in. Proposed expression: None. Classic baseline only; auto completion evidence overrides locks; never untick.,,,independent / no lock,False,quest_step_audit.json
thunderfury:steps[8],thunderfury,steps[8],8,step,True,Gather 30 Elemental Flux.,no_lock,[],[],"{""sameCharacterRequired"": true, ""faction"": null, ""tradeableMaterialsMayBeSuppliedByOthers"": true}",High Classic; unconfirmed Forever,"[""https://www.wowhead.com/classic/quest=7786"", ""https://www.wowhead.com/classic/item=17771""]",Parallel raw ingredient of step5; NOT extra final turn-in. Proposed expression: None. Classic baseline only; auto completion evidence overrides locks; never untick.,,,independent / no lock,False,quest_step_audit.json
thunderfury:steps[9],thunderfury,steps[9],9,step,True,Loot the Essence of the Firelord from Ragnaros in Molten Core.,candidate,"[""thunderfury:steps[4]""]",[],"{""sameCharacterRequired"": true, ""faction"": null, ""tradeableMaterialsMayBeSuppliedByOthers"": true}",High Classic; unconfirmed Forever,"[""https://www.wowhead.com/classic/quest=7785"", ""https://www.wowhead.com/classic/quest=7786""]",Must ACCEPT7786 after7785 before Essence drops. Step4 says start but auto only completed7785; improve watch evidence. Proposed expression: 4. Classic baseline only; auto completion evidence overrides locks; never untick.,4,,hard prerequisite,False,quest_step_audit.json
thunderfury:steps[10],thunderfury,steps[10],10,step,True,"Turn in the bindings, the Essence and the materials to Demitrian ('Thunderaan the Windseeker').",candidate,"[""thunderfury:steps[2]"", ""thunderfury:steps[3]"", ""thunderfury:steps[4]"", ""thunderfury:steps[5]"", ""thunderfury:steps[9]""]",[],"{""sameCharacterRequired"": true, ""faction"": null, ""tradeableMaterialsMayBeSuppliedByOthers"": true}",High Classic; unconfirmed Forever,"[""https://www.wowhead.com/classic/quest=7786"", ""https://github.com/Questie/Questie/blob/v10.0.0/Database/Classic/classicQuestDB.lua""]","Final summon turn-in requires both bindings,10 bars,Essence. Do not also require consumed raw ingredients6/7/8. Proposed expression: 2 AND 3 AND 4 AND 5 AND 9. Classic baseline only; auto completion evidence overrides locks; never untick.",2 AND 3 AND 4 AND 5 AND 9,,hard prerequisite,False,quest_step_audit.json
thunderfury:steps[11],thunderfury,steps[11],11,step,True,Defeat Prince Thunderaan in Silithus.,candidate,"[""thunderfury:steps[10]""]",[],"{""sameCharacterRequired"": true, ""faction"": null, ""tradeableMaterialsMayBeSuppliedByOthers"": true}",High Classic; unconfirmed Forever,"[""https://www.wowhead.com/classic/quest=7786"", ""https://www.wowhead.com/classic/quest=7787""]","Summons Prince; CURRENT auto quest7786 incorrectly ticks defeat at summon turn-in, before kill. Proposed expression: 10. Classic baseline only; auto completion evidence overrides locks; never untick.",10,,hard prerequisite,False,quest_step_audit.json
thunderfury:steps[12],thunderfury,steps[12],12,step,True,"Turn in 'Rise, Thunderfury!' to receive Thunderfury.",candidate,"[""thunderfury:steps[11]""]",[],"{""sameCharacterRequired"": true, ""faction"": null, ""tradeableMaterialsMayBeSuppliedByOthers"": true}",High Classic; unconfirmed Forever,"[""https://www.wowhead.com/classic/quest=7787"", ""https://github.com/Questie/Questie/blob/v10.0.0/Database/Classic/classicQuestDB.lua""]",Loot Dormant Wind Kissed Blade19018 to start7787. Completion proof overrides missed kill. Proposed expression: 11. Classic baseline only; auto completion evidence overrides locks; never untick.,11,,hard prerequisite,False,quest_step_audit.json
benediction:steps[1],benediction,steps[1],1,step,True,Loot The Eye of Divinity from Majordomo Executus in {raid_mc:Molten Core}.,no_lock,[],[],"{""sameCharacterRequired"": true, ""faction"": null, ""tradeableMaterialsMayBeSuppliedByOthers"": true}",High Classic; unconfirmed Forever,"[""https://www.wowhead.com/classic/item=18646""]",Independent Eye raid drop. Proposed expression: None. Classic baseline only; auto completion evidence overrides locks; never untick.,,,independent / no lock,False,quest_step_audit.json
benediction:steps[2],benediction,steps[2],2,step,True,Start 'The Balance of Light and Shadow' with Eris Havenfire near Stratholme.,candidate,"[""benediction:steps[1]""]",[],"{""sameCharacterRequired"": true, ""faction"": null, ""tradeableMaterialsMayBeSuppliedByOthers"": true}",High Classic; unconfirmed Forever,"[""https://www.wowhead.com/classic/quest=7622"", ""https://www.wowhead.com/classic/item=18646""]",Eye equipped to see/interact with Eris and take7622. Proposed expression: 1. Classic baseline only; auto completion evidence overrides locks; never untick.,1,,hard prerequisite,False,quest_step_audit.json
benediction:steps[3],benediction,steps[3],3,step,True,Save 50 peasants (fewer than 15 deaths) to earn the Splinter of Nordrassil.,candidate,"[""benediction:steps[2]""]",[],"{""sameCharacterRequired"": true, ""faction"": null, ""tradeableMaterialsMayBeSuppliedByOthers"": true}",High Classic; unconfirmed Forever,"[""https://www.wowhead.com/classic/quest=7622""]",Event for7622 rewards Splinter. Proposed expression: 2. Classic baseline only; auto completion evidence overrides locks; never untick.,2,,hard prerequisite,False,quest_step_audit.json
benediction:steps[4],benediction,steps[4],4,step,True,"Loot The Eye of Shadow from demons in southern Winterspring, or buy one.",no_lock,[],[],"{""sameCharacterRequired"": true, ""faction"": null, ""tradeableMaterialsMayBeSuppliedByOthers"": true}",High Classic; unconfirmed Forever,"[""https://www.wowhead.com/classic/item=18665""]",Tradeable Eye of Shadow may be bought/farmed at any time. Proposed expression: None. Classic baseline only; auto completion evidence overrides locks; never untick.,,,independent / no lock,False,quest_step_audit.json
benediction:steps[5],benediction,steps[5],5,step,True,"Combine the Splinter of Nordrassil, the Eye of Shadow and the Eye of Divinity into Benediction.",candidate,"[""benediction:steps[1]"", ""benediction:steps[3]"", ""benediction:steps[4]""]",[],"{""sameCharacterRequired"": true, ""faction"": null, ""tradeableMaterialsMayBeSuppliedByOthers"": true}",High Classic; unconfirmed Forever,"[""https://www.wowhead.com/classic/item=18608""]",All three components required/consumed. Proposed expression: 1 AND 3 AND 4. Classic baseline only; auto completion evidence overrides locks; never untick.,1 AND 3 AND 4,,hard prerequisite,False,quest_step_audit.json
sulfuras:steps[1],sulfuras,steps[1],1,step,True,Raid {raid_mc:Molten Core} on a weekly reset schedule.,no_lock,[],[],"{""sameCharacterRequired"": true, ""faction"": null, ""tradeableMaterialsMayBeSuppliedByOthers"": true}",High Classic; unconfirmed Forever,"[""https://github.com/Questie/Questie/blob/v10.0.0/Database/Classic/classicQuestDB.lua""]",Preparation; not valid hard gate to purchasing materials. Proposed expression: None. Classic baseline only; auto completion evidence overrides locks; never untick.,,,independent / no lock,False,quest_step_audit.json
sulfuras:steps[2],sulfuras,steps[2],2,step,True,Loot the Eye of Sulfuras from Ragnaros in Molten Core.,no_lock,[],[],"{""sameCharacterRequired"": true, ""faction"": null, ""tradeableMaterialsMayBeSuppliedByOthers"": true}",High Classic; unconfirmed Forever,"[""https://www.wowhead.com/classic/item=17204""]",Eye independent of all preparation/materials. Proposed expression: None. Classic baseline only; auto completion evidence overrides locks; never untick.,,,independent / no lock,False,quest_step_audit.json
sulfuras:steps[3],sulfuras,steps[3],3,step,True,Get the Plans: Sulfuron Hammer from Lokhtos Darkbargainer in Blackrock Depths ('A Binding Contract').,no_lock,[],[],"{""sameCharacterRequired"": true, ""faction"": null, ""tradeableMaterialsMayBeSuppliedByOthers"": true}",High Classic; unconfirmed Forever,"[""https://www.wowhead.com/classic/quest=7604"", ""https://www.wowhead.com/classic/item=18592""]","One Ingot required externally, not ALL eight of step4; plans can be bought; crafter may already know recipe. Proposed expression: None. Classic baseline only; auto completion evidence overrides locks; never untick.",,,independent / no lock,False,quest_step_audit.json
sulfuras:steps[4],sulfuras,steps[4],4,step,True,Collect 8 Sulfuron Ingots from Golemagg the Incinerator in Molten Core.,no_lock,[],[],"{""sameCharacterRequired"": true, ""faction"": null, ""tradeableMaterialsMayBeSuppliedByOthers"": true}",High Classic; unconfirmed Forever,"[""https://www.wowhead.com/classic/item=18592""]",Materials can be collected/bought in any order; Black Forge needed only if personally smelting Dark Iron. Proposed expression: None. Classic baseline only; auto completion evidence overrides locks; never untick.,,,independent / no lock,False,quest_step_audit.json
sulfuras:steps[5],sulfuras,steps[5],5,step,True,Smelt 20 Dark Iron Bars at the Black Forge in Blackrock Depths.,no_lock,[],[],"{""sameCharacterRequired"": true, ""faction"": null, ""tradeableMaterialsMayBeSuppliedByOthers"": true}",High Classic; unconfirmed Forever,"[""https://www.wowhead.com/classic/item=18592""]",Materials can be collected/bought in any order; Black Forge needed only if personally smelting Dark Iron. Proposed expression: None. Classic baseline only; auto completion evidence overrides locks; never untick.,,,independent / no lock,False,quest_step_audit.json
sulfuras:steps[6],sulfuras,steps[6],6,step,True,Gather 50 Arcanite Bars.,no_lock,[],[],"{""sameCharacterRequired"": true, ""faction"": null, ""tradeableMaterialsMayBeSuppliedByOthers"": true}",High Classic; unconfirmed Forever,"[""https://www.wowhead.com/classic/item=18592""]",Materials can be collected/bought in any order; Black Forge needed only if personally smelting Dark Iron. Proposed expression: None. Classic baseline only; auto completion evidence overrides locks; never untick.,,,independent / no lock,False,quest_step_audit.json
sulfuras:steps[7],sulfuras,steps[7],7,step,True,Gather 25 Essence of Fire.,no_lock,[],[],"{""sameCharacterRequired"": true, ""faction"": null, ""tradeableMaterialsMayBeSuppliedByOthers"": true}",High Classic; unconfirmed Forever,"[""https://www.wowhead.com/classic/item=18592""]",Materials can be collected/bought in any order; Black Forge needed only if personally smelting Dark Iron. Proposed expression: None. Classic baseline only; auto completion evidence overrides locks; never untick.,,,independent / no lock,False,quest_step_audit.json
sulfuras:steps[8],sulfuras,steps[8],8,step,True,Gather 10 Blood of the Mountain (rare from Dark Iron deposits).,no_lock,[],[],"{""sameCharacterRequired"": true, ""faction"": null, ""tradeableMaterialsMayBeSuppliedByOthers"": true}",High Classic; unconfirmed Forever,"[""https://www.wowhead.com/classic/item=18592""]",Materials can be collected/bought in any order; Black Forge needed only if personally smelting Dark Iron. Proposed expression: None. Classic baseline only; auto completion evidence overrides locks; never untick.,,,independent / no lock,False,quest_step_audit.json
sulfuras:steps[9],sulfuras,steps[9],9,step,True,"Gather 10 Lava Cores (Molten Core trash, BoE).",no_lock,[],[],"{""sameCharacterRequired"": true, ""faction"": null, ""tradeableMaterialsMayBeSuppliedByOthers"": true}",High Classic; unconfirmed Forever,"[""https://www.wowhead.com/classic/item=18592""]",Materials can be collected/bought in any order; Black Forge needed only if personally smelting Dark Iron. Proposed expression: None. Classic baseline only; auto completion evidence overrides locks; never untick.,,,independent / no lock,False,quest_step_audit.json
sulfuras:steps[10],sulfuras,steps[10],10,step,True,"Gather 10 Fiery Cores (Molten Core trash, BoE).",no_lock,[],[],"{""sameCharacterRequired"": true, ""faction"": null, ""tradeableMaterialsMayBeSuppliedByOthers"": true}",High Classic; unconfirmed Forever,"[""https://www.wowhead.com/classic/item=18592""]",Materials can be collected/bought in any order; Black Forge needed only if personally smelting Dark Iron. Proposed expression: None. Classic baseline only; auto completion evidence overrides locks; never untick.,,,independent / no lock,False,quest_step_audit.json
sulfuras:steps[11],sulfuras,steps[11],11,step,True,"Reach 300 Blacksmithing, or find a Blacksmith to craft it.",no_lock,[],[],"{""sameCharacterRequired"": true, ""faction"": null, ""tradeableMaterialsMayBeSuppliedByOthers"": true}",High Classic; unconfirmed Forever,"[""https://www.wowhead.com/classic/item=18592""]",Can use another blacksmith; own skill rule cannot prove service found. Proposed expression: None. Classic baseline only; auto completion evidence overrides locks; never untick.,,,independent / no lock,False,quest_step_audit.json
sulfuras:steps[12],sulfuras,steps[12],12,step,True,Craft the Sulfuron Hammer.,no_lock,[],[],"{""sameCharacterRequired"": true, ""faction"": null, ""tradeableMaterialsMayBeSuppliedByOthers"": true}",High Classic; unconfirmed Forever,"[""https://www.wowhead.com/classic/item=17193"", ""https://www.wowhead.com/classic/item=18592""]","If personally commissioning craft needs4..10 and recipe on crafter/BS300. Hammer is BoE and may be bought, bypassing3..11. No universal checkbox gate. Proposed expression: None. Classic baseline only; auto completion evidence overrides locks; never untick.",,,conditional crafting AND; no universal hard lock,False,quest_step_audit.json
sulfuras:steps[13],sulfuras,steps[13],13,step,True,Combine the Sulfuron Hammer and the Eye of Sulfuras into Sulfuras.,candidate,"[""sulfuras:steps[2]"", ""sulfuras:steps[12]""]",[],"{""sameCharacterRequired"": true, ""faction"": null, ""tradeableMaterialsMayBeSuppliedByOthers"": true}",High Classic; unconfirmed Forever,"[""https://www.wowhead.com/classic/item=17182""]",Eye plus completed hammer required. Proposed expression: 2 AND 12. Classic baseline only; auto completion evidence overrides locks; never untick.,2 AND 12,,hard prerequisite,False,quest_step_audit.json
mount_dreadsteed:steps[1],mount_dreadsteed,steps[1],1,step,True,Complete 'Mor'zul Bloodbringer' from a demon trainer in a capital city.,no_lock,[],[],"{""sameCharacterRequired"": true, ""faction"": null, ""tradeableMaterialsMayBeSuppliedByOthers"": true}",High Classic; unconfirmed Forever,"[""https://github.com/Questie/Questie/blob/v10.0.0/Database/Classic/classicQuestDB.lua""]",Warlock level60 start. Proposed expression: None. Classic baseline only; auto completion evidence overrides locks; never untick.,,,independent / no lock,False,quest_step_audit.json
mount_dreadsteed:steps[2],mount_dreadsteed,steps[2],2,step,True,Complete 'Rage of Blood'.,candidate,"[""mount_dreadsteed:steps[1]""]",[],"{""sameCharacterRequired"": true, ""faction"": null, ""tradeableMaterialsMayBeSuppliedByOthers"": true}",High Classic; unconfirmed Forever,"[""https://www.wowhead.com/classic/quest=7563"", ""https://github.com/Questie/Questie/blob/v10.0.0/Database/Classic/classicQuestDB.lua""]",7563 follows7562. Proposed expression: 1. Classic baseline only; auto completion evidence overrides locks; never untick.,1,,hard prerequisite,False,quest_step_audit.json
mount_dreadsteed:steps[3],mount_dreadsteed,steps[3],3,step,True,Complete 'Wildeyes'.,candidate,"[""mount_dreadsteed:steps[2]""]",[],"{""sameCharacterRequired"": true, ""faction"": null, ""tradeableMaterialsMayBeSuppliedByOthers"": true}",High Classic; unconfirmed Forever,"[""https://www.wowhead.com/classic/quest=7564"", ""https://github.com/Questie/Questie/blob/v10.0.0/Database/Classic/classicQuestDB.lua""]",7564 follows7563. Proposed expression: 2. Classic baseline only; auto completion evidence overrides locks; never untick.,2,,hard prerequisite,False,quest_step_audit.json
mount_dreadsteed:steps[4],mount_dreadsteed,steps[4],4,step,True,Complete 'Kroshius' Infernal Core'.,no_lock,[],[],"{""sameCharacterRequired"": true, ""faction"": null, ""tradeableMaterialsMayBeSuppliedByOthers"": true}",High Classic; unconfirmed Forever,"[""https://www.wowhead.com/classic/quest=7603"", ""https://github.com/Questie/Questie/blob/v10.0.0/Database/Classic/classicQuestDB.lua""]","7603 is Inferno spell chain7601â†’7602â†’7603 atlevel50, not Dreadsteed. No dependency from3 and no dependency into5. Proposed expression: None. Classic baseline only; auto completion evidence overrides locks; never untick.",,,UNRELATED; remove/remap in guide fix,False,quest_step_audit.json
mount_dreadsteed:steps[5],mount_dreadsteed,steps[5],5,step,True,Complete 'Imp Delivery'.,candidate,"[""mount_dreadsteed:steps[3]""]",[],"{""sameCharacterRequired"": true, ""faction"": null, ""tradeableMaterialsMayBeSuppliedByOthers"": true}",High Classic; unconfirmed Forever,"[""https://www.wowhead.com/classic/quest=7629"", ""https://github.com/Questie/Questie/blob/v10.0.0/Database/Classic/classicQuestDB.lua""]",Imp Delivery7629 requires7564 AND Xorothian Stardust7625. Missing chain7623â†’7624â†’7625. Proposed expression: 3 + external7625. Classic baseline only; auto completion evidence overrides locks; never untick.,3 + external7625,,hard prerequisite,False,quest_step_audit.json
mount_dreadsteed:steps[6],mount_dreadsteed,steps[6],6,step,True,Complete 'Arcanite'.,candidate,"[""mount_dreadsteed:steps[3]""]",[],"{""sameCharacterRequired"": true, ""faction"": null, ""tradeableMaterialsMayBeSuppliedByOthers"": true}",High Classic; unconfirmed Forever,"[""https://www.wowhead.com/classic/quest=7630"", ""https://github.com/Questie/Questie/blob/v10.0.0/Database/Classic/classicQuestDB.lua""]","Arcanite7630 requires Bell/Wheel/Candle material turn-ins, available after7564; may parallel Imp Delivery, NOT gated by5. Proposed expression: 3 + external7626 AND7627 AND7628. Classic baseline only; auto completion evidence overrides locks; never untick.",3 + external7626 AND7627 AND7628,,hard prerequisite,False,quest_step_audit.json
mount_dreadsteed:steps[7],mount_dreadsteed,steps[7],7,step,True,Defeat the Xorothian Dreadsteed in Dire Maul ('Dreadsteed of Xoroth').,candidate,"[""mount_dreadsteed:steps[5]"", ""mount_dreadsteed:steps[6]""]",[],"{""sameCharacterRequired"": true, ""faction"": null, ""tradeableMaterialsMayBeSuppliedByOthers"": true}",High Classic; unconfirmed Forever,"[""https://www.wowhead.com/classic/quest=7631"", ""https://github.com/Questie/Questie/blob/v10.0.0/Database/Classic/classicQuestDB.lua"", ""https://github.com/Questie/Questie/blob/v10.0.0/Database/Corrections/classicQuestFixes.lua""]",Dreadsteed quest7631 requires7629 AND7630; another warlock may supply reusable ritual tools; unrelated4 never gate. Proposed expression: 5 AND 6. Classic baseline only; auto completion evidence overrides locks; never untick.,5 AND 6,,hard prerequisite,False,quest_step_audit.json
mount_charger:steps[1],mount_charger,steps[1],1,step,True,Complete 'Lord Grayson Shadowbreaker' from Duthorian Rall in Stormwind City.,no_lock,[],[],"{""sameCharacterRequired"": true, ""faction"": null, ""tradeableMaterialsMayBeSuppliedByOthers"": true}",High Classic; unconfirmed Forever,"[""https://github.com/Questie/Questie/blob/v10.0.0/Database/Classic/classicQuestDB.lua""]",Paladin level60 starter. Proposed expression: None. Classic baseline only; auto completion evidence overrides locks; never untick.,,,independent / no lock,False,quest_step_audit.json
mount_charger:steps[2],mount_charger,steps[2],2,step,True,Complete 'Emphasis on Sacrifice'.,candidate,"[""mount_charger:steps[1]""]",[],"{""sameCharacterRequired"": true, ""faction"": null, ""tradeableMaterialsMayBeSuppliedByOthers"": true}",High Classic; unconfirmed Forever,"[""https://www.wowhead.com/classic/quest=7637"", ""https://github.com/Questie/Questie/blob/v10.0.0/Database/Classic/classicQuestDB.lua""]", Proposed expression: 1. Classic baseline only; auto completion evidence overrides locks; never untick.,1,,hard prerequisite,False,quest_step_audit.json
mount_charger:steps[3],mount_charger,steps[3],3,step,True,Complete 'To Show Due Judgment'.,candidate,"[""mount_charger:steps[2]""]",[],"{""sameCharacterRequired"": true, ""faction"": null, ""tradeableMaterialsMayBeSuppliedByOthers"": true}",High Classic; unconfirmed Forever,"[""https://www.wowhead.com/classic/quest=7639"", ""https://github.com/Questie/Questie/blob/v10.0.0/Database/Classic/classicQuestDB.lua""]", Proposed expression: 2. Classic baseline only; auto completion evidence overrides locks; never untick.,2,,hard prerequisite,False,quest_step_audit.json
mount_charger:steps[4],mount_charger,steps[4],4,step,True,Complete 'Exorcising Terrordale'.,candidate,"[""mount_charger:steps[3]""]",[],"{""sameCharacterRequired"": true, ""faction"": null, ""tradeableMaterialsMayBeSuppliedByOthers"": true}",High Classic; unconfirmed Forever,"[""https://www.wowhead.com/classic/quest=7640"", ""https://github.com/Questie/Questie/blob/v10.0.0/Database/Classic/classicQuestDB.lua""]", Proposed expression: 3. Classic baseline only; auto completion evidence overrides locks; never untick.,3,,hard prerequisite,False,quest_step_audit.json
mount_charger:steps[5],mount_charger,steps[5],5,step,True,Complete 'The Work of Grimand Elmore'.,withheld,[],[],"{""sameCharacterRequired"": true, ""faction"": null, ""tradeableMaterialsMayBeSuppliedByOthers"": true}",Conflicting Classic evidence,"[""https://www.wowhead.com/classic/quest=7641"", ""https://github.com/Questie/Questie/blob/v10.0.0/Database/Classic/classicQuestDB.lua""]",Questie v10 records preQuestSingle7640; old comments describe separate branches. Guide corrections/new beta need verify before asserting parallel or strict gate. Proposed expression: 4. Classic baseline only; auto completion evidence overrides locks; never untick.,4,,uncertain ordering; withhold lock,False,quest_step_audit.json
mount_charger:steps[6],mount_charger,steps[6],6,step,True,Complete 'Collection of Goods'.,candidate,"[""mount_charger:steps[5]""]",[],"{""sameCharacterRequired"": true, ""faction"": null, ""tradeableMaterialsMayBeSuppliedByOthers"": true}",High Classic; unconfirmed Forever,"[""https://www.wowhead.com/classic/quest=7642"", ""https://github.com/Questie/Questie/blob/v10.0.0/Database/Classic/classicQuestDB.lua""]", Proposed expression: 5. Classic baseline only; auto completion evidence overrides locks; never untick.,5,,hard prerequisite,False,quest_step_audit.json
mount_charger:steps[7],mount_charger,steps[7],7,step,True,Complete 'Ancient Equine Spirit'.,withheld,[],[],"{""sameCharacterRequired"": true, ""faction"": null, ""tradeableMaterialsMayBeSuppliedByOthers"": true}",High Classic; unconfirmed Forever,"[""https://www.wowhead.com/classic/quest=7643"", ""https://www.wowhead.com/classic/quest=7645"", ""https://github.com/Questie/Questie/blob/v10.0.0/Database/Classic/classicQuestDB.lua""]",Completion7643 requires Feed item18775 from step9. Accept7643 after6 unlocks feed9; distinction creates cycle if use completed7 as prerequisite of9. Proposed expression: 6 AND 9. Classic baseline only; auto completion evidence overrides locks; never untick.,6 AND 9,,hard prerequisite,False,quest_step_audit.json
mount_charger:steps[8],mount_charger,steps[8],8,step,True,Complete 'Blessed Arcanite Barding'.,candidate,"[""mount_charger:steps[7]""]",[],"{""sameCharacterRequired"": true, ""faction"": null, ""tradeableMaterialsMayBeSuppliedByOthers"": true}",High Classic; unconfirmed Forever,"[""https://www.wowhead.com/classic/quest=7644"", ""https://github.com/Questie/Questie/blob/v10.0.0/Database/Classic/classicQuestDB.lua""]", Proposed expression: 7. Classic baseline only; auto completion evidence overrides locks; never untick.,7,,hard prerequisite,False,quest_step_audit.json
mount_charger:steps[9],mount_charger,steps[9],9,step,True,Complete 'Manna-Enriched Horse Feed'.,withheld,[],[],"{""sameCharacterRequired"": true, ""faction"": null, ""tradeableMaterialsMayBeSuppliedByOthers"": true}",High Classic; unconfirmed Forever,"[""https://www.wowhead.com/classic/quest=7645"", ""https://github.com/Questie/Questie/blob/v10.0.0/Database/Classic/classicQuestDB.lua""]",Requires Ancient Equine Spirit7643 IN PROGRESS. Gather biscuits/gold beforehand; feed must complete before step7. Reorder rows or represent acceptance explicitly. Proposed expression: 6 + quest7643 ACTIVE. Classic baseline only; auto completion evidence overrides locks; never untick.,6 + quest7643 ACTIVE,,active-quest prerequisite; NOT earlier completed-step gate,False,quest_step_audit.json
mount_charger:steps[10],mount_charger,steps[10],10,step,True,Complete 'The Divination Scryer'.,candidate,"[""mount_charger:steps[8]""]",[],"{""sameCharacterRequired"": true, ""faction"": null, ""tradeableMaterialsMayBeSuppliedByOthers"": true}",High Classic; unconfirmed Forever,"[""https://www.wowhead.com/classic/quest=7646"", ""https://github.com/Questie/Questie/blob/v10.0.0/Database/Classic/classicQuestDB.lua""]",No dependency on9 here:9 needed earlier for7. Proposed expression: 8. Classic baseline only; auto completion evidence overrides locks; never untick.,8,,hard prerequisite,False,quest_step_audit.json
mount_charger:steps[11],mount_charger,steps[11],11,step,True,Complete 'Judgment and Redemption' in {key_scholo:Scholomance} to earn the Charger.,candidate,"[""mount_charger:steps[10]""]",[],"{""sameCharacterRequired"": true, ""faction"": null, ""tradeableMaterialsMayBeSuppliedByOthers"": true}",High Classic; unconfirmed Forever,"[""https://www.wowhead.com/classic/quest=7647"", ""https://github.com/Questie/Questie/blob/v10.0.0/Database/Classic/classicQuestDB.lua""]",Personal key_scholo NOT required if party can open door. Proposed expression: 10. Classic baseline only; auto completion evidence overrides locks; never untick.,10,,hard prerequisite,False,quest_step_audit.json
quelserrar:steps[1],quelserrar,steps[1],1,step,True,Loot Nostro's Compendium of Dragon Slaying in Dire Maul (rare).,no_lock,[],[],"{""sameCharacterRequired"": true, ""faction"": null, ""tradeableMaterialsMayBeSuppliedByOthers"": true}",High Classic; unconfirmed Forever,"[""https://www.wowhead.com/classic/item=18401""]","Book tradeable; looting is one option, purchase bypasses. Proposed expression: None. Classic baseline only; auto completion evidence overrides locks; never untick.",,,independent / no lock,False,quest_step_audit.json
quelserrar:steps[2],quelserrar,steps[2],2,step,True,Get the Unfired Ancient Blade from 'The Forging of Quel'Serrar' in the Dire Maul library.,candidate,"[""quelserrar:steps[1]""]",[],"{""sameCharacterRequired"": true, ""faction"": null, ""tradeableMaterialsMayBeSuppliedByOthers"": true}",High Classic; unconfirmed Forever,"[""https://www.wowhead.com/classic/quest=7508"", ""https://www.wowhead.com/classic/quest=7509"", ""https://github.com/Questie/Questie/blob/v10.0.0/Database/Classic/classicQuestDB.lua""]",Book7507â†’7508 handoffâ†’7509 provides blade. Current combined auto questTaken7508 may mark blade obtained too early. Proposed expression: 1. Classic baseline only; auto completion evidence overrides locks; never untick.,1,,hard prerequisite,False,quest_step_audit.json
quelserrar:steps[3],quelserrar,steps[3],3,step,True,Heat the blade in {raid_ony:Onyxia's} fire breath.,candidate,"[""quelserrar:steps[2]""]",[],"{""sameCharacterRequired"": true, ""faction"": null, ""tradeableMaterialsMayBeSuppliedByOthers"": true}",High Classic; unconfirmed Forever,"[""https://www.wowhead.com/classic/quest=7509""]",Need Unfired blade before breath. Proposed expression: 2. Classic baseline only; auto completion evidence overrides locks; never untick.,2,,hard prerequisite,False,quest_step_audit.json
quelserrar:steps[4],quelserrar,steps[4],4,step,True,Drive the Heated Ancient Blade into Onyxia's corpse before it cools.,candidate,"[""quelserrar:steps[3]""]",[],"{""sameCharacterRequired"": true, ""faction"": null, ""tradeableMaterialsMayBeSuppliedByOthers"": true}",High Classic; unconfirmed Forever,"[""https://www.wowhead.com/classic/quest=7509""]","Need heated blade and killed Onyxia; warmth time-limited, old checkbox is history not current possession. Proposed expression: 3. Classic baseline only; auto completion evidence overrides locks; never untick.",3,,hard prerequisite,False,quest_step_audit.json
quelserrar:steps[5],quelserrar,steps[5],5,step,True,Return the Treated Ancient Blade to receive Quel'Serrar.,candidate,"[""quelserrar:steps[4]""]",[],"{""sameCharacterRequired"": true, ""faction"": null, ""tradeableMaterialsMayBeSuppliedByOthers"": true}",High Classic; unconfirmed Forever,"[""https://www.wowhead.com/classic/quest=7509""]",Treated blade turn-in. Proposed expression: 4. Classic baseline only; auto completion evidence overrides locks; never untick.,4,,hard prerequisite,False,quest_step_audit.json
att_mc:steps[1],att_mc,steps[1],1,step,True,Pick up 'Attunement to the Core' from Lothos Riftwaker in Blackrock Mountain.,no_lock,[],[],"{""sameCharacterRequired"": true, ""faction"": null, ""tradeableMaterialsMayBeSuppliedByOthers"": false}",High Classic; unconfirmed Forever,"[""https://www.wowhead.com/classic/quest=7848""]",Min55 Classic; shortcut attunement not prerequisite of raidingMC. Proposed expression: None. Classic baseline only; auto completion evidence overrides locks; never untick.,,,independent / no lock,False,quest_step_audit.json
att_mc:steps[2],att_mc,steps[2],2,step,True,Recover a Core Fragment at the Molten Core entry portal in Blackrock Depths.,no_lock,[],[],"{""sameCharacterRequired"": true, ""faction"": null, ""tradeableMaterialsMayBeSuppliedByOthers"": false}",Medium Classic; unconfirmed Forever,"[""https://www.wowhead.com/classic/quest=7848""]",Conservative: item pre-loot availability not independently verified. No lock until verified. Proposed expression: 1. Classic baseline only; auto completion evidence overrides locks; never untick.,1,,soft/contextual; no lock,False,quest_step_audit.json
att_mc:steps[3],att_mc,steps[3],3,step,True,Return the Core Fragment to Lothos Riftwaker.,candidate,"[""att_mc:steps[1]"", ""att_mc:steps[2]""]",[],"{""sameCharacterRequired"": true, ""faction"": null, ""tradeableMaterialsMayBeSuppliedByOthers"": false}",High Classic; unconfirmed Forever,"[""https://www.wowhead.com/classic/quest=7848"", ""https://github.com/Questie/Questie/blob/v10.0.0/Database/Classic/classicQuestDB.lua""]",Accept quest and return fragment. Proposed expression: 1 AND 2. Classic baseline only; auto completion evidence overrides locks; never untick.,1 AND 2,,hard prerequisite,False,quest_step_audit.json
att_ony_ally:steps[1],att_ony_ally,steps[1],1,step,True,Complete 'Dragonkin Menace' from Helendis Riverhorn in the Burning Steppes.,no_lock,[],[],"{""sameCharacterRequired"": true, ""faction"": ""Alliance"", ""tradeableMaterialsMayBeSuppliedByOthers"": false}",High Classic; unconfirmed Forever,"[""https://www.wowhead.com/classic/quest=4182"", ""https://github.com/Questie/Questie/blob/v10.0.0/Database/Classic/classicQuestDB.lua""]", Proposed expression: None. Classic baseline only; auto completion evidence overrides locks; never untick.,,,independent / no lock,False,quest_step_audit.json
att_ony_ally:steps[2],att_ony_ally,steps[2],2,step,True,Complete the 'The True Masters' quests.,candidate,"[""att_ony_ally:steps[1]""]",[],"{""sameCharacterRequired"": true, ""faction"": ""Alliance"", ""tradeableMaterialsMayBeSuppliedByOthers"": false}",High Classic; unconfirmed Forever,"[""https://github.com/Questie/Questie/blob/v10.0.0/Database/Classic/classicQuestDB.lua"", ""https://www.wowhead.com/classic/quest=4224""]",Same Alliance character chain; row2 compresses4183â†’4184â†’4185â†’4186â†’4223â†’4224. Proposed expression: 1. Classic baseline only; auto completion evidence overrides locks; never untick.,1,,hard prerequisite,False,quest_step_audit.json
att_ony_ally:steps[3],att_ony_ally,steps[3],3,step,True,Complete 'Marshal Windsor'.,candidate,"[""att_ony_ally:steps[2]""]",[],"{""sameCharacterRequired"": true, ""faction"": ""Alliance"", ""tradeableMaterialsMayBeSuppliedByOthers"": false}",High Classic; unconfirmed Forever,"[""https://github.com/Questie/Questie/blob/v10.0.0/Database/Classic/classicQuestDB.lua"", ""https://www.wowhead.com/classic/quest=4241""]",Same Alliance character chain; row2 compresses4183â†’4184â†’4185â†’4186â†’4223â†’4224. Proposed expression: 2. Classic baseline only; auto completion evidence overrides locks; never untick.,2,,hard prerequisite,False,quest_step_audit.json
att_ony_ally:steps[4],att_ony_ally,steps[4],4,step,True,Complete 'Abandoned Hope'.,candidate,"[""att_ony_ally:steps[3]""]",[],"{""sameCharacterRequired"": true, ""faction"": ""Alliance"", ""tradeableMaterialsMayBeSuppliedByOthers"": false}",High Classic; unconfirmed Forever,"[""https://github.com/Questie/Questie/blob/v10.0.0/Database/Classic/classicQuestDB.lua"", ""https://www.wowhead.com/classic/quest=4242""]",Same Alliance character chain; row2 compresses4183â†’4184â†’4185â†’4186â†’4223â†’4224. Proposed expression: 3. Classic baseline only; auto completion evidence overrides locks; never untick.,3,,hard prerequisite,False,quest_step_audit.json
att_ony_ally:steps[5],att_ony_ally,steps[5],5,step,True,Complete 'A Crumpled Up Note'.,candidate,"[""att_ony_ally:steps[4]""]",[],"{""sameCharacterRequired"": true, ""faction"": ""Alliance"", ""tradeableMaterialsMayBeSuppliedByOthers"": false}",High Classic; unconfirmed Forever,"[""https://github.com/Questie/Questie/blob/v10.0.0/Database/Classic/classicQuestDB.lua"", ""https://www.wowhead.com/classic/quest=4264""]",Same Alliance character chain; row2 compresses4183â†’4184â†’4185â†’4186â†’4223â†’4224. Proposed expression: 4. Classic baseline only; auto completion evidence overrides locks; never untick.,4,,hard prerequisite,False,quest_step_audit.json
att_ony_ally:steps[6],att_ony_ally,steps[6],6,step,True,Complete 'A Shred of Hope'.,candidate,"[""att_ony_ally:steps[5]""]",[],"{""sameCharacterRequired"": true, ""faction"": ""Alliance"", ""tradeableMaterialsMayBeSuppliedByOthers"": false}",High Classic; unconfirmed Forever,"[""https://github.com/Questie/Questie/blob/v10.0.0/Database/Classic/classicQuestDB.lua"", ""https://www.wowhead.com/classic/quest=4282""]",Same Alliance character chain; row2 compresses4183â†’4184â†’4185â†’4186â†’4223â†’4224. Proposed expression: 5. Classic baseline only; auto completion evidence overrides locks; never untick.,5,,hard prerequisite,False,quest_step_audit.json
att_ony_ally:steps[7],att_ony_ally,steps[7],7,step,True,Complete 'Jail Break!'.,candidate,"[""att_ony_ally:steps[6]""]",[],"{""sameCharacterRequired"": true, ""faction"": ""Alliance"", ""tradeableMaterialsMayBeSuppliedByOthers"": false}",High Classic; unconfirmed Forever,"[""https://github.com/Questie/Questie/blob/v10.0.0/Database/Classic/classicQuestDB.lua"", ""https://www.wowhead.com/classic/quest=4322""]",Same Alliance character chain; row2 compresses4183â†’4184â†’4185â†’4186â†’4223â†’4224. Proposed expression: 6. Classic baseline only; auto completion evidence overrides locks; never untick.,6,,hard prerequisite,False,quest_step_audit.json
att_ony_ally:steps[8],att_ony_ally,steps[8],8,step,True,Complete 'Stormwind Rendezvous'.,candidate,"[""att_ony_ally:steps[7]""]",[],"{""sameCharacterRequired"": true, ""faction"": ""Alliance"", ""tradeableMaterialsMayBeSuppliedByOthers"": false}",High Classic; unconfirmed Forever,"[""https://github.com/Questie/Questie/blob/v10.0.0/Database/Classic/classicQuestDB.lua"", ""https://www.wowhead.com/classic/quest=6402""]",Same Alliance character chain; row2 compresses4183â†’4184â†’4185â†’4186â†’4223â†’4224. Proposed expression: 7. Classic baseline only; auto completion evidence overrides locks; never untick.,7,,hard prerequisite,False,quest_step_audit.json
att_ony_ally:steps[9],att_ony_ally,steps[9],9,step,True,Complete 'The Great Masquerade'.,candidate,"[""att_ony_ally:steps[8]""]",[],"{""sameCharacterRequired"": true, ""faction"": ""Alliance"", ""tradeableMaterialsMayBeSuppliedByOthers"": false}",High Classic; unconfirmed Forever,"[""https://github.com/Questie/Questie/blob/v10.0.0/Database/Classic/classicQuestDB.lua"", ""https://www.wowhead.com/classic/quest=6403""]",Same Alliance character chain; row2 compresses4183â†’4184â†’4185â†’4186â†’4223â†’4224. Proposed expression: 8. Classic baseline only; auto completion evidence overrides locks; never untick.,8,,hard prerequisite,False,quest_step_audit.json
att_ony_ally:steps[10],att_ony_ally,steps[10],10,step,True,Complete 'The Dragon's Eye'.,candidate,"[""att_ony_ally:steps[9]""]",[],"{""sameCharacterRequired"": true, ""faction"": ""Alliance"", ""tradeableMaterialsMayBeSuppliedByOthers"": false}",High Classic; unconfirmed Forever,"[""https://github.com/Questie/Questie/blob/v10.0.0/Database/Classic/classicQuestDB.lua"", ""https://www.wowhead.com/classic/quest=6501""]",Same Alliance character chain; row2 compresses4183â†’4184â†’4185â†’4186â†’4223â†’4224. Proposed expression: 9. Classic baseline only; auto completion evidence overrides locks; never untick.,9,,hard prerequisite,False,quest_step_audit.json
att_ony_ally:steps[11],att_ony_ally,steps[11],11,step,True,Complete 'Drakefire Amulet' and receive the amulet.,candidate,"[""att_ony_ally:steps[10]""]",[],"{""sameCharacterRequired"": true, ""faction"": ""Alliance"", ""tradeableMaterialsMayBeSuppliedByOthers"": false}",High Classic; unconfirmed Forever,"[""https://github.com/Questie/Questie/blob/v10.0.0/Database/Classic/classicQuestDB.lua"", ""https://www.wowhead.com/classic/quest=6502""]",Same Alliance character chain; row2 compresses4183â†’4184â†’4185â†’4186â†’4223â†’4224. Proposed expression: 10. Classic baseline only; auto completion evidence overrides locks; never untick.,10,,hard prerequisite,False,quest_step_audit.json
att_ony_horde:steps[1],att_ony_horde,steps[1],1,step,True,"Complete 'Warlord's Command' and turn it in to Warlord Goretooth in Kargath, Badlands.",no_lock,[],[],"{""sameCharacterRequired"": true, ""faction"": ""Horde"", ""tradeableMaterialsMayBeSuppliedByOthers"": false}",High Classic; unconfirmed Forever,"[""https://www.wowhead.com/classic/quest=4903"", ""https://github.com/Questie/Questie/blob/v10.0.0/Database/Classic/classicQuestDB.lua""]", Proposed expression: None. Classic baseline only; auto completion evidence overrides locks; never untick.,,,independent / no lock,False,quest_step_audit.json
att_ony_horde:steps[2],att_ony_horde,steps[2],2,step,True,Complete 'Eitrigg's Wisdom'.,candidate,"[""att_ony_horde:steps[1]""]",[],"{""sameCharacterRequired"": true, ""faction"": ""Horde"", ""tradeableMaterialsMayBeSuppliedByOthers"": false}",High Classic; unconfirmed Forever,"[""https://github.com/Questie/Questie/blob/v10.0.0/Database/Classic/classicQuestDB.lua"", ""https://www.wowhead.com/classic/quest=4941""]",Same Horde character chain. Proposed expression: 1. Classic baseline only; auto completion evidence overrides locks; never untick.,1,,hard prerequisite,False,quest_step_audit.json
att_ony_horde:steps[3],att_ony_horde,steps[3],3,step,True,Complete 'For The Horde!'.,candidate,"[""att_ony_horde:steps[2]""]",[],"{""sameCharacterRequired"": true, ""faction"": ""Horde"", ""tradeableMaterialsMayBeSuppliedByOthers"": false}",High Classic; unconfirmed Forever,"[""https://github.com/Questie/Questie/blob/v10.0.0/Database/Classic/classicQuestDB.lua"", ""https://www.wowhead.com/classic/quest=4974""]",Same Horde character chain. Proposed expression: 2. Classic baseline only; auto completion evidence overrides locks; never untick.,2,,hard prerequisite,False,quest_step_audit.json
att_ony_horde:steps[4],att_ony_horde,steps[4],4,step,True,Complete 'What the Wind Carries'.,candidate,"[""att_ony_horde:steps[3]""]",[],"{""sameCharacterRequired"": true, ""faction"": ""Horde"", ""tradeableMaterialsMayBeSuppliedByOthers"": false}",High Classic; unconfirmed Forever,"[""https://github.com/Questie/Questie/blob/v10.0.0/Database/Classic/classicQuestDB.lua"", ""https://www.wowhead.com/classic/quest=6566""]",Same Horde character chain. Proposed expression: 3. Classic baseline only; auto completion evidence overrides locks; never untick.,3,,hard prerequisite,False,quest_step_audit.json
att_ony_horde:steps[5],att_ony_horde,steps[5],5,step,True,Complete 'The Champion of the Horde'.,candidate,"[""att_ony_horde:steps[4]""]",[],"{""sameCharacterRequired"": true, ""faction"": ""Horde"", ""tradeableMaterialsMayBeSuppliedByOthers"": false}",High Classic; unconfirmed Forever,"[""https://github.com/Questie/Questie/blob/v10.0.0/Database/Classic/classicQuestDB.lua"", ""https://www.wowhead.com/classic/quest=6567""]",Same Horde character chain. Proposed expression: 4. Classic baseline only; auto completion evidence overrides locks; never untick.,4,,hard prerequisite,False,quest_step_audit.json
att_ony_horde:steps[6],att_ony_horde,steps[6],6,step,True,Complete 'The Testament of Rexxar'.,candidate,"[""att_ony_horde:steps[5]""]",[],"{""sameCharacterRequired"": true, ""faction"": ""Horde"", ""tradeableMaterialsMayBeSuppliedByOthers"": false}",High Classic; unconfirmed Forever,"[""https://github.com/Questie/Questie/blob/v10.0.0/Database/Classic/classicQuestDB.lua"", ""https://www.wowhead.com/classic/quest=6568""]",Same Horde character chain. Proposed expression: 5. Classic baseline only; auto completion evidence overrides locks; never untick.,5,,hard prerequisite,False,quest_step_audit.json
att_ony_horde:steps[7],att_ony_horde,steps[7],7,step,True,Complete 'Oculus Illusions'.,candidate,"[""att_ony_horde:steps[6]""]",[],"{""sameCharacterRequired"": true, ""faction"": ""Horde"", ""tradeableMaterialsMayBeSuppliedByOthers"": false}",High Classic; unconfirmed Forever,"[""https://github.com/Questie/Questie/blob/v10.0.0/Database/Classic/classicQuestDB.lua"", ""https://www.wowhead.com/classic/quest=6569""]",Same Horde character chain. Proposed expression: 6. Classic baseline only; auto completion evidence overrides locks; never untick.,6,,hard prerequisite,False,quest_step_audit.json
att_ony_horde:steps[8],att_ony_horde,steps[8],8,step,True,Complete 'Emberstrife'.,candidate,"[""att_ony_horde:steps[7]""]",[],"{""sameCharacterRequired"": true, ""faction"": ""Horde"", ""tradeableMaterialsMayBeSuppliedByOthers"": false}",High Classic; unconfirmed Forever,"[""https://github.com/Questie/Questie/blob/v10.0.0/Database/Classic/classicQuestDB.lua"", ""https://www.wowhead.com/classic/quest=6570""]",Same Horde character chain. Proposed expression: 7. Classic baseline only; auto completion evidence overrides locks; never untick.,7,,hard prerequisite,False,quest_step_audit.json
att_ony_horde:steps[9],att_ony_horde,steps[9],9,step,True,"Complete 'The Test of Skulls, Scryer'.",candidate,"[""att_ony_horde:steps[8]""]",[],"{""sameCharacterRequired"": true, ""faction"": ""Horde"", ""tradeableMaterialsMayBeSuppliedByOthers"": false}",High Classic; unconfirmed Forever,"[""https://github.com/Questie/Questie/blob/v10.0.0/Database/Classic/classicQuestDB.lua"", ""https://www.wowhead.com/classic/quest=6582""]","Three first skull quests unlock together, no order among9,10,11. Proposed expression: 8. Classic baseline only; auto completion evidence overrides locks; never untick.",8,,hard prerequisite,False,quest_step_audit.json
att_ony_horde:steps[10],att_ony_horde,steps[10],10,step,True,"Complete 'The Test of Skulls, Somnus'.",candidate,"[""att_ony_horde:steps[8]""]",[],"{""sameCharacterRequired"": true, ""faction"": ""Horde"", ""tradeableMaterialsMayBeSuppliedByOthers"": false}",High Classic; unconfirmed Forever,"[""https://github.com/Questie/Questie/blob/v10.0.0/Database/Classic/classicQuestDB.lua"", ""https://www.wowhead.com/classic/quest=6583""]","Three first skull quests unlock together, no order among9,10,11. Proposed expression: 8. Classic baseline only; auto completion evidence overrides locks; never untick.",8,,hard prerequisite,False,quest_step_audit.json
att_ony_horde:steps[11],att_ony_horde,steps[11],11,step,True,"Complete 'The Test of Skulls, Chronalis'.",candidate,"[""att_ony_horde:steps[8]""]",[],"{""sameCharacterRequired"": true, ""faction"": ""Horde"", ""tradeableMaterialsMayBeSuppliedByOthers"": false}",High Classic; unconfirmed Forever,"[""https://github.com/Questie/Questie/blob/v10.0.0/Database/Classic/classicQuestDB.lua"", ""https://www.wowhead.com/classic/quest=6584""]","Three first skull quests unlock together, no order among9,10,11. Proposed expression: 8. Classic baseline only; auto completion evidence overrides locks; never untick.",8,,hard prerequisite,False,quest_step_audit.json
att_ony_horde:steps[12],att_ony_horde,steps[12],12,step,True,"Complete 'The Test of Skulls, Axtroz'.",candidate,"[""att_ony_horde:steps[9]"", ""att_ony_horde:steps[10]"", ""att_ony_horde:steps[11]""]",[],"{""sameCharacterRequired"": true, ""faction"": ""Horde"", ""tradeableMaterialsMayBeSuppliedByOthers"": false}",High Classic; unconfirmed Forever,"[""https://github.com/Questie/Questie/blob/v10.0.0/Database/Classic/classicQuestDB.lua"", ""https://www.wowhead.com/classic/quest=6585""]",All three first skulls needed for Axtroz. Proposed expression: 9 AND 10 AND 11. Classic baseline only; auto completion evidence overrides locks; never untick.,9 AND 10 AND 11,,hard prerequisite,False,quest_step_audit.json
att_ony_horde:steps[13],att_ony_horde,steps[13],13,step,True,Complete 'Ascension...'.,candidate,"[""att_ony_horde:steps[12]""]",[],"{""sameCharacterRequired"": true, ""faction"": ""Horde"", ""tradeableMaterialsMayBeSuppliedByOthers"": false}",High Classic; unconfirmed Forever,"[""https://github.com/Questie/Questie/blob/v10.0.0/Database/Classic/classicQuestDB.lua"", ""https://www.wowhead.com/classic/quest=6601""]", Proposed expression: 12. Classic baseline only; auto completion evidence overrides locks; never untick.,12,,hard prerequisite,False,quest_step_audit.json
att_ony_horde:steps[14],att_ony_horde,steps[14],14,step,True,Complete 'Blood of the Black Dragon Champion' and receive the Drakefire Amulet.,candidate,"[""att_ony_horde:steps[13]""]",[],"{""sameCharacterRequired"": true, ""faction"": ""Horde"", ""tradeableMaterialsMayBeSuppliedByOthers"": false}",High Classic; unconfirmed Forever,"[""https://github.com/Questie/Questie/blob/v10.0.0/Database/Classic/classicQuestDB.lua"", ""https://www.wowhead.com/classic/quest=6602""]", Proposed expression: 13. Classic baseline only; auto completion evidence overrides locks; never untick.,13,,hard prerequisite,False,quest_step_audit.json
att_bwl:steps[1],att_bwl,steps[1],1,step,True,Loot and read Blackhand's Command from the Scarshield Quartermaster in Blackrock Spire.,no_lock,[],[],"{""sameCharacterRequired"": true, ""faction"": null, ""tradeableMaterialsMayBeSuppliedByOthers"": false}",High Classic; unconfirmed Forever,"[""https://www.wowhead.com/classic/quest=7761""]","Min55 quest; orb shortcut optional, UBRS raid entrance alternative. Proposed expression: None. Classic baseline only; auto completion evidence overrides locks; never untick.",,,independent / no lock,False,quest_step_audit.json
att_bwl:steps[2],att_bwl,steps[2],2,step,True,Defeat General Drakkisath in {key_ubrs:Upper Blackrock Spire}.,no_lock,[],[],"{""sameCharacterRequired"": true, ""faction"": null, ""tradeableMaterialsMayBeSuppliedByOthers"": false}",High Classic; unconfirmed Forever,"[""https://www.wowhead.com/classic/quest=7761""]",Can kill Drakkisath without taking command; raid encounter independent; party key_ubrs enough. Proposed expression: None. Classic baseline only; auto completion evidence overrides locks; never untick.,,,independent / no lock,False,quest_step_audit.json
att_bwl:steps[3],att_bwl,steps[3],3,step,True,Touch Drakkisath's Brand behind him to gain the Mark of Drakkisath.,candidate,"[""att_bwl:steps[1]"", ""att_bwl:steps[2]""]",[],"{""sameCharacterRequired"": true, ""faction"": null, ""tradeableMaterialsMayBeSuppliedByOthers"": false}",High Classic; unconfirmed Forever,"[""https://www.wowhead.com/classic/quest=7761"", ""https://github.com/Questie/Questie/blob/v10.0.0/Database/Classic/classicQuestDB.lua""]",Quest active and boss cleared; prior personal kill evidence not necessary if joining cleared instance. Proposed expression: 1 AND 2. Classic baseline only; auto completion evidence overrides locks; never untick.,1 AND 2,,hard prerequisite,False,quest_step_audit.json
att_naxx:steps[1],att_naxx,steps[1],1,step,True,Reach Honored with the {rep_argentdawn:Argent Dawn}.,no_lock,[],[],"{""sameCharacterRequired"": true, ""faction"": null, ""tradeableMaterialsMayBeSuppliedByOthers"": false}",High Classic; unconfirmed Forever,"[""https://www.wowhead.com/classic/quest=9121"", ""https://github.com/Questie/Questie/blob/v10.0.0/Database/Classic/classicQuestDB.lua""]",Honored Argent Dawn andlevel60 on character receiving attunement. Proposed expression: None. Classic baseline only; auto completion evidence overrides locks; never untick.,,,independent / no lock,False,quest_step_audit.json
att_naxx:steps[2],att_naxx,steps[2],2,step,True,Get attuned at Light's Hope Chapel.,candidate,"[""att_naxx:steps[1]""]",[],"{""sameCharacterRequired"": true, ""faction"": null, ""tradeableMaterialsMayBeSuppliedByOthers"": false}",High Classic; unconfirmed Forever,"[""https://www.wowhead.com/classic/quest=9121"", ""https://github.com/Questie/Questie/blob/v10.0.0/Database/Classic/classicQuestDB.lua""]",Honored/Revered/Exalted quest alternatives9121/9122/9123; different costs. External rep_argentdawn whole goal Exalted unnecessary. Proposed expression: 1. Classic baseline only; auto completion evidence overrides locks; never untick.,1,,hard prerequisite,False,quest_step_audit.json
key_ubrs:steps[1],key_ubrs,steps[1],1,step,True,Pick up 'Seal of Ascension'.,no_lock,[],[],"{""sameCharacterRequired"": true, ""faction"": null, ""tradeableMaterialsMayBeSuppliedByOthers"": false}",High Classic; unconfirmed Forever,"[""https://www.wowhead.com/classic/quest=4742"", ""https://github.com/Questie/Questie/blob/v10.0.0/Database/Classic/classicQuestDB.lua""]",Min57; can collect gems/Unadorned Seal before pickup. Proposed expression: None. Classic baseline only; auto completion evidence overrides locks; never untick.,,,independent / no lock,False,quest_step_audit.json
key_ubrs:steps[2],key_ubrs,steps[2],2,step,True,Forge the Seal of Ascension.,candidate,"[""key_ubrs:steps[1]""]",[],"{""sameCharacterRequired"": true, ""faction"": null, ""tradeableMaterialsMayBeSuppliedByOthers"": false}",High Classic; unconfirmed Forever,"[""https://www.wowhead.com/classic/quest=4742"", ""https://www.wowhead.com/classic/quest=4743"", ""https://github.com/Questie/Questie/blob/v10.0.0/Database/Classic/classicQuestDB.lua""]",4742 collection then4743 forging; condensed guide missing gem collection/handoff detail. Proposed expression: 1. Classic baseline only; auto completion evidence overrides locks; never untick.,1,,hard prerequisite,False,quest_step_audit.json
key_scholo:steps[1],key_scholo,steps[1],1,step,True,Complete 'The Key to Scholomance' and receive the Skeleton Key.,no_lock,[],[],"{""sameCharacterRequired"": true, ""faction"": null, ""tradeableMaterialsMayBeSuppliedByOthers"": false}",High Classic; unconfirmed Forever,"[""https://www.wowhead.com/classic/quest=5505"", ""https://www.wowhead.com/classic/quest=5511"", ""https://github.com/Questie/Questie/blob/v10.0.0/Database/Classic/classicQuestDB.lua""]",Only one row; internal chain unrepresented: faction opening questsâ†’Skeletal Fragmentsâ†’Mold Rhymes With...â†’Fire Plume Forgedâ†’Araj Scarabâ†’5505/5511. Personal key not required to enter with group/lockpicker. Proposed expression: None. Classic baseline only; auto completion evidence overrides locks; never untick.,,,independent / no lock,False,quest_step_audit.json
key_brd:steps[1],key_brd,steps[1],1,step,True,Complete the first 'Dark Iron Legacy'.,no_lock,[],[],"{""sameCharacterRequired"": true, ""faction"": null, ""tradeableMaterialsMayBeSuppliedByOthers"": false}",High Classic; unconfirmed Forever,"[""https://www.wowhead.com/classic/quest=3801"", ""https://github.com/Questie/Questie/blob/v10.0.0/Database/Classic/classicQuestDB.lua""]",Talk to ghost while dead; no earlier row. Proposed expression: None. Classic baseline only; auto completion evidence overrides locks; never untick.,,,independent / no lock,False,quest_step_audit.json
key_brd:steps[2],key_brd,steps[2],2,step,True,Complete the second 'Dark Iron Legacy' and receive the Shadowforge Key.,candidate,"[""key_brd:steps[1]""]",[],"{""sameCharacterRequired"": true, ""faction"": null, ""tradeableMaterialsMayBeSuppliedByOthers"": false}",High Classic; unconfirmed Forever,"[""https://www.wowhead.com/classic/quest=3802"", ""https://github.com/Questie/Questie/blob/v10.0.0/Database/Classic/classicQuestDB.lua""]",3802 after3801; requires Ironfel from Fineous then shrine. Personal key not universal dungeon gate. Proposed expression: 1. Classic baseline only; auto completion evidence overrides locks; never untick.,1,,hard prerequisite,False,quest_step_audit.json
key_strat:steps[1],key_strat,steps[1],1,step,True,Loot the Key to the City from Magistrate Barthilas.,no_lock,[],[],"{""sameCharacterRequired"": true, ""faction"": null, ""tradeableMaterialsMayBeSuppliedByOthers"": false}",High Classic; unconfirmed Forever,"[""https://www.wowhead.com/classic/item=12382""]",Single boss loot; party key enough for gates. Proposed expression: None. Classic baseline only; auto completion evidence overrides locks; never untick.,,,independent / no lock,False,quest_step_audit.json
key_dm:steps[1],key_dm,steps[1],1,step,True,Loot the Crescent Key from Pusillin in Dire Maul East.,no_lock,[],[],"{""sameCharacterRequired"": true, ""faction"": null, ""tradeableMaterialsMayBeSuppliedByOthers"": false}",High Classic; unconfirmed Forever,"[""https://www.wowhead.com/classic/item=18249""]",Single boss loot; Pusillin conversation/chase within row; no earlier goal prerequisite. Proposed expression: None. Classic baseline only; auto completion evidence overrides locks; never untick.,,,independent / no lock,False,quest_step_audit.json
epicmounts:sections[1].pieces[1],epicmounts,sections[1].pieces[1],1_1_piece,piece,True,Level a Alliance character to level 60,no_lock,[],[],"{""forFaction"": ""Alliance"", ""sameCharacterRequired"": false, ""forRace"": null, ""faction"": null}",high,"[""https://github.com/karl-neiswender/ForeverGoalTracker/blob/main/Data.lua""]",Independent objective or cumulative milestone; do not chain adjacent rows. Auto evidence overrides locks; prior completed ticks persist.,,,,False,parallel_step_audit.json
epicmounts:sections[1].pieces[2],epicmounts,sections[1].pieces[2],1_2_piece,piece,True,Reach Exalted with Stormwind (optional for Humans),no_lock,[],[],"{""forFaction"": ""Alliance"", ""sameCharacterRequired"": false, ""forRace"": null, ""faction"": null}",high,"[""https://github.com/karl-neiswender/ForeverGoalTracker/blob/main/Data.lua""]","Independent reputation work; native race skipIfRace must count as satisfied, not unseen unmet prerequisite.",,,,False,parallel_step_audit.json
epicmounts:sections[1].pieces[3],epicmounts,sections[1].pieces[3],1_3_piece,piece,True,Train Journeyman Riding from your riding trainer,withheld,[],[],"{""forFaction"": ""Alliance"", ""sameCharacterRequired"": true, ""forRace"": null, ""faction"": null}",low_purchase_gate,"[""https://github.com/karl-neiswender/ForeverGoalTracker/blob/main/Data.lua"", ""https://www.wowhead.com/classic/item=18774/swift-yellow-mechanostrider""]","HOLD hard lock. Current level/riding milestones describe USE/preparation, not proven purchase gates. Classic racial riding/race exceptions differ from existing generic detector; same character needed. Savings estimate never a hard purchase prerequisite.",,,,False,parallel_step_audit.json
epicmounts:sections[1].pieces[4],epicmounts,sections[1].pieces[4],1_4_piece,piece,True,"Save about 800-1,000 gold on that character",no_lock,[],[],"{""forFaction"": ""Alliance"", ""sameCharacterRequired"": false, ""forRace"": null, ""faction"": null}",high,"[""https://github.com/karl-neiswender/ForeverGoalTracker/blob/main/Data.lua""]",Independent objective or cumulative milestone; do not chain adjacent rows. Auto evidence overrides locks; prior completed ticks persist.,,,,False,parallel_step_audit.json
epicmounts:sections[1].pieces[5],epicmounts,sections[1].pieces[5],1_5_piece,piece,True,"Buy a Swift Steed from Katie Hunter (Eastvale Logging Camp, Elwynn Forest)",withheld,[],"[""epicmounts:sections[1].pieces[2]""]","{""forFaction"": ""Alliance"", ""sameCharacterRequired"": true, ""forRace"": null, ""faction"": null}",low_purchase_gate,"[""https://github.com/karl-neiswender/ForeverGoalTracker/blob/main/Data.lua"", ""https://www.wowhead.com/classic/item=18774/swift-yellow-mechanostrider""]","HOLD hard lock. Current level/riding milestones describe USE/preparation, not proven purchase gates. Classic racial riding/race exceptions differ from existing generic detector; same character needed. Savings estimate never a hard purchase prerequisite.",,"[{""race"": ""Human"", ""conditional"": ""Current client purchase eligibility must be verified"", ""kind"": ""nativeRace"", ""relation"": ""OR""}]",,False,parallel_step_audit.json
epicmounts:sections[2].pieces[1],epicmounts,sections[2].pieces[1],2_1_piece,piece,True,Level a Alliance character to level 60,no_lock,[],[],"{""forFaction"": ""Alliance"", ""sameCharacterRequired"": false, ""forRace"": null, ""faction"": null}",high,"[""https://github.com/karl-neiswender/ForeverGoalTracker/blob/main/Data.lua""]",Independent objective or cumulative milestone; do not chain adjacent rows. Auto evidence overrides locks; prior completed ticks persist.,,,,False,parallel_step_audit.json
epicmounts:sections[2].pieces[2],epicmounts,sections[2].pieces[2],2_2_piece,piece,True,Reach Exalted with Ironforge (optional for Dwarves),no_lock,[],[],"{""forFaction"": ""Alliance"", ""sameCharacterRequired"": false, ""forRace"": null, ""faction"": null}",high,"[""https://github.com/karl-neiswender/ForeverGoalTracker/blob/main/Data.lua""]","Independent reputation work; native race skipIfRace must count as satisfied, not unseen unmet prerequisite.",,,,False,parallel_step_audit.json
epicmounts:sections[2].pieces[3],epicmounts,sections[2].pieces[3],2_3_piece,piece,True,Train Journeyman Riding from your riding trainer,withheld,[],[],"{""forFaction"": ""Alliance"", ""sameCharacterRequired"": true, ""forRace"": null, ""faction"": null}",low_purchase_gate,"[""https://github.com/karl-neiswender/ForeverGoalTracker/blob/main/Data.lua"", ""https://www.wowhead.com/classic/item=18774/swift-yellow-mechanostrider""]","HOLD hard lock. Current level/riding milestones describe USE/preparation, not proven purchase gates. Classic racial riding/race exceptions differ from existing generic detector; same character needed. Savings estimate never a hard purchase prerequisite.",,,,False,parallel_step_audit.json
epicmounts:sections[2].pieces[4],epicmounts,sections[2].pieces[4],2_4_piece,piece,True,"Save about 800-1,000 gold on that character",no_lock,[],[],"{""forFaction"": ""Alliance"", ""sameCharacterRequired"": false, ""forRace"": null, ""faction"": null}",high,"[""https://github.com/karl-neiswender/ForeverGoalTracker/blob/main/Data.lua""]",Independent objective or cumulative milestone; do not chain adjacent rows. Auto evidence overrides locks; prior completed ticks persist.,,,,False,parallel_step_audit.json
epicmounts:sections[2].pieces[5],epicmounts,sections[2].pieces[5],2_5_piece,piece,True,"Buy a Swift Ram from Veron Amberstill (Amberstill Ranch, Dun Morogh)",withheld,[],"[""epicmounts:sections[2].pieces[2]""]","{""forFaction"": ""Alliance"", ""sameCharacterRequired"": true, ""forRace"": null, ""faction"": null}",low_purchase_gate,"[""https://github.com/karl-neiswender/ForeverGoalTracker/blob/main/Data.lua"", ""https://www.wowhead.com/classic/item=18774/swift-yellow-mechanostrider""]","HOLD hard lock. Current level/riding milestones describe USE/preparation, not proven purchase gates. Classic racial riding/race exceptions differ from existing generic detector; same character needed. Savings estimate never a hard purchase prerequisite.",,"[{""race"": ""Dwarf"", ""conditional"": ""Current client purchase eligibility must be verified"", ""kind"": ""nativeRace"", ""relation"": ""OR""}]",,False,parallel_step_audit.json
epicmounts:sections[3].pieces[1],epicmounts,sections[3].pieces[1],3_1_piece,piece,True,Level a Alliance character to level 60,no_lock,[],[],"{""forFaction"": ""Alliance"", ""sameCharacterRequired"": false, ""forRace"": null, ""faction"": null}",high,"[""https://github.com/karl-neiswender/ForeverGoalTracker/blob/main/Data.lua""]",Independent objective or cumulative milestone; do not chain adjacent rows. Auto evidence overrides locks; prior completed ticks persist.,,,,False,parallel_step_audit.json
epicmounts:sections[3].pieces[2],epicmounts,sections[3].pieces[2],3_2_piece,piece,True,Reach Exalted with Darnassus (optional for Night Elves),no_lock,[],[],"{""forFaction"": ""Alliance"", ""sameCharacterRequired"": false, ""forRace"": null, ""faction"": null}",high,"[""https://github.com/karl-neiswender/ForeverGoalTracker/blob/main/Data.lua""]","Independent reputation work; native race skipIfRace must count as satisfied, not unseen unmet prerequisite.",,,,False,parallel_step_audit.json
epicmounts:sections[3].pieces[3],epicmounts,sections[3].pieces[3],3_3_piece,piece,True,Train Journeyman Riding from your riding trainer,withheld,[],[],"{""forFaction"": ""Alliance"", ""sameCharacterRequired"": true, ""forRace"": null, ""faction"": null}",low_purchase_gate,"[""https://github.com/karl-neiswender/ForeverGoalTracker/blob/main/Data.lua"", ""https://www.wowhead.com/classic/item=18774/swift-yellow-mechanostrider""]","HOLD hard lock. Current level/riding milestones describe USE/preparation, not proven purchase gates. Classic racial riding/race exceptions differ from existing generic detector; same character needed. Savings estimate never a hard purchase prerequisite.",,,,False,parallel_step_audit.json
epicmounts:sections[3].pieces[4],epicmounts,sections[3].pieces[4],3_4_piece,piece,True,"Save about 800-1,000 gold on that character",no_lock,[],[],"{""forFaction"": ""Alliance"", ""sameCharacterRequired"": false, ""forRace"": null, ""faction"": null}",high,"[""https://github.com/karl-neiswender/ForeverGoalTracker/blob/main/Data.lua""]",Independent objective or cumulative milestone; do not chain adjacent rows. Auto evidence overrides locks; prior completed ticks persist.,,,,False,parallel_step_audit.json
epicmounts:sections[3].pieces[5],epicmounts,sections[3].pieces[5],3_5_piece,piece,True,"Buy a Swift Saber from Lelanai (Cenarion Enclave, Darnassus)",withheld,[],"[""epicmounts:sections[3].pieces[2]""]","{""forFaction"": ""Alliance"", ""sameCharacterRequired"": true, ""forRace"": null, ""faction"": null}",low_purchase_gate,"[""https://github.com/karl-neiswender/ForeverGoalTracker/blob/main/Data.lua"", ""https://www.wowhead.com/classic/item=18774/swift-yellow-mechanostrider""]","HOLD hard lock. Current level/riding milestones describe USE/preparation, not proven purchase gates. Classic racial riding/race exceptions differ from existing generic detector; same character needed. Savings estimate never a hard purchase prerequisite.",,"[{""race"": ""NightElf"", ""conditional"": ""Current client purchase eligibility must be verified"", ""kind"": ""nativeRace"", ""relation"": ""OR""}]",,False,parallel_step_audit.json
epicmounts:sections[4].pieces[1],epicmounts,sections[4].pieces[1],4_1_piece,piece,True,Level a Alliance character to level 60,no_lock,[],[],"{""forFaction"": ""Alliance"", ""sameCharacterRequired"": false, ""forRace"": null, ""faction"": null}",high,"[""https://github.com/karl-neiswender/ForeverGoalTracker/blob/main/Data.lua""]",Independent objective or cumulative milestone; do not chain adjacent rows. Auto evidence overrides locks; prior completed ticks persist.,,,,False,parallel_step_audit.json
epicmounts:sections[4].pieces[2],epicmounts,sections[4].pieces[2],4_2_piece,piece,True,Reach Exalted with Gnomeregan Exiles (optional for Gnomes),no_lock,[],[],"{""forFaction"": ""Alliance"", ""sameCharacterRequired"": false, ""forRace"": null, ""faction"": null}",high,"[""https://github.com/karl-neiswender/ForeverGoalTracker/blob/main/Data.lua""]","Independent reputation work; native race skipIfRace must count as satisfied, not unseen unmet prerequisite.",,,,False,parallel_step_audit.json
epicmounts:sections[4].pieces[3],epicmounts,sections[4].pieces[3],4_3_piece,piece,True,Train Journeyman Riding from your riding trainer,withheld,[],[],"{""forFaction"": ""Alliance"", ""sameCharacterRequired"": true, ""forRace"": null, ""faction"": null}",low_purchase_gate,"[""https://github.com/karl-neiswender/ForeverGoalTracker/blob/main/Data.lua"", ""https://www.wowhead.com/classic/item=18774/swift-yellow-mechanostrider""]","HOLD hard lock. Current level/riding milestones describe USE/preparation, not proven purchase gates. Classic racial riding/race exceptions differ from existing generic detector; same character needed. Savings estimate never a hard purchase prerequisite.",,,,False,parallel_step_audit.json
epicmounts:sections[4].pieces[4],epicmounts,sections[4].pieces[4],4_4_piece,piece,True,"Save about 800-1,000 gold on that character",no_lock,[],[],"{""forFaction"": ""Alliance"", ""sameCharacterRequired"": false, ""forRace"": null, ""faction"": null}",high,"[""https://github.com/karl-neiswender/ForeverGoalTracker/blob/main/Data.lua""]",Independent objective or cumulative milestone; do not chain adjacent rows. Auto evidence overrides locks; prior completed ticks persist.,,,,False,parallel_step_audit.json
epicmounts:sections[4].pieces[5],epicmounts,sections[4].pieces[5],4_5_piece,piece,True,"Buy a Swift Mechanostrider from Milli Featherwhistle (Kharanos, Dun Morogh)",withheld,[],"[""epicmounts:sections[4].pieces[2]""]","{""forFaction"": ""Alliance"", ""sameCharacterRequired"": true, ""forRace"": null, ""faction"": null}",low_purchase_gate,"[""https://github.com/karl-neiswender/ForeverGoalTracker/blob/main/Data.lua"", ""https://www.wowhead.com/classic/item=18774/swift-yellow-mechanostrider""]","HOLD hard lock. Current level/riding milestones describe USE/preparation, not proven purchase gates. Classic racial riding/race exceptions differ from existing generic detector; same character needed. Savings estimate never a hard purchase prerequisite.",,"[{""race"": ""Gnome"", ""conditional"": ""Current client purchase eligibility must be verified"", ""kind"": ""nativeRace"", ""relation"": ""OR""}]",,False,parallel_step_audit.json
epicmounts:sections[5].pieces[1],epicmounts,sections[5].pieces[1],5_1_piece,piece,True,Level a Horde character to level 60,no_lock,[],[],"{""forFaction"": ""Horde"", ""sameCharacterRequired"": false, ""forRace"": null, ""faction"": null}",high,"[""https://github.com/karl-neiswender/ForeverGoalTracker/blob/main/Data.lua""]",Independent objective or cumulative milestone; do not chain adjacent rows. Auto evidence overrides locks; prior completed ticks persist.,,,,False,parallel_step_audit.json
epicmounts:sections[5].pieces[2],epicmounts,sections[5].pieces[2],5_2_piece,piece,True,Reach Exalted with Orgrimmar (optional for Orcs),no_lock,[],[],"{""forFaction"": ""Horde"", ""sameCharacterRequired"": false, ""forRace"": null, ""faction"": null}",high,"[""https://github.com/karl-neiswender/ForeverGoalTracker/blob/main/Data.lua""]","Independent reputation work; native race skipIfRace must count as satisfied, not unseen unmet prerequisite.",,,,False,parallel_step_audit.json
epicmounts:sections[5].pieces[3],epicmounts,sections[5].pieces[3],5_3_piece,piece,True,Train Journeyman Riding from your riding trainer,withheld,[],[],"{""forFaction"": ""Horde"", ""sameCharacterRequired"": true, ""forRace"": null, ""faction"": null}",low_purchase_gate,"[""https://github.com/karl-neiswender/ForeverGoalTracker/blob/main/Data.lua"", ""https://www.wowhead.com/classic/item=18774/swift-yellow-mechanostrider""]","HOLD hard lock. Current level/riding milestones describe USE/preparation, not proven purchase gates. Classic racial riding/race exceptions differ from existing generic detector; same character needed. Savings estimate never a hard purchase prerequisite.",,,,False,parallel_step_audit.json
epicmounts:sections[5].pieces[4],epicmounts,sections[5].pieces[4],5_4_piece,piece,True,"Save about 800-1,000 gold on that character",no_lock,[],[],"{""forFaction"": ""Horde"", ""sameCharacterRequired"": false, ""forRace"": null, ""faction"": null}",high,"[""https://github.com/karl-neiswender/ForeverGoalTracker/blob/main/Data.lua""]",Independent objective or cumulative milestone; do not chain adjacent rows. Auto evidence overrides locks; prior completed ticks persist.,,,,False,parallel_step_audit.json
epicmounts:sections[5].pieces[5],epicmounts,sections[5].pieces[5],5_5_piece,piece,True,"Buy a Swift Wolf from Ogunaro Wolfrunner (Valley of Honor, Orgrimmar)",withheld,[],"[""epicmounts:sections[5].pieces[2]""]","{""forFaction"": ""Horde"", ""sameCharacterRequired"": true, ""forRace"": null, ""faction"": null}",low_purchase_gate,"[""https://github.com/karl-neiswender/ForeverGoalTracker/blob/main/Data.lua"", ""https://www.wowhead.com/classic/item=18774/swift-yellow-mechanostrider""]","HOLD hard lock. Current level/riding milestones describe USE/preparation, not proven purchase gates. Classic racial riding/race exceptions differ from existing generic detector; same character needed. Savings estimate never a hard purchase prerequisite.",,"[{""race"": ""Orc"", ""conditional"": ""Current client purchase eligibility must be verified"", ""kind"": ""nativeRace"", ""relation"": ""OR""}]",,False,parallel_step_audit.json
epicmounts:sections[6].pieces[1],epicmounts,sections[6].pieces[1],6_1_piece,piece,True,Level a Horde character to level 60,no_lock,[],[],"{""forFaction"": ""Horde"", ""sameCharacterRequired"": false, ""forRace"": null, ""faction"": null}",high,"[""https://github.com/karl-neiswender/ForeverGoalTracker/blob/main/Data.lua""]",Independent objective or cumulative milestone; do not chain adjacent rows. Auto evidence overrides locks; prior completed ticks persist.,,,,False,parallel_step_audit.json
epicmounts:sections[6].pieces[2],epicmounts,sections[6].pieces[2],6_2_piece,piece,True,Reach Exalted with Thunder Bluff (optional for Tauren),no_lock,[],[],"{""forFaction"": ""Horde"", ""sameCharacterRequired"": false, ""forRace"": null, ""faction"": null}",high,"[""https://github.com/karl-neiswender/ForeverGoalTracker/blob/main/Data.lua""]","Independent reputation work; native race skipIfRace must count as satisfied, not unseen unmet prerequisite.",,,,False,parallel_step_audit.json
epicmounts:sections[6].pieces[3],epicmounts,sections[6].pieces[3],6_3_piece,piece,True,Train Journeyman Riding from your riding trainer,withheld,[],[],"{""forFaction"": ""Horde"", ""sameCharacterRequired"": true, ""forRace"": null, ""faction"": null}",low_purchase_gate,"[""https://github.com/karl-neiswender/ForeverGoalTracker/blob/main/Data.lua"", ""https://www.wowhead.com/classic/item=18774/swift-yellow-mechanostrider""]","HOLD hard lock. Current level/riding milestones describe USE/preparation, not proven purchase gates. Classic racial riding/race exceptions differ from existing generic detector; same character needed. Savings estimate never a hard purchase prerequisite.",,,,False,parallel_step_audit.json
epicmounts:sections[6].pieces[4],epicmounts,sections[6].pieces[4],6_4_piece,piece,True,"Save about 800-1,000 gold on that character",no_lock,[],[],"{""forFaction"": ""Horde"", ""sameCharacterRequired"": false, ""forRace"": null, ""faction"": null}",high,"[""https://github.com/karl-neiswender/ForeverGoalTracker/blob/main/Data.lua""]",Independent objective or cumulative milestone; do not chain adjacent rows. Auto evidence overrides locks; prior completed ticks persist.,,,,False,parallel_step_audit.json
epicmounts:sections[6].pieces[5],epicmounts,sections[6].pieces[5],6_5_piece,piece,True,"Buy a Great Kodo from Harb Clawhoof (Bloodhoof Village, Mulgore)",withheld,[],"[""epicmounts:sections[6].pieces[2]""]","{""forFaction"": ""Horde"", ""sameCharacterRequired"": true, ""forRace"": null, ""faction"": null}",low_purchase_gate,"[""https://github.com/karl-neiswender/ForeverGoalTracker/blob/main/Data.lua"", ""https://www.wowhead.com/classic/item=18774/swift-yellow-mechanostrider""]","HOLD hard lock. Current level/riding milestones describe USE/preparation, not proven purchase gates. Classic racial riding/race exceptions differ from existing generic detector; same character needed. Savings estimate never a hard purchase prerequisite.",,"[{""race"": ""Tauren"", ""conditional"": ""Current client purchase eligibility must be verified"", ""kind"": ""nativeRace"", ""relation"": ""OR""}]",,False,parallel_step_audit.json
epicmounts:sections[7].pieces[1],epicmounts,sections[7].pieces[1],7_1_piece,piece,True,Level a Horde character to level 60,no_lock,[],[],"{""forFaction"": ""Horde"", ""sameCharacterRequired"": false, ""forRace"": null, ""faction"": null}",high,"[""https://github.com/karl-neiswender/ForeverGoalTracker/blob/main/Data.lua""]",Independent objective or cumulative milestone; do not chain adjacent rows. Auto evidence overrides locks; prior completed ticks persist.,,,,False,parallel_step_audit.json
epicmounts:sections[7].pieces[2],epicmounts,sections[7].pieces[2],7_2_piece,piece,True,Reach Exalted with Undercity (optional for Undead),no_lock,[],[],"{""forFaction"": ""Horde"", ""sameCharacterRequired"": false, ""forRace"": null, ""faction"": null}",high,"[""https://github.com/karl-neiswender/ForeverGoalTracker/blob/main/Data.lua""]","Independent reputation work; native race skipIfRace must count as satisfied, not unseen unmet prerequisite.",,,,False,parallel_step_audit.json
epicmounts:sections[7].pieces[3],epicmounts,sections[7].pieces[3],7_3_piece,piece,True,Train Journeyman Riding from your riding trainer,withheld,[],[],"{""forFaction"": ""Horde"", ""sameCharacterRequired"": true, ""forRace"": null, ""faction"": null}",low_purchase_gate,"[""https://github.com/karl-neiswender/ForeverGoalTracker/blob/main/Data.lua"", ""https://www.wowhead.com/classic/item=18774/swift-yellow-mechanostrider""]","HOLD hard lock. Current level/riding milestones describe USE/preparation, not proven purchase gates. Classic racial riding/race exceptions differ from existing generic detector; same character needed. Savings estimate never a hard purchase prerequisite.",,,,False,parallel_step_audit.json
epicmounts:sections[7].pieces[4],epicmounts,sections[7].pieces[4],7_4_piece,piece,True,"Save about 800-1,000 gold on that character",no_lock,[],[],"{""forFaction"": ""Horde"", ""sameCharacterRequired"": false, ""forRace"": null, ""faction"": null}",high,"[""https://github.com/karl-neiswender/ForeverGoalTracker/blob/main/Data.lua""]",Independent objective or cumulative milestone; do not chain adjacent rows. Auto evidence overrides locks; prior completed ticks persist.,,,,False,parallel_step_audit.json
epicmounts:sections[7].pieces[5],epicmounts,sections[7].pieces[5],7_5_piece,piece,True,"Buy a Skeletal Warhorse from Zachariah Post (Brill, Tirisfal Glades)",withheld,[],"[""epicmounts:sections[7].pieces[2]""]","{""forFaction"": ""Horde"", ""sameCharacterRequired"": true, ""forRace"": null, ""faction"": null}",low_purchase_gate,"[""https://github.com/karl-neiswender/ForeverGoalTracker/blob/main/Data.lua"", ""https://www.wowhead.com/classic/item=18774/swift-yellow-mechanostrider""]","HOLD hard lock. Current level/riding milestones describe USE/preparation, not proven purchase gates. Classic racial riding/race exceptions differ from existing generic detector; same character needed. Savings estimate never a hard purchase prerequisite.",,"[{""race"": ""Scourge"", ""conditional"": ""Current client purchase eligibility must be verified"", ""kind"": ""nativeRace"", ""relation"": ""OR""}]",,False,parallel_step_audit.json
epicmounts:sections[8].pieces[1],epicmounts,sections[8].pieces[1],8_1_piece,piece,True,Level a Horde character to level 60,no_lock,[],[],"{""forFaction"": ""Horde"", ""sameCharacterRequired"": false, ""forRace"": null, ""faction"": null}",high,"[""https://github.com/karl-neiswender/ForeverGoalTracker/blob/main/Data.lua""]",Independent objective or cumulative milestone; do not chain adjacent rows. Auto evidence overrides locks; prior completed ticks persist.,,,,False,parallel_step_audit.json
epicmounts:sections[8].pieces[2],epicmounts,sections[8].pieces[2],8_2_piece,piece,True,Reach Exalted with the Darkspear Trolls (optional for Trolls),no_lock,[],[],"{""forFaction"": ""Horde"", ""sameCharacterRequired"": false, ""forRace"": null, ""faction"": null}",high,"[""https://github.com/karl-neiswender/ForeverGoalTracker/blob/main/Data.lua""]","Independent reputation work; native race skipIfRace must count as satisfied, not unseen unmet prerequisite.",,,,False,parallel_step_audit.json
epicmounts:sections[8].pieces[3],epicmounts,sections[8].pieces[3],8_3_piece,piece,True,Train Journeyman Riding from your riding trainer,withheld,[],[],"{""forFaction"": ""Horde"", ""sameCharacterRequired"": true, ""forRace"": null, ""faction"": null}",low_purchase_gate,"[""https://github.com/karl-neiswender/ForeverGoalTracker/blob/main/Data.lua"", ""https://www.wowhead.com/classic/item=18774/swift-yellow-mechanostrider""]","HOLD hard lock. Current level/riding milestones describe USE/preparation, not proven purchase gates. Classic racial riding/race exceptions differ from existing generic detector; same character needed. Savings estimate never a hard purchase prerequisite.",,,,False,parallel_step_audit.json
epicmounts:sections[8].pieces[4],epicmounts,sections[8].pieces[4],8_4_piece,piece,True,"Save about 800-1,000 gold on that character",no_lock,[],[],"{""forFaction"": ""Horde"", ""sameCharacterRequired"": false, ""forRace"": null, ""faction"": null}",high,"[""https://github.com/karl-neiswender/ForeverGoalTracker/blob/main/Data.lua""]",Independent objective or cumulative milestone; do not chain adjacent rows. Auto evidence overrides locks; prior completed ticks persist.,,,,False,parallel_step_audit.json
epicmounts:sections[8].pieces[5],epicmounts,sections[8].pieces[5],8_5_piece,piece,True,"Buy a Swift Raptor from Zjolnir (Sen'jin Village, Durotar)",withheld,[],"[""epicmounts:sections[8].pieces[2]""]","{""forFaction"": ""Horde"", ""sameCharacterRequired"": true, ""forRace"": null, ""faction"": null}",low_purchase_gate,"[""https://github.com/karl-neiswender/ForeverGoalTracker/blob/main/Data.lua"", ""https://www.wowhead.com/classic/item=18774/swift-yellow-mechanostrider""]","HOLD hard lock. Current level/riding milestones describe USE/preparation, not proven purchase gates. Classic racial riding/race exceptions differ from existing generic detector; same character needed. Savings estimate never a hard purchase prerequisite.",,"[{""race"": ""Troll"", ""conditional"": ""Current client purchase eligibility must be verified"", ""kind"": ""nativeRace"", ""relation"": ""OR""}]",,False,parallel_step_audit.json
epicmounts:sections[9].pieces[1],epicmounts,sections[9].pieces[1],9_1_piece,piece,True,Level a Skyborne character to level 60,no_lock,[],[],"{""forFaction"": null, ""sameCharacterRequired"": false, ""forRace"": null, ""faction"": null}",high,"[""https://github.com/karl-neiswender/ForeverGoalTracker/blob/main/Data.lua"", ""https://www.wowhead.com/forever/item=269671/swift-empyrean-galestrider""]",Independent objective or cumulative milestone; do not chain adjacent rows. Auto evidence overrides locks; prior completed ticks persist. Skyborne restriction belongs to current detector; item is account-wide. No new-build trainer eligibility verified.,,,,False,parallel_step_audit.json
epicmounts:sections[9].pieces[2],epicmounts,sections[9].pieces[2],9_2_piece,piece,True,Train Journeyman Riding from your riding trainer,withheld,[],[],"{""forFaction"": null, ""sameCharacterRequired"": true, ""forRace"": ""Skyborne"", ""faction"": null}",low_purchase_gate,"[""https://github.com/karl-neiswender/ForeverGoalTracker/blob/main/Data.lua"", ""https://www.wowhead.com/classic/item=18774/swift-yellow-mechanostrider"", ""https://www.wowhead.com/forever/item=269671/swift-empyrean-galestrider""]","HOLD hard lock. Current level/riding milestones describe USE/preparation, not proven purchase gates. Classic racial riding/race exceptions differ from existing generic detector; same character needed. Savings estimate never a hard purchase prerequisite. Skyborne restriction belongs to current detector; item is account-wide. No new-build trainer eligibility verified.",,,,False,parallel_step_audit.json
epicmounts:sections[9].pieces[3],epicmounts,sections[9].pieces[3],9_3_piece,piece,True,"Save about 1,200 gold on that character",no_lock,[],[],"{""forFaction"": null, ""sameCharacterRequired"": false, ""forRace"": ""Skyborne"", ""faction"": null}",high,"[""https://github.com/karl-neiswender/ForeverGoalTracker/blob/main/Data.lua"", ""https://www.wowhead.com/forever/item=269671/swift-empyrean-galestrider""]",Independent objective or cumulative milestone; do not chain adjacent rows. Auto evidence overrides locks; prior completed ticks persist. Skyborne restriction belongs to current detector; item is account-wide. No new-build trainer eligibility verified.,,,,False,parallel_step_audit.json
epicmounts:sections[9].pieces[4],epicmounts,sections[9].pieces[4],9_4_piece,piece,True,Buy a Swift Galestrider from Genn Fairweather (Zephras Isle),withheld,[],[],"{""forFaction"": null, ""sameCharacterRequired"": true, ""forRace"": ""Skyborne"", ""faction"": null}",low_purchase_gate,"[""https://github.com/karl-neiswender/ForeverGoalTracker/blob/main/Data.lua"", ""https://www.wowhead.com/classic/item=18774/swift-yellow-mechanostrider"", ""https://www.wowhead.com/forever/item=269671/swift-empyrean-galestrider""]","HOLD hard lock. Current level/riding milestones describe USE/preparation, not proven purchase gates. Classic racial riding/race exceptions differ from existing generic detector; same character needed. Savings estimate never a hard purchase prerequisite. Skyborne restriction belongs to current detector; item is account-wide. No new-build trainer eligibility verified.",,,,False,parallel_step_audit.json
allclasses:steps[1],allclasses,steps[1],1,step,True,Warrior,no_lock,[],[],"{""forFaction"": null, ""sameCharacterRequired"": false, ""forRace"": null, ""faction"": null}",high,"[""https://github.com/karl-neiswender/ForeverGoalTracker/blob/main/Data.lua""]",Independent objective or cumulative milestone; do not chain adjacent rows. Auto evidence overrides locks; prior completed ticks persist.,,,,False,parallel_step_audit.json
allclasses:steps[2],allclasses,steps[2],2,step,True,Paladin,no_lock,[],[],"{""forFaction"": null, ""sameCharacterRequired"": false, ""forRace"": null, ""faction"": null}",high,"[""https://github.com/karl-neiswender/ForeverGoalTracker/blob/main/Data.lua""]",Independent objective or cumulative milestone; do not chain adjacent rows. Auto evidence overrides locks; prior completed ticks persist.,,,,False,parallel_step_audit.json
allclasses:steps[3],allclasses,steps[3],3,step,True,Hunter,no_lock,[],[],"{""forFaction"": null, ""sameCharacterRequired"": false, ""forRace"": null, ""faction"": null}",high,"[""https://github.com/karl-neiswender/ForeverGoalTracker/blob/main/Data.lua""]",Independent objective or cumulative milestone; do not chain adjacent rows. Auto evidence overrides locks; prior completed ticks persist.,,,,False,parallel_step_audit.json
allclasses:steps[4],allclasses,steps[4],4,step,True,Rogue,no_lock,[],[],"{""forFaction"": null, ""sameCharacterRequired"": false, ""forRace"": null, ""faction"": null}",high,"[""https://github.com/karl-neiswender/ForeverGoalTracker/blob/main/Data.lua""]",Independent objective or cumulative milestone; do not chain adjacent rows. Auto evidence overrides locks; prior completed ticks persist.,,,,False,parallel_step_audit.json
allclasses:steps[5],allclasses,steps[5],5,step,True,Priest,no_lock,[],[],"{""forFaction"": null, ""sameCharacterRequired"": false, ""forRace"": null, ""faction"": null}",high,"[""https://github.com/karl-neiswender/ForeverGoalTracker/blob/main/Data.lua""]",Independent objective or cumulative milestone; do not chain adjacent rows. Auto evidence overrides locks; prior completed ticks persist.,,,,False,parallel_step_audit.json
allclasses:steps[6],allclasses,steps[6],6,step,True,Shaman,no_lock,[],[],"{""forFaction"": null, ""sameCharacterRequired"": false, ""forRace"": null, ""faction"": null}",high,"[""https://github.com/karl-neiswender/ForeverGoalTracker/blob/main/Data.lua""]",Independent objective or cumulative milestone; do not chain adjacent rows. Auto evidence overrides locks; prior completed ticks persist.,,,,False,parallel_step_audit.json
allclasses:steps[7],allclasses,steps[7],7,step,True,Mage,no_lock,[],[],"{""forFaction"": null, ""sameCharacterRequired"": false, ""forRace"": null, ""faction"": null}",high,"[""https://github.com/karl-neiswender/ForeverGoalTracker/blob/main/Data.lua""]",Independent objective or cumulative milestone; do not chain adjacent rows. Auto evidence overrides locks; prior completed ticks persist.,,,,False,parallel_step_audit.json
allclasses:steps[8],allclasses,steps[8],8,step,True,Warlock,no_lock,[],[],"{""forFaction"": null, ""sameCharacterRequired"": false, ""forRace"": null, ""faction"": null}",high,"[""https://github.com/karl-neiswender/ForeverGoalTracker/blob/main/Data.lua""]",Independent objective or cumulative milestone; do not chain adjacent rows. Auto evidence overrides locks; prior completed ticks persist.,,,,False,parallel_step_audit.json
allclasses:steps[9],allclasses,steps[9],9,step,True,Druid,no_lock,[],[],"{""forFaction"": null, ""sameCharacterRequired"": false, ""forRace"": null, ""faction"": null}",high,"[""https://github.com/karl-neiswender/ForeverGoalTracker/blob/main/Data.lua""]",Independent objective or cumulative milestone; do not chain adjacent rows. Auto evidence overrides locks; prior completed ticks persist.,,,,False,parallel_step_audit.json
rep_timbermaw:steps[1],rep_timbermaw,steps[1],1,step,True,Reach Friendly.,no_lock,[],[],"{""forFaction"": null, ""sameCharacterRequired"": false, ""forRace"": null, ""faction"": null}",high,"[""https://github.com/karl-neiswender/ForeverGoalTracker/blob/main/Library.lua""]",Independent objective or cumulative milestone; do not chain adjacent rows. Auto evidence overrides locks; prior completed ticks persist.,,,,False,parallel_step_audit.json
rep_timbermaw:steps[2],rep_timbermaw,steps[2],2,step,True,Reach Honored.,no_lock,[],[],"{""forFaction"": null, ""sameCharacterRequired"": false, ""forRace"": null, ""faction"": null}",high,"[""https://github.com/karl-neiswender/ForeverGoalTracker/blob/main/Library.lua""]",Independent objective or cumulative milestone; do not chain adjacent rows. Auto evidence overrides locks; prior completed ticks persist.,,,,False,parallel_step_audit.json
rep_timbermaw:steps[3],rep_timbermaw,steps[3],3,step,True,Reach Revered.,no_lock,[],[],"{""forFaction"": null, ""sameCharacterRequired"": false, ""forRace"": null, ""faction"": null}",high,"[""https://github.com/karl-neiswender/ForeverGoalTracker/blob/main/Library.lua""]",Independent objective or cumulative milestone; do not chain adjacent rows. Auto evidence overrides locks; prior completed ticks persist.,,,,False,parallel_step_audit.json
rep_timbermaw:steps[4],rep_timbermaw,steps[4],4,step,True,Reach Exalted.,no_lock,[],[],"{""forFaction"": null, ""sameCharacterRequired"": false, ""forRace"": null, ""faction"": null}",high,"[""https://github.com/karl-neiswender/ForeverGoalTracker/blob/main/Library.lua""]",Independent objective or cumulative milestone; do not chain adjacent rows. Auto evidence overrides locks; prior completed ticks persist.,,,,False,parallel_step_audit.json
rep_thorium:steps[1],rep_thorium,steps[1],1,step,True,Reach Friendly.,no_lock,[],[],"{""forFaction"": null, ""sameCharacterRequired"": false, ""forRace"": null, ""faction"": null}",high,"[""https://github.com/karl-neiswender/ForeverGoalTracker/blob/main/Library.lua""]",Independent objective or cumulative milestone; do not chain adjacent rows. Auto evidence overrides locks; prior completed ticks persist.,,,,False,parallel_step_audit.json
rep_thorium:steps[2],rep_thorium,steps[2],2,step,True,Reach Honored.,no_lock,[],[],"{""forFaction"": null, ""sameCharacterRequired"": false, ""forRace"": null, ""faction"": null}",high,"[""https://github.com/karl-neiswender/ForeverGoalTracker/blob/main/Library.lua""]",Independent objective or cumulative milestone; do not chain adjacent rows. Auto evidence overrides locks; prior completed ticks persist.,,,,False,parallel_step_audit.json
rep_thorium:steps[3],rep_thorium,steps[3],3,step,True,Reach Revered.,no_lock,[],[],"{""forFaction"": null, ""sameCharacterRequired"": false, ""forRace"": null, ""faction"": null}",high,"[""https://github.com/karl-neiswender/ForeverGoalTracker/blob/main/Library.lua""]",Independent objective or cumulative milestone; do not chain adjacent rows. Auto evidence overrides locks; prior completed ticks persist.,,,,False,parallel_step_audit.json
rep_thorium:steps[4],rep_thorium,steps[4],4,step,True,Reach Exalted.,no_lock,[],[],"{""forFaction"": null, ""sameCharacterRequired"": false, ""forRace"": null, ""faction"": null}",high,"[""https://github.com/karl-neiswender/ForeverGoalTracker/blob/main/Library.lua""]",Independent objective or cumulative milestone; do not chain adjacent rows. Auto evidence overrides locks; prior completed ticks persist.,,,,False,parallel_step_audit.json
rep_argentdawn:steps[1],rep_argentdawn,steps[1],1,step,True,Reach Friendly.,no_lock,[],[],"{""forFaction"": null, ""sameCharacterRequired"": false, ""forRace"": null, ""faction"": null}",high,"[""https://github.com/karl-neiswender/ForeverGoalTracker/blob/main/Library.lua""]",Independent objective or cumulative milestone; do not chain adjacent rows. Auto evidence overrides locks; prior completed ticks persist.,,,,False,parallel_step_audit.json
rep_argentdawn:steps[2],rep_argentdawn,steps[2],2,step,True,Reach Honored.,no_lock,[],[],"{""forFaction"": null, ""sameCharacterRequired"": false, ""forRace"": null, ""faction"": null}",high,"[""https://github.com/karl-neiswender/ForeverGoalTracker/blob/main/Library.lua""]",Independent objective or cumulative milestone; do not chain adjacent rows. Auto evidence overrides locks; prior completed ticks persist.,,,,False,parallel_step_audit.json
rep_argentdawn:steps[3],rep_argentdawn,steps[3],3,step,True,Reach Revered.,no_lock,[],[],"{""forFaction"": null, ""sameCharacterRequired"": false, ""forRace"": null, ""faction"": null}",high,"[""https://github.com/karl-neiswender/ForeverGoalTracker/blob/main/Library.lua""]",Independent objective or cumulative milestone; do not chain adjacent rows. Auto evidence overrides locks; prior completed ticks persist.,,,,False,parallel_step_audit.json
rep_argentdawn:steps[4],rep_argentdawn,steps[4],4,step,True,Reach Exalted.,no_lock,[],[],"{""forFaction"": null, ""sameCharacterRequired"": false, ""forRace"": null, ""faction"": null}",high,"[""https://github.com/karl-neiswender/ForeverGoalTracker/blob/main/Library.lua""]",Independent objective or cumulative milestone; do not chain adjacent rows. Auto evidence overrides locks; prior completed ticks persist.,,,,False,parallel_step_audit.json
rep_cenarion:steps[1],rep_cenarion,steps[1],1,step,True,Reach Friendly.,no_lock,[],[],"{""forFaction"": null, ""sameCharacterRequired"": false, ""forRace"": null, ""faction"": null}",high,"[""https://github.com/karl-neiswender/ForeverGoalTracker/blob/main/Library.lua""]",Independent objective or cumulative milestone; do not chain adjacent rows. Auto evidence overrides locks; prior completed ticks persist.,,,,False,parallel_step_audit.json
rep_cenarion:steps[2],rep_cenarion,steps[2],2,step,True,Reach Honored.,no_lock,[],[],"{""forFaction"": null, ""sameCharacterRequired"": false, ""forRace"": null, ""faction"": null}",high,"[""https://github.com/karl-neiswender/ForeverGoalTracker/blob/main/Library.lua""]",Independent objective or cumulative milestone; do not chain adjacent rows. Auto evidence overrides locks; prior completed ticks persist.,,,,False,parallel_step_audit.json
rep_cenarion:steps[3],rep_cenarion,steps[3],3,step,True,Reach Revered.,no_lock,[],[],"{""forFaction"": null, ""sameCharacterRequired"": false, ""forRace"": null, ""faction"": null}",high,"[""https://github.com/karl-neiswender/ForeverGoalTracker/blob/main/Library.lua""]",Independent objective or cumulative milestone; do not chain adjacent rows. Auto evidence overrides locks; prior completed ticks persist.,,,,False,parallel_step_audit.json
rep_cenarion:steps[4],rep_cenarion,steps[4],4,step,True,Reach Exalted.,no_lock,[],[],"{""forFaction"": null, ""sameCharacterRequired"": false, ""forRace"": null, ""faction"": null}",high,"[""https://github.com/karl-neiswender/ForeverGoalTracker/blob/main/Library.lua""]",Independent objective or cumulative milestone; do not chain adjacent rows. Auto evidence overrides locks; prior completed ticks persist.,,,,False,parallel_step_audit.json
rep_zandalar:steps[1],rep_zandalar,steps[1],1,step,True,Reach Friendly.,no_lock,[],[],"{""forFaction"": null, ""sameCharacterRequired"": false, ""forRace"": null, ""faction"": null}",high,"[""https://github.com/karl-neiswender/ForeverGoalTracker/blob/main/Library.lua""]",Independent objective or cumulative milestone; do not chain adjacent rows. Auto evidence overrides locks; prior completed ticks persist.,,,,False,parallel_step_audit.json
rep_zandalar:steps[2],rep_zandalar,steps[2],2,step,True,Reach Honored.,no_lock,[],[],"{""forFaction"": null, ""sameCharacterRequired"": false, ""forRace"": null, ""faction"": null}",high,"[""https://github.com/karl-neiswender/ForeverGoalTracker/blob/main/Library.lua""]",Independent objective or cumulative milestone; do not chain adjacent rows. Auto evidence overrides locks; prior completed ticks persist.,,,,False,parallel_step_audit.json
rep_zandalar:steps[3],rep_zandalar,steps[3],3,step,True,Reach Revered.,no_lock,[],[],"{""forFaction"": null, ""sameCharacterRequired"": false, ""forRace"": null, ""faction"": null}",high,"[""https://github.com/karl-neiswender/ForeverGoalTracker/blob/main/Library.lua""]",Independent objective or cumulative milestone; do not chain adjacent rows. Auto evidence overrides locks; prior completed ticks persist.,,,,False,parallel_step_audit.json
rep_zandalar:steps[4],rep_zandalar,steps[4],4,step,True,Reach Exalted.,no_lock,[],[],"{""forFaction"": null, ""sameCharacterRequired"": false, ""forRace"": null, ""faction"": null}",high,"[""https://github.com/karl-neiswender/ForeverGoalTracker/blob/main/Library.lua""]",Independent objective or cumulative milestone; do not chain adjacent rows. Auto evidence overrides locks; prior completed ticks persist.,,,,False,parallel_step_audit.json
rep_hydraxian:steps[1],rep_hydraxian,steps[1],1,step,True,Reach Friendly.,no_lock,[],[],"{""forFaction"": null, ""sameCharacterRequired"": false, ""forRace"": null, ""faction"": null}",high,"[""https://github.com/karl-neiswender/ForeverGoalTracker/blob/main/Library.lua""]",Independent objective or cumulative milestone; do not chain adjacent rows. Auto evidence overrides locks; prior completed ticks persist.,,,,False,parallel_step_audit.json
rep_hydraxian:steps[2],rep_hydraxian,steps[2],2,step,True,Reach Honored.,no_lock,[],[],"{""forFaction"": null, ""sameCharacterRequired"": false, ""forRace"": null, ""faction"": null}",high,"[""https://github.com/karl-neiswender/ForeverGoalTracker/blob/main/Library.lua""]",Independent objective or cumulative milestone; do not chain adjacent rows. Auto evidence overrides locks; prior completed ticks persist.,,,,False,parallel_step_audit.json
rep_hydraxian:steps[3],rep_hydraxian,steps[3],3,step,True,Reach Revered.,no_lock,[],[],"{""forFaction"": null, ""sameCharacterRequired"": false, ""forRace"": null, ""faction"": null}",high,"[""https://github.com/karl-neiswender/ForeverGoalTracker/blob/main/Library.lua""]",Independent objective or cumulative milestone; do not chain adjacent rows. Auto evidence overrides locks; prior completed ticks persist.,,,,False,parallel_step_audit.json
rep_hydraxian:steps[4],rep_hydraxian,steps[4],4,step,True,Reach Exalted.,no_lock,[],[],"{""forFaction"": null, ""sameCharacterRequired"": false, ""forRace"": null, ""faction"": null}",high,"[""https://github.com/karl-neiswender/ForeverGoalTracker/blob/main/Library.lua""]",Independent objective or cumulative milestone; do not chain adjacent rows. Auto evidence overrides locks; prior completed ticks persist.,,,,False,parallel_step_audit.json
rep_nozdormu:steps[1],rep_nozdormu,steps[1],1,step,True,Reach Friendly.,no_lock,[],[],"{""forFaction"": null, ""sameCharacterRequired"": false, ""forRace"": null, ""faction"": null}",high,"[""https://github.com/karl-neiswender/ForeverGoalTracker/blob/main/Library.lua""]",Independent objective or cumulative milestone; do not chain adjacent rows. Auto evidence overrides locks; prior completed ticks persist.,,,,False,parallel_step_audit.json
rep_nozdormu:steps[2],rep_nozdormu,steps[2],2,step,True,Reach Honored.,no_lock,[],[],"{""forFaction"": null, ""sameCharacterRequired"": false, ""forRace"": null, ""faction"": null}",high,"[""https://github.com/karl-neiswender/ForeverGoalTracker/blob/main/Library.lua""]",Independent objective or cumulative milestone; do not chain adjacent rows. Auto evidence overrides locks; prior completed ticks persist.,,,,False,parallel_step_audit.json
rep_nozdormu:steps[3],rep_nozdormu,steps[3],3,step,True,Reach Revered.,no_lock,[],[],"{""forFaction"": null, ""sameCharacterRequired"": false, ""forRace"": null, ""faction"": null}",high,"[""https://github.com/karl-neiswender/ForeverGoalTracker/blob/main/Library.lua""]",Independent objective or cumulative milestone; do not chain adjacent rows. Auto evidence overrides locks; prior completed ticks persist.,,,,False,parallel_step_audit.json
rep_nozdormu:steps[4],rep_nozdormu,steps[4],4,step,True,Reach Exalted.,no_lock,[],[],"{""forFaction"": null, ""sameCharacterRequired"": false, ""forRace"": null, ""faction"": null}",high,"[""https://github.com/karl-neiswender/ForeverGoalTracker/blob/main/Library.lua""]",Independent objective or cumulative milestone; do not chain adjacent rows. Auto evidence overrides locks; prior completed ticks persist.,,,,False,parallel_step_audit.json
rep_ambassador_ally:steps[1],rep_ambassador_ally,steps[1],1,step,True,Reach Exalted with Stormwind.,no_lock,[],[],"{""forFaction"": ""Alliance"", ""sameCharacterRequired"": false, ""forRace"": null, ""faction"": ""Alliance""}",high,"[""https://github.com/karl-neiswender/ForeverGoalTracker/blob/main/Library.lua""]",Independent objective or cumulative milestone; do not chain adjacent rows. Auto evidence overrides locks; prior completed ticks persist.,,,,False,parallel_step_audit.json
rep_ambassador_ally:steps[2],rep_ambassador_ally,steps[2],2,step,True,Reach Exalted with Ironforge.,no_lock,[],[],"{""forFaction"": ""Alliance"", ""sameCharacterRequired"": false, ""forRace"": null, ""faction"": ""Alliance""}",high,"[""https://github.com/karl-neiswender/ForeverGoalTracker/blob/main/Library.lua""]",Independent objective or cumulative milestone; do not chain adjacent rows. Auto evidence overrides locks; prior completed ticks persist.,,,,False,parallel_step_audit.json
rep_ambassador_ally:steps[3],rep_ambassador_ally,steps[3],3,step,True,Reach Exalted with Darnassus.,no_lock,[],[],"{""forFaction"": ""Alliance"", ""sameCharacterRequired"": false, ""forRace"": null, ""faction"": ""Alliance""}",high,"[""https://github.com/karl-neiswender/ForeverGoalTracker/blob/main/Library.lua""]",Independent objective or cumulative milestone; do not chain adjacent rows. Auto evidence overrides locks; prior completed ticks persist.,,,,False,parallel_step_audit.json
rep_ambassador_ally:steps[4],rep_ambassador_ally,steps[4],4,step,True,Reach Exalted with Gnomeregan Exiles.,no_lock,[],[],"{""forFaction"": ""Alliance"", ""sameCharacterRequired"": false, ""forRace"": null, ""faction"": ""Alliance""}",high,"[""https://github.com/karl-neiswender/ForeverGoalTracker/blob/main/Library.lua""]",Independent objective or cumulative milestone; do not chain adjacent rows. Auto evidence overrides locks; prior completed ticks persist.,,,,False,parallel_step_audit.json
rep_ambassador_horde:steps[1],rep_ambassador_horde,steps[1],1,step,True,Reach Exalted with Orgrimmar.,no_lock,[],[],"{""forFaction"": ""Horde"", ""sameCharacterRequired"": false, ""forRace"": null, ""faction"": ""Horde""}",high,"[""https://github.com/karl-neiswender/ForeverGoalTracker/blob/main/Library.lua""]",Independent objective or cumulative milestone; do not chain adjacent rows. Auto evidence overrides locks; prior completed ticks persist.,,,,False,parallel_step_audit.json
rep_ambassador_horde:steps[2],rep_ambassador_horde,steps[2],2,step,True,Reach Exalted with Thunder Bluff.,no_lock,[],[],"{""forFaction"": ""Horde"", ""sameCharacterRequired"": false, ""forRace"": null, ""faction"": ""Horde""}",high,"[""https://github.com/karl-neiswender/ForeverGoalTracker/blob/main/Library.lua""]",Independent objective or cumulative milestone; do not chain adjacent rows. Auto evidence overrides locks; prior completed ticks persist.,,,,False,parallel_step_audit.json
rep_ambassador_horde:steps[3],rep_ambassador_horde,steps[3],3,step,True,Reach Exalted with Undercity.,no_lock,[],[],"{""forFaction"": ""Horde"", ""sameCharacterRequired"": false, ""forRace"": null, ""faction"": ""Horde""}",high,"[""https://github.com/karl-neiswender/ForeverGoalTracker/blob/main/Library.lua""]",Independent objective or cumulative milestone; do not chain adjacent rows. Auto evidence overrides locks; prior completed ticks persist.,,,,False,parallel_step_audit.json
rep_ambassador_horde:steps[4],rep_ambassador_horde,steps[4],4,step,True,Reach Exalted with the Darkspear Trolls.,no_lock,[],[],"{""forFaction"": ""Horde"", ""sameCharacterRequired"": false, ""forRace"": null, ""faction"": ""Horde""}",high,"[""https://github.com/karl-neiswender/ForeverGoalTracker/blob/main/Library.lua""]",Independent objective or cumulative milestone; do not chain adjacent rows. Auto evidence overrides locks; prior completed ticks persist.,,,,False,parallel_step_audit.json
mount_deathcharger:steps[1],mount_deathcharger,steps[1],1,step,True,Reach level 60.,no_lock,[],[],"{""forFaction"": null, ""sameCharacterRequired"": false, ""forRace"": null, ""faction"": null}",high,"[""https://github.com/karl-neiswender/ForeverGoalTracker/blob/main/Library.lua""]",Independent objective or cumulative milestone; do not chain adjacent rows. Auto evidence overrides locks; prior completed ticks persist.,,,,False,parallel_step_audit.json
mount_deathcharger:steps[2],mount_deathcharger,steps[2],2,step,True,Defeat Baron Rivendare in {key_strat:Stratholme}.,no_lock,[],[],"{""forFaction"": null, ""sameCharacterRequired"": false, ""forRace"": null, ""faction"": null}",high,"[""https://github.com/karl-neiswender/ForeverGoalTracker/blob/main/Library.lua""]",Independent objective or cumulative milestone; do not chain adjacent rows. Auto evidence overrides locks; prior completed ticks persist.,,,,False,parallel_step_audit.json
mount_deathcharger:steps[3],mount_deathcharger,steps[3],3,step,True,Loot Deathcharger's Reins from Baron Rivendare.,candidate,"[""mount_deathcharger:steps[2]""]",[],"{""forFaction"": null, ""sameCharacterRequired"": false, ""forRace"": null, ""faction"": null}",medium,"[""https://github.com/karl-neiswender/ForeverGoalTracker/blob/main/Library.lua"", ""https://www.wowhead.com/classic/item=13335/deathchargers-reins""]",Logical boss death before corpse loot; missed kill events must not block already-owned reward. Item/name evidence and completeWith override. Parsed source lacks structured current-build drop table.,,,,False,parallel_step_audit.json
mount_raptor:steps[1],mount_raptor,steps[1],1,step,True,Defeat Bloodlord Mandokir in {raid_zg:Zul'Gurub}.,no_lock,[],[],"{""forFaction"": null, ""sameCharacterRequired"": false, ""forRace"": null, ""faction"": null}",high,"[""https://github.com/karl-neiswender/ForeverGoalTracker/blob/main/Library.lua""]",Independent objective or cumulative milestone; do not chain adjacent rows. Auto evidence overrides locks; prior completed ticks persist.,,,,False,parallel_step_audit.json
mount_raptor:steps[2],mount_raptor,steps[2],2,step,True,Loot the Swift Razzashi Raptor from Bloodlord Mandokir.,candidate,"[""mount_raptor:steps[1]""]",[],"{""forFaction"": null, ""sameCharacterRequired"": false, ""forRace"": null, ""faction"": null}",medium,"[""https://github.com/karl-neiswender/ForeverGoalTracker/blob/main/Library.lua"", ""https://www.wowhead.com/classic/item=19872/swift-razzashi-raptor""]",Logical boss death before corpse loot; missed kill events must not block already-owned reward. Item/name evidence and completeWith override. Parsed source lacks structured current-build drop table.,,,,False,parallel_step_audit.json
mount_tiger:steps[1],mount_tiger,steps[1],1,step,True,Defeat High Priest Thekal in {raid_zg:Zul'Gurub}.,no_lock,[],[],"{""forFaction"": null, ""sameCharacterRequired"": false, ""forRace"": null, ""faction"": null}",high,"[""https://github.com/karl-neiswender/ForeverGoalTracker/blob/main/Library.lua""]",Independent objective or cumulative milestone; do not chain adjacent rows. Auto evidence overrides locks; prior completed ticks persist.,,,,False,parallel_step_audit.json
mount_tiger:steps[2],mount_tiger,steps[2],2,step,True,Loot the Swift Zulian Tiger from High Priest Thekal.,candidate,"[""mount_tiger:steps[1]""]",[],"{""forFaction"": null, ""sameCharacterRequired"": false, ""forRace"": null, ""faction"": null}",medium,"[""https://github.com/karl-neiswender/ForeverGoalTracker/blob/main/Library.lua"", ""https://www.wowhead.com/classic/item=19902/swift-zulian-tiger""]",Logical boss death before corpse loot; missed kill events must not block already-owned reward. Item/name evidence and completeWith override. Parsed source lacks structured current-build drop table.,,,,False,parallel_step_audit.json
mount_qiraji:steps[1],mount_qiraji,steps[1],1,step,True,Complete the Scepter of the Shifting Sands quest chain.,no_lock,[],[],"{""forFaction"": null, ""sameCharacterRequired"": false, ""forRace"": null, ""faction"": null}",high,"[""https://github.com/karl-neiswender/ForeverGoalTracker/blob/main/Library.lua""]",Independent objective or cumulative milestone; do not chain adjacent rows. Auto evidence overrides locks; prior completed ticks persist.,,,,False,parallel_step_audit.json
mount_qiraji:steps[2],mount_qiraji,steps[2],2,step,True,Ring the Scarab Gong in Silithus to open Ahn'Qiraj.,withheld,"[""mount_qiraji:steps[1]""]",[],"{""forFaction"": null, ""sameCharacterRequired"": true, ""forRace"": null, ""faction"": null}",high_classic_route_unknown_forever,"[""https://github.com/karl-neiswender/ForeverGoalTracker/blob/main/Library.lua"", ""https://www.wowhead.com/classic/quest=8743/bang-a-gong""]","Classic quest requires Scepter and rewards crystal; external realm event gate also required. Forever event route/timing unconfirmed, HOLD Forever hard lock. Ownership evidence wins; do not imply only first gong ring qualifies.",,,,False,parallel_step_audit.json
mount_qiraji:steps[3],mount_qiraji,steps[3],3,step,True,Own the Black Qiraji Resonating Crystal.,withheld,"[""mount_qiraji:steps[2]""]",[],"{""forFaction"": null, ""sameCharacterRequired"": true, ""forRace"": null, ""faction"": null}",high_classic_route_unknown_forever,"[""https://github.com/karl-neiswender/ForeverGoalTracker/blob/main/Library.lua"", ""https://www.wowhead.com/classic/quest=8743/bang-a-gong""]","Classic quest requires Scepter and rewards crystal; external realm event gate also required. Forever event route/timing unconfirmed, HOLD Forever hard lock. Ownership evidence wins; do not imply only first gong ring qualifies.",,,,False,parallel_step_audit.json
prof_secondary:steps[1],prof_secondary,steps[1],1,step,True,Fishing 300.,no_lock,[],[],"{""forFaction"": null, ""sameCharacterRequired"": false, ""forRace"": null, ""faction"": null}",high,"[""https://github.com/karl-neiswender/ForeverGoalTracker/blob/main/Library.lua""]",Independent objective or cumulative milestone; do not chain adjacent rows. Auto evidence overrides locks; prior completed ticks persist.,,,,False,parallel_step_audit.json
prof_secondary:steps[2],prof_secondary,steps[2],2,step,True,Cooking 300.,no_lock,[],[],"{""forFaction"": null, ""sameCharacterRequired"": false, ""forRace"": null, ""faction"": null}",high,"[""https://github.com/karl-neiswender/ForeverGoalTracker/blob/main/Library.lua""]",Independent objective or cumulative milestone; do not chain adjacent rows. Auto evidence overrides locks; prior completed ticks persist.,,,,False,parallel_step_audit.json
prof_secondary:steps[3],prof_secondary,steps[3],3,step,True,First Aid 300.,no_lock,[],[],"{""forFaction"": null, ""sameCharacterRequired"": false, ""forRace"": null, ""faction"": null}",high,"[""https://github.com/karl-neiswender/ForeverGoalTracker/blob/main/Library.lua""]",Independent objective or cumulative milestone; do not chain adjacent rows. Auto evidence overrides locks; prior completed ticks persist.,,,,False,parallel_step_audit.json
prof_all:steps[1],prof_all,steps[1],1,step,True,Alchemy 300.,no_lock,[],[],"{""forFaction"": null, ""sameCharacterRequired"": false, ""forRace"": null, ""faction"": null}",high,"[""https://github.com/karl-neiswender/ForeverGoalTracker/blob/main/Library.lua""]",Independent objective or cumulative milestone; do not chain adjacent rows. Auto evidence overrides locks; prior completed ticks persist.,,,,False,parallel_step_audit.json
prof_all:steps[2],prof_all,steps[2],2,step,True,Blacksmithing 300.,no_lock,[],[],"{""forFaction"": null, ""sameCharacterRequired"": false, ""forRace"": null, ""faction"": null}",high,"[""https://github.com/karl-neiswender/ForeverGoalTracker/blob/main/Library.lua""]",Independent objective or cumulative milestone; do not chain adjacent rows. Auto evidence overrides locks; prior completed ticks persist.,,,,False,parallel_step_audit.json
prof_all:steps[3],prof_all,steps[3],3,step,True,Enchanting 300.,no_lock,[],[],"{""forFaction"": null, ""sameCharacterRequired"": false, ""forRace"": null, ""faction"": null}",high,"[""https://github.com/karl-neiswender/ForeverGoalTracker/blob/main/Library.lua""]",Independent objective or cumulative milestone; do not chain adjacent rows. Auto evidence overrides locks; prior completed ticks persist.,,,,False,parallel_step_audit.json
prof_all:steps[4],prof_all,steps[4],4,step,True,Engineering 300.,no_lock,[],[],"{""forFaction"": null, ""sameCharacterRequired"": false, ""forRace"": null, ""faction"": null}",high,"[""https://github.com/karl-neiswender/ForeverGoalTracker/blob/main/Library.lua""]",Independent objective or cumulative milestone; do not chain adjacent rows. Auto evidence overrides locks; prior completed ticks persist.,,,,False,parallel_step_audit.json
prof_all:steps[5],prof_all,steps[5],5,step,True,Herbalism 300.,no_lock,[],[],"{""forFaction"": null, ""sameCharacterRequired"": false, ""forRace"": null, ""faction"": null}",high,"[""https://github.com/karl-neiswender/ForeverGoalTracker/blob/main/Library.lua""]",Independent objective or cumulative milestone; do not chain adjacent rows. Auto evidence overrides locks; prior completed ticks persist.,,,,False,parallel_step_audit.json
prof_all:steps[6],prof_all,steps[6],6,step,True,Leatherworking 300.,no_lock,[],[],"{""forFaction"": null, ""sameCharacterRequired"": false, ""forRace"": null, ""faction"": null}",high,"[""https://github.com/karl-neiswender/ForeverGoalTracker/blob/main/Library.lua""]",Independent objective or cumulative milestone; do not chain adjacent rows. Auto evidence overrides locks; prior completed ticks persist.,,,,False,parallel_step_audit.json
prof_all:steps[7],prof_all,steps[7],7,step,True,Mining 300.,no_lock,[],[],"{""forFaction"": null, ""sameCharacterRequired"": false, ""forRace"": null, ""faction"": null}",high,"[""https://github.com/karl-neiswender/ForeverGoalTracker/blob/main/Library.lua""]",Independent objective or cumulative milestone; do not chain adjacent rows. Auto evidence overrides locks; prior completed ticks persist.,,,,False,parallel_step_audit.json
prof_all:steps[8],prof_all,steps[8],8,step,True,Skinning 300.,no_lock,[],[],"{""forFaction"": null, ""sameCharacterRequired"": false, ""forRace"": null, ""faction"": null}",high,"[""https://github.com/karl-neiswender/ForeverGoalTracker/blob/main/Library.lua""]",Independent objective or cumulative milestone; do not chain adjacent rows. Auto evidence overrides locks; prior completed ticks persist.,,,,False,parallel_step_audit.json
prof_all:steps[9],prof_all,steps[9],9,step,True,Tailoring 300.,no_lock,[],[],"{""forFaction"": null, ""sameCharacterRequired"": false, ""forRace"": null, ""faction"": null}",high,"[""https://github.com/karl-neiswender/ForeverGoalTracker/blob/main/Library.lua""]",Independent objective or cumulative milestone; do not chain adjacent rows. Auto evidence overrides locks; prior completed ticks persist.,,,,False,parallel_step_audit.json
gold_5k:steps[1],gold_5k,steps[1],1,step,True,"Hold 1,000 gold on one character.",no_lock,[],[],"{""forFaction"": null, ""sameCharacterRequired"": false, ""forRace"": null, ""faction"": null}",high,"[""https://github.com/karl-neiswender/ForeverGoalTracker/blob/main/Library.lua""]",Independent objective or cumulative milestone; do not chain adjacent rows. Auto evidence overrides locks; prior completed ticks persist. Target marks expand through Core.ApplyTargets Nice rounding; not separate locked objectives.,,,,False,parallel_step_audit.json
gold_5k:steps[2],gold_5k,steps[2],2,step,True,"Hold 2,500 gold on one character.",no_lock,[],[],"{""forFaction"": null, ""sameCharacterRequired"": false, ""forRace"": null, ""faction"": null}",high,"[""https://github.com/karl-neiswender/ForeverGoalTracker/blob/main/Library.lua""]",Independent objective or cumulative milestone; do not chain adjacent rows. Auto evidence overrides locks; prior completed ticks persist. Target marks expand through Core.ApplyTargets Nice rounding; not separate locked objectives.,,,,False,parallel_step_audit.json
gold_5k:steps[3],gold_5k,steps[3],3,step,True,"Hold 5,000 gold on one character.",no_lock,[],[],"{""forFaction"": null, ""sameCharacterRequired"": false, ""forRace"": null, ""faction"": null}",high,"[""https://github.com/karl-neiswender/ForeverGoalTracker/blob/main/Library.lua""]",Independent objective or cumulative milestone; do not chain adjacent rows. Auto evidence overrides locks; prior completed ticks persist. Target marks expand through Core.ApplyTargets Nice rounding; not separate locked objectives.,,,,False,parallel_step_audit.json
social_guild:steps[1],social_guild,steps[1],1,step,True,Join a guild.,no_lock,[],[],"{""forFaction"": null, ""sameCharacterRequired"": false, ""forRace"": null, ""faction"": null}",high,"[""https://github.com/karl-neiswender/ForeverGoalTracker/blob/main/Library.lua""]",Independent objective or cumulative milestone; do not chain adjacent rows. Auto evidence overrides locks; prior completed ticks persist.,,,,False,parallel_step_audit.json
social_guild:steps[2],social_guild,steps[2],2,step,True,Buy a Guild Tabard from a Guild Master in a capital city.,withheld,"[""social_guild:steps[1]""]",[],"{""forFaction"": null, ""sameCharacterRequired"": true, ""forRace"": null, ""faction"": null}",medium,"[""https://github.com/karl-neiswender/ForeverGoalTracker/blob/main/Library.lua"", ""https://www.wowhead.com/classic/item=5976/guild-tabard""]",Conditional purchase gate: guild membership AND guild tabard design. Purchase versus equip restriction needs current client confirmation; historical roster guild tick insufficient. HOLD hard lock.,,,,False,parallel_step_audit.json
social_friends:steps[1],social_friends,steps[1],1,step,True,Have 5 friends on your friends list.,no_lock,[],[],"{""forFaction"": null, ""sameCharacterRequired"": false, ""forRace"": null, ""faction"": null}",high,"[""https://github.com/karl-neiswender/ForeverGoalTracker/blob/main/Library.lua""]",Independent objective or cumulative milestone; do not chain adjacent rows. Auto evidence overrides locks; prior completed ticks persist. Target marks expand through Core.ApplyTargets Nice rounding; not separate locked objectives.,,,,False,parallel_step_audit.json
social_friends:steps[2],social_friends,steps[2],2,step,True,Have 10 friends on your friends list.,no_lock,[],[],"{""forFaction"": null, ""sameCharacterRequired"": false, ""forRace"": null, ""faction"": null}",high,"[""https://github.com/karl-neiswender/ForeverGoalTracker/blob/main/Library.lua""]",Independent objective or cumulative milestone; do not chain adjacent rows. Auto evidence overrides locks; prior completed ticks persist. Target marks expand through Core.ApplyTargets Nice rounding; not separate locked objectives.,,,,False,parallel_step_audit.json
social_friends:steps[3],social_friends,steps[3],3,step,True,Have 25 friends on your friends list.,no_lock,[],[],"{""forFaction"": null, ""sameCharacterRequired"": false, ""forRace"": null, ""faction"": null}",high,"[""https://github.com/karl-neiswender/ForeverGoalTracker/blob/main/Library.lua""]",Independent objective or cumulative milestone; do not chain adjacent rows. Auto evidence overrides locks; prior completed ticks persist. Target marks expand through Core.ApplyTargets Nice rounding; not separate locked objectives.,,,,False,parallel_step_audit.json
pvp_rank14_ally:steps[1],pvp_rank14_ally,steps[1],1,step,True,"Reach Rank 6, Knight.",no_lock,[],[],"{""forFaction"": ""Alliance"", ""sameCharacterRequired"": false, ""forRace"": null, ""faction"": ""Alliance""}",high,"[""https://github.com/karl-neiswender/ForeverGoalTracker/blob/main/Library.lua""]",Independent objective or cumulative milestone; do not chain adjacent rows. Auto evidence overrides locks; prior completed ticks persist.,,,,False,parallel_step_audit.json
pvp_rank14_ally:steps[2],pvp_rank14_ally,steps[2],2,step,True,"Reach Rank 10, Lieutenant Commander.",no_lock,[],[],"{""forFaction"": ""Alliance"", ""sameCharacterRequired"": false, ""forRace"": null, ""faction"": ""Alliance""}",high,"[""https://github.com/karl-neiswender/ForeverGoalTracker/blob/main/Library.lua""]",Independent objective or cumulative milestone; do not chain adjacent rows. Auto evidence overrides locks; prior completed ticks persist.,,,,False,parallel_step_audit.json
pvp_rank14_ally:steps[3],pvp_rank14_ally,steps[3],3,step,True,"Reach Rank 12, Marshal.",no_lock,[],[],"{""forFaction"": ""Alliance"", ""sameCharacterRequired"": false, ""forRace"": null, ""faction"": ""Alliance""}",high,"[""https://github.com/karl-neiswender/ForeverGoalTracker/blob/main/Library.lua""]",Independent objective or cumulative milestone; do not chain adjacent rows. Auto evidence overrides locks; prior completed ticks persist.,,,,False,parallel_step_audit.json
pvp_rank14_ally:steps[4],pvp_rank14_ally,steps[4],4,step,True,"Reach Rank 13, Field Marshal.",no_lock,[],[],"{""forFaction"": ""Alliance"", ""sameCharacterRequired"": false, ""forRace"": null, ""faction"": ""Alliance""}",high,"[""https://github.com/karl-neiswender/ForeverGoalTracker/blob/main/Library.lua""]",Independent objective or cumulative milestone; do not chain adjacent rows. Auto evidence overrides locks; prior completed ticks persist.,,,,False,parallel_step_audit.json
pvp_rank14_ally:steps[5],pvp_rank14_ally,steps[5],5,step,True,"Reach Rank 14, Grand Marshal.",no_lock,[],[],"{""forFaction"": ""Alliance"", ""sameCharacterRequired"": false, ""forRace"": null, ""faction"": ""Alliance""}",high,"[""https://github.com/karl-neiswender/ForeverGoalTracker/blob/main/Library.lua""]",Independent objective or cumulative milestone; do not chain adjacent rows. Auto evidence overrides locks; prior completed ticks persist.,,,,False,parallel_step_audit.json
pvp_rank14_ally:steps[6],pvp_rank14_ally,steps[6],6,step,True,Buy your rank 14 weapon from the PvP quartermaster.,withheld,"[""pvp_rank14_ally:steps[5]""]",[],"{""forFaction"": null, ""sameCharacterRequired"": true, ""forRace"": null, ""faction"": ""Alliance""}",medium,"[""https://github.com/karl-neiswender/ForeverGoalTracker/blob/main/Library.lua"", ""https://www.wowhead.com/classic/item=18855/grand-marshals-hand-cannon""]","Conditional Classic-intended rank14 purchase eligibility. Forever vendor rules unconfirmed; same purchaser rank required, any-roster historical rank insufficient. HOLD hard lock; no item auto rule on this manual row.",,,,False,parallel_step_audit.json
pvp_mount_ally:steps[1],pvp_mount_ally,steps[1],1,step,True,"Reach Rank 11, Commander.",no_lock,[],[],"{""forFaction"": ""Alliance"", ""sameCharacterRequired"": false, ""forRace"": null, ""faction"": ""Alliance""}",high,"[""https://github.com/karl-neiswender/ForeverGoalTracker/blob/main/Library.lua""]",Independent objective or cumulative milestone; do not chain adjacent rows. Auto evidence overrides locks; prior completed ticks persist.,,,,False,parallel_step_audit.json
pvp_mount_ally:steps[2],pvp_mount_ally,steps[2],2,step,True,Buy a war mount from your faction's PvP quartermaster.,withheld,"[""pvp_mount_ally:steps[1]""]",[],"{""forFaction"": ""Alliance"", ""sameCharacterRequired"": true, ""forRace"": null, ""faction"": ""Alliance""}",medium,"[""https://github.com/karl-neiswender/ForeverGoalTracker/blob/main/Library.lua"", ""https://www.wowhead.com/classic/item=18241/black-war-steed-bridle""]","Conditional Classic-intended rank11 vendor gate; Forever unconfirmed, HOLD hard lock. Ownership/completeWith evidence supersedes gate. City rep/riding are not inferred purchase gates.",,,,False,parallel_step_audit.json
pvp_avmount_ally:steps[1],pvp_avmount_ally,steps[1],1,step,True,Reach Exalted with the {pvp_av_ally:Stormpike Guard}.,no_lock,[],[],"{""forFaction"": ""Alliance"", ""sameCharacterRequired"": false, ""forRace"": null, ""faction"": ""Alliance""}",high,"[""https://github.com/karl-neiswender/ForeverGoalTracker/blob/main/Library.lua""]",Independent objective or cumulative milestone; do not chain adjacent rows. Auto evidence overrides locks; prior completed ticks persist.,,,,False,parallel_step_audit.json
pvp_avmount_ally:steps[2],pvp_avmount_ally,steps[2],2,step,True,Buy the Stormpike Battle Charger from Thanthaldis Snowgleam in the Alterac Mountains.,withheld,"[""pvp_avmount_ally:steps[1]""]",[],"{""forFaction"": ""Alliance"", ""sameCharacterRequired"": true, ""forRace"": null, ""faction"": ""Alliance""}",medium,"[""https://github.com/karl-neiswender/ForeverGoalTracker/blob/main/Library.lua"", ""https://www.wowhead.com/classic/item=19030/stormpike-battle-charger""]","Conditional Exalted purchase gate on purchaser, Classic source-supported; Forever vendor confirmation pending. HOLD hard lock on Forever; no full external rep-goal dependency, no rank3 gate. Use level requirements not purchase requirements.",,,,False,parallel_step_audit.json
pvp_wsg_ally:steps[1],pvp_wsg_ally,steps[1],1,step,True,Reach Friendly.,no_lock,[],[],"{""forFaction"": ""Alliance"", ""sameCharacterRequired"": false, ""forRace"": null, ""faction"": ""Alliance""}",high,"[""https://github.com/karl-neiswender/ForeverGoalTracker/blob/main/Library.lua""]",Independent objective or cumulative milestone; do not chain adjacent rows. Auto evidence overrides locks; prior completed ticks persist.,,,,False,parallel_step_audit.json
pvp_wsg_ally:steps[2],pvp_wsg_ally,steps[2],2,step,True,Reach Honored.,no_lock,[],[],"{""forFaction"": ""Alliance"", ""sameCharacterRequired"": false, ""forRace"": null, ""faction"": ""Alliance""}",high,"[""https://github.com/karl-neiswender/ForeverGoalTracker/blob/main/Library.lua""]",Independent objective or cumulative milestone; do not chain adjacent rows. Auto evidence overrides locks; prior completed ticks persist.,,,,False,parallel_step_audit.json
pvp_wsg_ally:steps[3],pvp_wsg_ally,steps[3],3,step,True,Reach Revered.,no_lock,[],[],"{""forFaction"": ""Alliance"", ""sameCharacterRequired"": false, ""forRace"": null, ""faction"": ""Alliance""}",high,"[""https://github.com/karl-neiswender/ForeverGoalTracker/blob/main/Library.lua""]",Independent objective or cumulative milestone; do not chain adjacent rows. Auto evidence overrides locks; prior completed ticks persist.,,,,False,parallel_step_audit.json
pvp_wsg_ally:steps[4],pvp_wsg_ally,steps[4],4,step,True,Reach Exalted.,no_lock,[],[],"{""forFaction"": ""Alliance"", ""sameCharacterRequired"": false, ""forRace"": null, ""faction"": ""Alliance""}",high,"[""https://github.com/karl-neiswender/ForeverGoalTracker/blob/main/Library.lua""]",Independent objective or cumulative milestone; do not chain adjacent rows. Auto evidence overrides locks; prior completed ticks persist.,,,,False,parallel_step_audit.json
pvp_ab_ally:steps[1],pvp_ab_ally,steps[1],1,step,True,Reach Friendly.,no_lock,[],[],"{""forFaction"": ""Alliance"", ""sameCharacterRequired"": false, ""forRace"": null, ""faction"": ""Alliance""}",high,"[""https://github.com/karl-neiswender/ForeverGoalTracker/blob/main/Library.lua""]",Independent objective or cumulative milestone; do not chain adjacent rows. Auto evidence overrides locks; prior completed ticks persist.,,,,False,parallel_step_audit.json
pvp_ab_ally:steps[2],pvp_ab_ally,steps[2],2,step,True,Reach Honored.,no_lock,[],[],"{""forFaction"": ""Alliance"", ""sameCharacterRequired"": false, ""forRace"": null, ""faction"": ""Alliance""}",high,"[""https://github.com/karl-neiswender/ForeverGoalTracker/blob/main/Library.lua""]",Independent objective or cumulative milestone; do not chain adjacent rows. Auto evidence overrides locks; prior completed ticks persist.,,,,False,parallel_step_audit.json
pvp_ab_ally:steps[3],pvp_ab_ally,steps[3],3,step,True,Reach Revered.,no_lock,[],[],"{""forFaction"": ""Alliance"", ""sameCharacterRequired"": false, ""forRace"": null, ""faction"": ""Alliance""}",high,"[""https://github.com/karl-neiswender/ForeverGoalTracker/blob/main/Library.lua""]",Independent objective or cumulative milestone; do not chain adjacent rows. Auto evidence overrides locks; prior completed ticks persist.,,,,False,parallel_step_audit.json
pvp_ab_ally:steps[4],pvp_ab_ally,steps[4],4,step,True,Reach Exalted.,no_lock,[],[],"{""forFaction"": ""Alliance"", ""sameCharacterRequired"": false, ""forRace"": null, ""faction"": ""Alliance""}",high,"[""https://github.com/karl-neiswender/ForeverGoalTracker/blob/main/Library.lua""]",Independent objective or cumulative milestone; do not chain adjacent rows. Auto evidence overrides locks; prior completed ticks persist.,,,,False,parallel_step_audit.json
pvp_av_ally:steps[1],pvp_av_ally,steps[1],1,step,True,Reach Friendly.,no_lock,[],[],"{""forFaction"": ""Alliance"", ""sameCharacterRequired"": false, ""forRace"": null, ""faction"": ""Alliance""}",high,"[""https://github.com/karl-neiswender/ForeverGoalTracker/blob/main/Library.lua""]",Independent objective or cumulative milestone; do not chain adjacent rows. Auto evidence overrides locks; prior completed ticks persist.,,,,False,parallel_step_audit.json
pvp_av_ally:steps[2],pvp_av_ally,steps[2],2,step,True,Reach Honored.,no_lock,[],[],"{""forFaction"": ""Alliance"", ""sameCharacterRequired"": false, ""forRace"": null, ""faction"": ""Alliance""}",high,"[""https://github.com/karl-neiswender/ForeverGoalTracker/blob/main/Library.lua""]",Independent objective or cumulative milestone; do not chain adjacent rows. Auto evidence overrides locks; prior completed ticks persist.,,,,False,parallel_step_audit.json
pvp_av_ally:steps[3],pvp_av_ally,steps[3],3,step,True,Reach Revered.,no_lock,[],[],"{""forFaction"": ""Alliance"", ""sameCharacterRequired"": false, ""forRace"": null, ""faction"": ""Alliance""}",high,"[""https://github.com/karl-neiswender/ForeverGoalTracker/blob/main/Library.lua""]",Independent objective or cumulative milestone; do not chain adjacent rows. Auto evidence overrides locks; prior completed ticks persist.,,,,False,parallel_step_audit.json
pvp_av_ally:steps[4],pvp_av_ally,steps[4],4,step,True,Reach Exalted.,no_lock,[],[],"{""forFaction"": ""Alliance"", ""sameCharacterRequired"": false, ""forRace"": null, ""faction"": ""Alliance""}",high,"[""https://github.com/karl-neiswender/ForeverGoalTracker/blob/main/Library.lua""]",Independent objective or cumulative milestone; do not chain adjacent rows. Auto evidence overrides locks; prior completed ticks persist.,,,,False,parallel_step_audit.json
pvp_rank14_horde:steps[1],pvp_rank14_horde,steps[1],1,step,True,"Reach Rank 6, Stone Guard.",no_lock,[],[],"{""forFaction"": ""Horde"", ""sameCharacterRequired"": false, ""forRace"": null, ""faction"": ""Horde""}",high,"[""https://github.com/karl-neiswender/ForeverGoalTracker/blob/main/Library.lua""]",Independent objective or cumulative milestone; do not chain adjacent rows. Auto evidence overrides locks; prior completed ticks persist.,,,,False,parallel_step_audit.json
pvp_rank14_horde:steps[2],pvp_rank14_horde,steps[2],2,step,True,"Reach Rank 10, Champion.",no_lock,[],[],"{""forFaction"": ""Horde"", ""sameCharacterRequired"": false, ""forRace"": null, ""faction"": ""Horde""}",high,"[""https://github.com/karl-neiswender/ForeverGoalTracker/blob/main/Library.lua""]",Independent objective or cumulative milestone; do not chain adjacent rows. Auto evidence overrides locks; prior completed ticks persist.,,,,False,parallel_step_audit.json
pvp_rank14_horde:steps[3],pvp_rank14_horde,steps[3],3,step,True,"Reach Rank 12, General.",no_lock,[],[],"{""forFaction"": ""Horde"", ""sameCharacterRequired"": false, ""forRace"": null, ""faction"": ""Horde""}",high,"[""https://github.com/karl-neiswender/ForeverGoalTracker/blob/main/Library.lua""]",Independent objective or cumulative milestone; do not chain adjacent rows. Auto evidence overrides locks; prior completed ticks persist.,,,,False,parallel_step_audit.json
pvp_rank14_horde:steps[4],pvp_rank14_horde,steps[4],4,step,True,"Reach Rank 13, Warlord.",no_lock,[],[],"{""forFaction"": ""Horde"", ""sameCharacterRequired"": false, ""forRace"": null, ""faction"": ""Horde""}",high,"[""https://github.com/karl-neiswender/ForeverGoalTracker/blob/main/Library.lua""]",Independent objective or cumulative milestone; do not chain adjacent rows. Auto evidence overrides locks; prior completed ticks persist.,,,,False,parallel_step_audit.json
pvp_rank14_horde:steps[5],pvp_rank14_horde,steps[5],5,step,True,"Reach Rank 14, High Warlord.",no_lock,[],[],"{""forFaction"": ""Horde"", ""sameCharacterRequired"": false, ""forRace"": null, ""faction"": ""Horde""}",high,"[""https://github.com/karl-neiswender/ForeverGoalTracker/blob/main/Library.lua""]",Independent objective or cumulative milestone; do not chain adjacent rows. Auto evidence overrides locks; prior completed ticks persist.,,,,False,parallel_step_audit.json
pvp_rank14_horde:steps[6],pvp_rank14_horde,steps[6],6,step,True,Buy your rank 14 weapon from the PvP quartermaster.,withheld,"[""pvp_rank14_horde:steps[5]""]",[],"{""forFaction"": null, ""sameCharacterRequired"": true, ""forRace"": null, ""faction"": ""Horde""}",medium,"[""https://github.com/karl-neiswender/ForeverGoalTracker/blob/main/Library.lua"", ""https://www.wowhead.com/classic/item=18855/grand-marshals-hand-cannon""]","Conditional Classic-intended rank14 purchase eligibility. Forever vendor rules unconfirmed; same purchaser rank required, any-roster historical rank insufficient. HOLD hard lock; no item auto rule on this manual row.",,,,False,parallel_step_audit.json
pvp_mount_horde:steps[1],pvp_mount_horde,steps[1],1,step,True,"Reach Rank 11, Lieutenant General.",no_lock,[],[],"{""forFaction"": ""Horde"", ""sameCharacterRequired"": false, ""forRace"": null, ""faction"": ""Horde""}",high,"[""https://github.com/karl-neiswender/ForeverGoalTracker/blob/main/Library.lua""]",Independent objective or cumulative milestone; do not chain adjacent rows. Auto evidence overrides locks; prior completed ticks persist.,,,,False,parallel_step_audit.json
pvp_mount_horde:steps[2],pvp_mount_horde,steps[2],2,step,True,Buy a war mount from your faction's PvP quartermaster.,withheld,"[""pvp_mount_horde:steps[1]""]",[],"{""forFaction"": ""Horde"", ""sameCharacterRequired"": true, ""forRace"": null, ""faction"": ""Horde""}",medium,"[""https://github.com/karl-neiswender/ForeverGoalTracker/blob/main/Library.lua"", ""https://www.wowhead.com/classic/item=18241/black-war-steed-bridle""]","Conditional Classic-intended rank11 vendor gate; Forever unconfirmed, HOLD hard lock. Ownership/completeWith evidence supersedes gate. City rep/riding are not inferred purchase gates.",,,,False,parallel_step_audit.json
pvp_avmount_horde:steps[1],pvp_avmount_horde,steps[1],1,step,True,Reach Exalted with the {pvp_av_horde:Frostwolf Clan}.,no_lock,[],[],"{""forFaction"": ""Horde"", ""sameCharacterRequired"": false, ""forRace"": null, ""faction"": ""Horde""}",high,"[""https://github.com/karl-neiswender/ForeverGoalTracker/blob/main/Library.lua""]",Independent objective or cumulative milestone; do not chain adjacent rows. Auto evidence overrides locks; prior completed ticks persist.,,,,False,parallel_step_audit.json
pvp_avmount_horde:steps[2],pvp_avmount_horde,steps[2],2,step,True,Buy the Frostwolf Howler from Jekyll Flandring in the Alterac Mountains.,withheld,"[""pvp_avmount_horde:steps[1]""]",[],"{""forFaction"": ""Horde"", ""sameCharacterRequired"": true, ""forRace"": null, ""faction"": ""Horde""}",medium,"[""https://github.com/karl-neiswender/ForeverGoalTracker/blob/main/Library.lua"", ""https://www.wowhead.com/classic/item=19030/stormpike-battle-charger""]","Conditional Exalted purchase gate on purchaser, Classic source-supported; Forever vendor confirmation pending. HOLD hard lock on Forever; no full external rep-goal dependency, no rank3 gate. Use level requirements not purchase requirements.",,,,False,parallel_step_audit.json
pvp_wsg_horde:steps[1],pvp_wsg_horde,steps[1],1,step,True,Reach Friendly.,no_lock,[],[],"{""forFaction"": ""Horde"", ""sameCharacterRequired"": false, ""forRace"": null, ""faction"": ""Horde""}",high,"[""https://github.com/karl-neiswender/ForeverGoalTracker/blob/main/Library.lua""]",Independent objective or cumulative milestone; do not chain adjacent rows. Auto evidence overrides locks; prior completed ticks persist.,,,,False,parallel_step_audit.json
pvp_wsg_horde:steps[2],pvp_wsg_horde,steps[2],2,step,True,Reach Honored.,no_lock,[],[],"{""forFaction"": ""Horde"", ""sameCharacterRequired"": false, ""forRace"": null, ""faction"": ""Horde""}",high,"[""https://github.com/karl-neiswender/ForeverGoalTracker/blob/main/Library.lua""]",Independent objective or cumulative milestone; do not chain adjacent rows. Auto evidence overrides locks; prior completed ticks persist.,,,,False,parallel_step_audit.json
pvp_wsg_horde:steps[3],pvp_wsg_horde,steps[3],3,step,True,Reach Revered.,no_lock,[],[],"{""forFaction"": ""Horde"", ""sameCharacterRequired"": false, ""forRace"": null, ""faction"": ""Horde""}",high,"[""https://github.com/karl-neiswender/ForeverGoalTracker/blob/main/Library.lua""]",Independent objective or cumulative milestone; do not chain adjacent rows. Auto evidence overrides locks; prior completed ticks persist.,,,,False,parallel_step_audit.json
pvp_wsg_horde:steps[4],pvp_wsg_horde,steps[4],4,step,True,Reach Exalted.,no_lock,[],[],"{""forFaction"": ""Horde"", ""sameCharacterRequired"": false, ""forRace"": null, ""faction"": ""Horde""}",high,"[""https://github.com/karl-neiswender/ForeverGoalTracker/blob/main/Library.lua""]",Independent objective or cumulative milestone; do not chain adjacent rows. Auto evidence overrides locks; prior completed ticks persist.,,,,False,parallel_step_audit.json
pvp_ab_horde:steps[1],pvp_ab_horde,steps[1],1,step,True,Reach Friendly.,no_lock,[],[],"{""forFaction"": ""Horde"", ""sameCharacterRequired"": false, ""forRace"": null, ""faction"": ""Horde""}",high,"[""https://github.com/karl-neiswender/ForeverGoalTracker/blob/main/Library.lua""]",Independent objective or cumulative milestone; do not chain adjacent rows. Auto evidence overrides locks; prior completed ticks persist.,,,,False,parallel_step_audit.json
pvp_ab_horde:steps[2],pvp_ab_horde,steps[2],2,step,True,Reach Honored.,no_lock,[],[],"{""forFaction"": ""Horde"", ""sameCharacterRequired"": false, ""forRace"": null, ""faction"": ""Horde""}",high,"[""https://github.com/karl-neiswender/ForeverGoalTracker/blob/main/Library.lua""]",Independent objective or cumulative milestone; do not chain adjacent rows. Auto evidence overrides locks; prior completed ticks persist.,,,,False,parallel_step_audit.json
pvp_ab_horde:steps[3],pvp_ab_horde,steps[3],3,step,True,Reach Revered.,no_lock,[],[],"{""forFaction"": ""Horde"", ""sameCharacterRequired"": false, ""forRace"": null, ""faction"": ""Horde""}",high,"[""https://github.com/karl-neiswender/ForeverGoalTracker/blob/main/Library.lua""]",Independent objective or cumulative milestone; do not chain adjacent rows. Auto evidence overrides locks; prior completed ticks persist.,,,,False,parallel_step_audit.json
pvp_ab_horde:steps[4],pvp_ab_horde,steps[4],4,step,True,Reach Exalted.,no_lock,[],[],"{""forFaction"": ""Horde"", ""sameCharacterRequired"": false, ""forRace"": null, ""faction"": ""Horde""}",high,"[""https://github.com/karl-neiswender/ForeverGoalTracker/blob/main/Library.lua""]",Independent objective or cumulative milestone; do not chain adjacent rows. Auto evidence overrides locks; prior completed ticks persist.,,,,False,parallel_step_audit.json
pvp_av_horde:steps[1],pvp_av_horde,steps[1],1,step,True,Reach Friendly.,no_lock,[],[],"{""forFaction"": ""Horde"", ""sameCharacterRequired"": false, ""forRace"": null, ""faction"": ""Horde""}",high,"[""https://github.com/karl-neiswender/ForeverGoalTracker/blob/main/Library.lua""]",Independent objective or cumulative milestone; do not chain adjacent rows. Auto evidence overrides locks; prior completed ticks persist.,,,,False,parallel_step_audit.json
pvp_av_horde:steps[2],pvp_av_horde,steps[2],2,step,True,Reach Honored.,no_lock,[],[],"{""forFaction"": ""Horde"", ""sameCharacterRequired"": false, ""forRace"": null, ""faction"": ""Horde""}",high,"[""https://github.com/karl-neiswender/ForeverGoalTracker/blob/main/Library.lua""]",Independent objective or cumulative milestone; do not chain adjacent rows. Auto evidence overrides locks; prior completed ticks persist.,,,,False,parallel_step_audit.json
pvp_av_horde:steps[3],pvp_av_horde,steps[3],3,step,True,Reach Revered.,no_lock,[],[],"{""forFaction"": ""Horde"", ""sameCharacterRequired"": false, ""forRace"": null, ""faction"": ""Horde""}",high,"[""https://github.com/karl-neiswender/ForeverGoalTracker/blob/main/Library.lua""]",Independent objective or cumulative milestone; do not chain adjacent rows. Auto evidence overrides locks; prior completed ticks persist.,,,,False,parallel_step_audit.json
pvp_av_horde:steps[4],pvp_av_horde,steps[4],4,step,True,Reach Exalted.,no_lock,[],[],"{""forFaction"": ""Horde"", ""sameCharacterRequired"": false, ""forRace"": null, ""faction"": ""Horde""}",high,"[""https://github.com/karl-neiswender/ForeverGoalTracker/blob/main/Library.lua""]",Independent objective or cumulative milestone; do not chain adjacent rows. Auto evidence overrides locks; prior completed ticks persist.,,,,False,parallel_step_audit.json
pvp_hk:steps[1],pvp_hk,steps[1],1,step,True,"Earn 1,000 honorable kills.",no_lock,[],[],"{""forFaction"": null, ""sameCharacterRequired"": false, ""forRace"": null, ""faction"": null}",high,"[""https://github.com/karl-neiswender/ForeverGoalTracker/blob/main/Library.lua""]",Independent objective or cumulative milestone; do not chain adjacent rows. Auto evidence overrides locks; prior completed ticks persist. Target marks expand through Core.ApplyTargets Nice rounding; not separate locked objectives.,,,,False,parallel_step_audit.json
pvp_hk:steps[2],pvp_hk,steps[2],2,step,True,"Earn 5,000 honorable kills.",no_lock,[],[],"{""forFaction"": null, ""sameCharacterRequired"": false, ""forRace"": null, ""faction"": null}",high,"[""https://github.com/karl-neiswender/ForeverGoalTracker/blob/main/Library.lua""]",Independent objective or cumulative milestone; do not chain adjacent rows. Auto evidence overrides locks; prior completed ticks persist. Target marks expand through Core.ApplyTargets Nice rounding; not separate locked objectives.,,,,False,parallel_step_audit.json
pvp_hk:steps[3],pvp_hk,steps[3],3,step,True,"Earn 10,000 honorable kills.",no_lock,[],[],"{""forFaction"": null, ""sameCharacterRequired"": false, ""forRace"": null, ""faction"": null}",high,"[""https://github.com/karl-neiswender/ForeverGoalTracker/blob/main/Library.lua""]",Independent objective or cumulative milestone; do not chain adjacent rows. Auto evidence overrides locks; prior completed ticks persist. Target marks expand through Core.ApplyTargets Nice rounding; not separate locked objectives.,,,,False,parallel_step_audit.json
pvp_hk:steps[4],pvp_hk,steps[4],4,step,True,"Earn 25,000 honorable kills.",no_lock,[],[],"{""forFaction"": null, ""sameCharacterRequired"": false, ""forRace"": null, ""faction"": null}",high,"[""https://github.com/karl-neiswender/ForeverGoalTracker/blob/main/Library.lua""]",Independent objective or cumulative milestone; do not chain adjacent rows. Auto evidence overrides locks; prior completed ticks persist. Target marks expand through Core.ApplyTargets Nice rounding; not separate locked objectives.,,,,False,parallel_step_audit.json
pvp_duelist:steps[1],pvp_duelist,steps[1],1,step,True,Win your first duel.,no_lock,[],[],"{""forFaction"": null, ""sameCharacterRequired"": false, ""forRace"": null, ""faction"": null}",high,"[""https://github.com/karl-neiswender/ForeverGoalTracker/blob/main/Library.lua""]",Independent objective or cumulative milestone; do not chain adjacent rows. Auto evidence overrides locks; prior completed ticks persist. Target marks expand through Core.ApplyTargets Nice rounding; not separate locked objectives.,,,,False,parallel_step_audit.json
pvp_duelist:steps[2],pvp_duelist,steps[2],2,step,True,Win 10 duels.,no_lock,[],[],"{""forFaction"": null, ""sameCharacterRequired"": false, ""forRace"": null, ""faction"": null}",high,"[""https://github.com/karl-neiswender/ForeverGoalTracker/blob/main/Library.lua""]",Independent objective or cumulative milestone; do not chain adjacent rows. Auto evidence overrides locks; prior completed ticks persist. Target marks expand through Core.ApplyTargets Nice rounding; not separate locked objectives.,,,,False,parallel_step_audit.json
pvp_duelist:steps[3],pvp_duelist,steps[3],3,step,True,Win 50 duels.,no_lock,[],[],"{""forFaction"": null, ""sameCharacterRequired"": false, ""forRace"": null, ""faction"": null}",high,"[""https://github.com/karl-neiswender/ForeverGoalTracker/blob/main/Library.lua""]",Independent objective or cumulative milestone; do not chain adjacent rows. Auto evidence overrides locks; prior completed ticks persist. Target marks expand through Core.ApplyTargets Nice rounding; not separate locked objectives.,,,,False,parallel_step_audit.json
pvp_duelist:steps[4],pvp_duelist,steps[4],4,step,True,Win 100 duels.,no_lock,[],[],"{""forFaction"": null, ""sameCharacterRequired"": false, ""forRace"": null, ""faction"": null}",high,"[""https://github.com/karl-neiswender/ForeverGoalTracker/blob/main/Library.lua""]",Independent objective or cumulative milestone; do not chain adjacent rows. Auto evidence overrides locks; prior completed ticks persist. Target marks expand through Core.ApplyTargets Nice rounding; not separate locked objectives.,,,,False,parallel_step_audit.json
tier3:sections[1].pieces[1],tier3,sections[1].pieces[1],1_1_piece,piece,False,Dreadnaught Helmet,no_lock,[],[],same piece materials; tradeable collection independent,"high for collection independence, unconfirmed Forever equivalence","[""https://www.wowhead.com/classic/guide/naxxramas-tier-3-armor-set-wow-classic""]","All existing material rows collect independently. Echoes of War9033 is missing from the current goal; it gates crafting quests, not gathering. Parent piece is auto-owned metadata and has no manual checkbox.","{""quest"": 9033, ""name"": ""Echoes of War"", ""appliesTo"": ""future crafting/turn-in task only""}",,,False,raid_set_step_audit.json
tier3:sections[1].pieces[1].materials[1],tier3,sections[1].pieces[1].materials[1],1_1_m1,material,True,Desecrated Helmet from Thaddius,no_lock,[],[],same piece materials; tradeable collection independent,"high for collection independence, unconfirmed Forever equivalence","[""https://www.wowhead.com/classic/guide/naxxramas-tier-3-armor-set-wow-classic""]","All existing material rows collect independently. Echoes of War9033 is missing from the current goal; it gates crafting quests, not gathering. Parent piece is auto-owned metadata and has no manual checkbox.","{""quest"": 9033, ""name"": ""Echoes of War"", ""appliesTo"": ""future crafting/turn-in task only""}",,,False,raid_set_step_audit.json
tier3:sections[1].pieces[1].materials[2],tier3,sections[1].pieces[1].materials[2],1_1_m2,material,True,15 Wartorn Plate Scraps from Naxxramas trash,no_lock,[],[],same piece materials; tradeable collection independent,"high for collection independence, unconfirmed Forever equivalence","[""https://www.wowhead.com/classic/guide/naxxramas-tier-3-armor-set-wow-classic""]","All existing material rows collect independently. Echoes of War9033 is missing from the current goal; it gates crafting quests, not gathering. Parent piece is auto-owned metadata and has no manual checkbox.","{""quest"": 9033, ""name"": ""Echoes of War"", ""appliesTo"": ""future crafting/turn-in task only""}",,,False,raid_set_step_audit.json
tier3:sections[1].pieces[1].materials[3],tier3,sections[1].pieces[1].materials[3],1_1_m3,material,True,5 Arcanite Bars,no_lock,[],[],same piece materials; tradeable collection independent,"high for collection independence, unconfirmed Forever equivalence","[""https://www.wowhead.com/classic/guide/naxxramas-tier-3-armor-set-wow-classic""]","All existing material rows collect independently. Echoes of War9033 is missing from the current goal; it gates crafting quests, not gathering. Parent piece is auto-owned metadata and has no manual checkbox.","{""quest"": 9033, ""name"": ""Echoes of War"", ""appliesTo"": ""future crafting/turn-in task only""}",,,False,raid_set_step_audit.json
tier3:sections[1].pieces[1].materials[4],tier3,sections[1].pieces[1].materials[4],1_1_m4,material,True,1 Nexus Crystal,no_lock,[],[],same piece materials; tradeable collection independent,"high for collection independence, unconfirmed Forever equivalence","[""https://www.wowhead.com/classic/guide/naxxramas-tier-3-armor-set-wow-classic""]","All existing material rows collect independently. Echoes of War9033 is missing from the current goal; it gates crafting quests, not gathering. Parent piece is auto-owned metadata and has no manual checkbox.","{""quest"": 9033, ""name"": ""Echoes of War"", ""appliesTo"": ""future crafting/turn-in task only""}",,,False,raid_set_step_audit.json
tier3:sections[1].pieces[2],tier3,sections[1].pieces[2],1_2_piece,piece,False,Dreadnaught Pauldrons,no_lock,[],[],same piece materials; tradeable collection independent,"high for collection independence, unconfirmed Forever equivalence","[""https://www.wowhead.com/classic/guide/naxxramas-tier-3-armor-set-wow-classic""]","All existing material rows collect independently. Echoes of War9033 is missing from the current goal; it gates crafting quests, not gathering. Parent piece is auto-owned metadata and has no manual checkbox.","{""quest"": 9033, ""name"": ""Echoes of War"", ""appliesTo"": ""future crafting/turn-in task only""}",,,False,raid_set_step_audit.json
tier3:sections[1].pieces[2].materials[1],tier3,sections[1].pieces[2].materials[1],1_2_m1,material,True,"Desecrated Pauldrons from Patchwerk, Grobbulus or Gluth",no_lock,[],[],same piece materials; tradeable collection independent,"high for collection independence, unconfirmed Forever equivalence","[""https://www.wowhead.com/classic/guide/naxxramas-tier-3-armor-set-wow-classic""]","All existing material rows collect independently. Echoes of War9033 is missing from the current goal; it gates crafting quests, not gathering. Parent piece is auto-owned metadata and has no manual checkbox.","{""quest"": 9033, ""name"": ""Echoes of War"", ""appliesTo"": ""future crafting/turn-in task only""}",,,False,raid_set_step_audit.json
tier3:sections[1].pieces[2].materials[2],tier3,sections[1].pieces[2].materials[2],1_2_m2,material,True,12 Wartorn Plate Scraps from Naxxramas trash,no_lock,[],[],same piece materials; tradeable collection independent,"high for collection independence, unconfirmed Forever equivalence","[""https://www.wowhead.com/classic/guide/naxxramas-tier-3-armor-set-wow-classic""]","All existing material rows collect independently. Echoes of War9033 is missing from the current goal; it gates crafting quests, not gathering. Parent piece is auto-owned metadata and has no manual checkbox.","{""quest"": 9033, ""name"": ""Echoes of War"", ""appliesTo"": ""future crafting/turn-in task only""}",,,False,raid_set_step_audit.json
tier3:sections[1].pieces[2].materials[3],tier3,sections[1].pieces[2].materials[3],1_2_m3,material,True,2 Arcanite Bars,no_lock,[],[],same piece materials; tradeable collection independent,"high for collection independence, unconfirmed Forever equivalence","[""https://www.wowhead.com/classic/guide/naxxramas-tier-3-armor-set-wow-classic""]","All existing material rows collect independently. Echoes of War9033 is missing from the current goal; it gates crafting quests, not gathering. Parent piece is auto-owned metadata and has no manual checkbox.","{""quest"": 9033, ""name"": ""Echoes of War"", ""appliesTo"": ""future crafting/turn-in task only""}",,,False,raid_set_step_audit.json
tier3:sections[1].pieces[2].materials[4],tier3,sections[1].pieces[2].materials[4],1_2_m4,material,True,3 Cured Rugged Hides,no_lock,[],[],same piece materials; tradeable collection independent,"high for collection independence, unconfirmed Forever equivalence","[""https://www.wowhead.com/classic/guide/naxxramas-tier-3-armor-set-wow-classic""]","All existing material rows collect independently. Echoes of War9033 is missing from the current goal; it gates crafting quests, not gathering. Parent piece is auto-owned metadata and has no manual checkbox.","{""quest"": 9033, ""name"": ""Echoes of War"", ""appliesTo"": ""future crafting/turn-in task only""}",,,False,raid_set_step_audit.json
tier3:sections[1].pieces[3],tier3,sections[1].pieces[3],1_3_piece,piece,False,Dreadnaught Breastplate,no_lock,[],[],same piece materials; tradeable collection independent,"high for collection independence, unconfirmed Forever equivalence","[""https://www.wowhead.com/classic/guide/naxxramas-tier-3-armor-set-wow-classic""]","All existing material rows collect independently. Echoes of War9033 is missing from the current goal; it gates crafting quests, not gathering. Parent piece is auto-owned metadata and has no manual checkbox.","{""quest"": 9033, ""name"": ""Echoes of War"", ""appliesTo"": ""future crafting/turn-in task only""}",,,False,raid_set_step_audit.json
tier3:sections[1].pieces[3].materials[1],tier3,sections[1].pieces[3].materials[1],1_3_m1,material,True,Desecrated Breastplate from the Four Horsemen Chest,no_lock,[],[],same piece materials; tradeable collection independent,"high for collection independence, unconfirmed Forever equivalence","[""https://www.wowhead.com/classic/guide/naxxramas-tier-3-armor-set-wow-classic""]","All existing material rows collect independently. Echoes of War9033 is missing from the current goal; it gates crafting quests, not gathering. Parent piece is auto-owned metadata and has no manual checkbox.","{""quest"": 9033, ""name"": ""Echoes of War"", ""appliesTo"": ""future crafting/turn-in task only""}",,,False,raid_set_step_audit.json
tier3:sections[1].pieces[3].materials[2],tier3,sections[1].pieces[3].materials[2],1_3_m2,material,True,25 Wartorn Plate Scraps from Naxxramas trash,no_lock,[],[],same piece materials; tradeable collection independent,"high for collection independence, unconfirmed Forever equivalence","[""https://www.wowhead.com/classic/guide/naxxramas-tier-3-armor-set-wow-classic""]","All existing material rows collect independently. Echoes of War9033 is missing from the current goal; it gates crafting quests, not gathering. Parent piece is auto-owned metadata and has no manual checkbox.","{""quest"": 9033, ""name"": ""Echoes of War"", ""appliesTo"": ""future crafting/turn-in task only""}",,,False,raid_set_step_audit.json
tier3:sections[1].pieces[3].materials[3],tier3,sections[1].pieces[3].materials[3],1_3_m3,material,True,4 Arcanite Bars,no_lock,[],[],same piece materials; tradeable collection independent,"high for collection independence, unconfirmed Forever equivalence","[""https://www.wowhead.com/classic/guide/naxxramas-tier-3-armor-set-wow-classic""]","All existing material rows collect independently. Echoes of War9033 is missing from the current goal; it gates crafting quests, not gathering. Parent piece is auto-owned metadata and has no manual checkbox.","{""quest"": 9033, ""name"": ""Echoes of War"", ""appliesTo"": ""future crafting/turn-in task only""}",,,False,raid_set_step_audit.json
tier3:sections[1].pieces[3].materials[4],tier3,sections[1].pieces[3].materials[4],1_3_m4,material,True,2 Nexus Crystals,no_lock,[],[],same piece materials; tradeable collection independent,"high for collection independence, unconfirmed Forever equivalence","[""https://www.wowhead.com/classic/guide/naxxramas-tier-3-armor-set-wow-classic""]","All existing material rows collect independently. Echoes of War9033 is missing from the current goal; it gates crafting quests, not gathering. Parent piece is auto-owned metadata and has no manual checkbox.","{""quest"": 9033, ""name"": ""Echoes of War"", ""appliesTo"": ""future crafting/turn-in task only""}",,,False,raid_set_step_audit.json
tier3:sections[1].pieces[4],tier3,sections[1].pieces[4],1_4_piece,piece,False,Dreadnaught Gauntlets,no_lock,[],[],same piece materials; tradeable collection independent,"high for collection independence, unconfirmed Forever equivalence","[""https://www.wowhead.com/classic/guide/naxxramas-tier-3-armor-set-wow-classic""]","All existing material rows collect independently. Echoes of War9033 is missing from the current goal; it gates crafting quests, not gathering. Parent piece is auto-owned metadata and has no manual checkbox.","{""quest"": 9033, ""name"": ""Echoes of War"", ""appliesTo"": ""future crafting/turn-in task only""}",,,False,raid_set_step_audit.json
tier3:sections[1].pieces[4].materials[1],tier3,sections[1].pieces[4].materials[1],1_4_m1,material,True,Desecrated Gauntlets from Maexxna,no_lock,[],[],same piece materials; tradeable collection independent,"high for collection independence, unconfirmed Forever equivalence","[""https://www.wowhead.com/classic/guide/naxxramas-tier-3-armor-set-wow-classic""]","All existing material rows collect independently. Echoes of War9033 is missing from the current goal; it gates crafting quests, not gathering. Parent piece is auto-owned metadata and has no manual checkbox.","{""quest"": 9033, ""name"": ""Echoes of War"", ""appliesTo"": ""future crafting/turn-in task only""}",,,False,raid_set_step_audit.json
tier3:sections[1].pieces[4].materials[2],tier3,sections[1].pieces[4].materials[2],1_4_m2,material,True,8 Wartorn Plate Scraps from Naxxramas trash,no_lock,[],[],same piece materials; tradeable collection independent,"high for collection independence, unconfirmed Forever equivalence","[""https://www.wowhead.com/classic/guide/naxxramas-tier-3-armor-set-wow-classic""]","All existing material rows collect independently. Echoes of War9033 is missing from the current goal; it gates crafting quests, not gathering. Parent piece is auto-owned metadata and has no manual checkbox.","{""quest"": 9033, ""name"": ""Echoes of War"", ""appliesTo"": ""future crafting/turn-in task only""}",,,False,raid_set_step_audit.json
tier3:sections[1].pieces[4].materials[3],tier3,sections[1].pieces[4].materials[3],1_4_m3,material,True,1 Arcanite Bar,no_lock,[],[],same piece materials; tradeable collection independent,"high for collection independence, unconfirmed Forever equivalence","[""https://www.wowhead.com/classic/guide/naxxramas-tier-3-armor-set-wow-classic""]","All existing material rows collect independently. Echoes of War9033 is missing from the current goal; it gates crafting quests, not gathering. Parent piece is auto-owned metadata and has no manual checkbox.","{""quest"": 9033, ""name"": ""Echoes of War"", ""appliesTo"": ""future crafting/turn-in task only""}",,,False,raid_set_step_audit.json
tier3:sections[1].pieces[4].materials[4],tier3,sections[1].pieces[4].materials[4],1_4_m4,material,True,5 Cured Rugged Hides,no_lock,[],[],same piece materials; tradeable collection independent,"high for collection independence, unconfirmed Forever equivalence","[""https://www.wowhead.com/classic/guide/naxxramas-tier-3-armor-set-wow-classic""]","All existing material rows collect independently. Echoes of War9033 is missing from the current goal; it gates crafting quests, not gathering. Parent piece is auto-owned metadata and has no manual checkbox.","{""quest"": 9033, ""name"": ""Echoes of War"", ""appliesTo"": ""future crafting/turn-in task only""}",,,False,raid_set_step_audit.json
tier3:sections[1].pieces[5],tier3,sections[1].pieces[5],1_5_piece,piece,False,Dreadnaught Legplates,no_lock,[],[],same piece materials; tradeable collection independent,"high for collection independence, unconfirmed Forever equivalence","[""https://www.wowhead.com/classic/guide/naxxramas-tier-3-armor-set-wow-classic""]","All existing material rows collect independently. Echoes of War9033 is missing from the current goal; it gates crafting quests, not gathering. Parent piece is auto-owned metadata and has no manual checkbox.","{""quest"": 9033, ""name"": ""Echoes of War"", ""appliesTo"": ""future crafting/turn-in task only""}",,,False,raid_set_step_audit.json
tier3:sections[1].pieces[5].materials[1],tier3,sections[1].pieces[5].materials[1],1_5_m1,material,True,Desecrated Legplates from Loatheb,no_lock,[],[],same piece materials; tradeable collection independent,"high for collection independence, unconfirmed Forever equivalence","[""https://www.wowhead.com/classic/guide/naxxramas-tier-3-armor-set-wow-classic""]","All existing material rows collect independently. Echoes of War9033 is missing from the current goal; it gates crafting quests, not gathering. Parent piece is auto-owned metadata and has no manual checkbox.","{""quest"": 9033, ""name"": ""Echoes of War"", ""appliesTo"": ""future crafting/turn-in task only""}",,,False,raid_set_step_audit.json
tier3:sections[1].pieces[5].materials[2],tier3,sections[1].pieces[5].materials[2],1_5_m2,material,True,20 Wartorn Plate Scraps from Naxxramas trash,no_lock,[],[],same piece materials; tradeable collection independent,"high for collection independence, unconfirmed Forever equivalence","[""https://www.wowhead.com/classic/guide/naxxramas-tier-3-armor-set-wow-classic""]","All existing material rows collect independently. Echoes of War9033 is missing from the current goal; it gates crafting quests, not gathering. Parent piece is auto-owned metadata and has no manual checkbox.","{""quest"": 9033, ""name"": ""Echoes of War"", ""appliesTo"": ""future crafting/turn-in task only""}",,,False,raid_set_step_audit.json
tier3:sections[1].pieces[5].materials[3],tier3,sections[1].pieces[5].materials[3],1_5_m3,material,True,4 Arcanite Bars,no_lock,[],[],same piece materials; tradeable collection independent,"high for collection independence, unconfirmed Forever equivalence","[""https://www.wowhead.com/classic/guide/naxxramas-tier-3-armor-set-wow-classic""]","All existing material rows collect independently. Echoes of War9033 is missing from the current goal; it gates crafting quests, not gathering. Parent piece is auto-owned metadata and has no manual checkbox.","{""quest"": 9033, ""name"": ""Echoes of War"", ""appliesTo"": ""future crafting/turn-in task only""}",,,False,raid_set_step_audit.json
tier3:sections[1].pieces[5].materials[4],tier3,sections[1].pieces[5].materials[4],1_5_m4,material,True,3 Cured Rugged Hides,no_lock,[],[],same piece materials; tradeable collection independent,"high for collection independence, unconfirmed Forever equivalence","[""https://www.wowhead.com/classic/guide/naxxramas-tier-3-armor-set-wow-classic""]","All existing material rows collect independently. Echoes of War9033 is missing from the current goal; it gates crafting quests, not gathering. Parent piece is auto-owned metadata and has no manual checkbox.","{""quest"": 9033, ""name"": ""Echoes of War"", ""appliesTo"": ""future crafting/turn-in task only""}",,,False,raid_set_step_audit.json
tier3:sections[1].pieces[6],tier3,sections[1].pieces[6],1_6_piece,piece,False,Dreadnaught Waistguard,no_lock,[],[],same piece materials; tradeable collection independent,"high for collection independence, unconfirmed Forever equivalence","[""https://www.wowhead.com/classic/guide/naxxramas-tier-3-armor-set-wow-classic""]","All existing material rows collect independently. Echoes of War9033 is missing from the current goal; it gates crafting quests, not gathering. Parent piece is auto-owned metadata and has no manual checkbox.","{""quest"": 9033, ""name"": ""Echoes of War"", ""appliesTo"": ""future crafting/turn-in task only""}",,,False,raid_set_step_audit.json
tier3:sections[1].pieces[6].materials[1],tier3,sections[1].pieces[6].materials[1],1_6_m1,material,True,"Desecrated Waistguard from Noth the Plaguebringer, Heigan the Unclean or Gluth",no_lock,[],[],same piece materials; tradeable collection independent,"high for collection independence, unconfirmed Forever equivalence","[""https://www.wowhead.com/classic/guide/naxxramas-tier-3-armor-set-wow-classic""]","All existing material rows collect independently. Echoes of War9033 is missing from the current goal; it gates crafting quests, not gathering. Parent piece is auto-owned metadata and has no manual checkbox.","{""quest"": 9033, ""name"": ""Echoes of War"", ""appliesTo"": ""future crafting/turn-in task only""}",,,False,raid_set_step_audit.json
tier3:sections[1].pieces[6].materials[2],tier3,sections[1].pieces[6].materials[2],1_6_m2,material,True,8 Wartorn Plate Scraps from Naxxramas trash,no_lock,[],[],same piece materials; tradeable collection independent,"high for collection independence, unconfirmed Forever equivalence","[""https://www.wowhead.com/classic/guide/naxxramas-tier-3-armor-set-wow-classic""]","All existing material rows collect independently. Echoes of War9033 is missing from the current goal; it gates crafting quests, not gathering. Parent piece is auto-owned metadata and has no manual checkbox.","{""quest"": 9033, ""name"": ""Echoes of War"", ""appliesTo"": ""future crafting/turn-in task only""}",,,False,raid_set_step_audit.json
tier3:sections[1].pieces[6].materials[3],tier3,sections[1].pieces[6].materials[3],1_6_m3,material,True,1 Arcanite Bar,no_lock,[],[],same piece materials; tradeable collection independent,"high for collection independence, unconfirmed Forever equivalence","[""https://www.wowhead.com/classic/guide/naxxramas-tier-3-armor-set-wow-classic""]","All existing material rows collect independently. Echoes of War9033 is missing from the current goal; it gates crafting quests, not gathering. Parent piece is auto-owned metadata and has no manual checkbox.","{""quest"": 9033, ""name"": ""Echoes of War"", ""appliesTo"": ""future crafting/turn-in task only""}",,,False,raid_set_step_audit.json
tier3:sections[1].pieces[6].materials[4],tier3,sections[1].pieces[6].materials[4],1_6_m4,material,True,5 Cured Rugged Hides,no_lock,[],[],same piece materials; tradeable collection independent,"high for collection independence, unconfirmed Forever equivalence","[""https://www.wowhead.com/classic/guide/naxxramas-tier-3-armor-set-wow-classic""]","All existing material rows collect independently. Echoes of War9033 is missing from the current goal; it gates crafting quests, not gathering. Parent piece is auto-owned metadata and has no manual checkbox.","{""quest"": 9033, ""name"": ""Echoes of War"", ""appliesTo"": ""future crafting/turn-in task only""}",,,False,raid_set_step_audit.json
tier3:sections[1].pieces[7],tier3,sections[1].pieces[7],1_7_piece,piece,False,Dreadnaught Bracers,no_lock,[],[],same piece materials; tradeable collection independent,"high for collection independence, unconfirmed Forever equivalence","[""https://www.wowhead.com/classic/guide/naxxramas-tier-3-armor-set-wow-classic""]","All existing material rows collect independently. Echoes of War9033 is missing from the current goal; it gates crafting quests, not gathering. Parent piece is auto-owned metadata and has no manual checkbox.","{""quest"": 9033, ""name"": ""Echoes of War"", ""appliesTo"": ""future crafting/turn-in task only""}",,,False,raid_set_step_audit.json
tier3:sections[1].pieces[7].materials[1],tier3,sections[1].pieces[7].materials[1],1_7_m1,material,True,"Desecrated Bracers from Anub'Rekhan, Grand Widow Faerlina or Gluth",no_lock,[],[],same piece materials; tradeable collection independent,"high for collection independence, unconfirmed Forever equivalence","[""https://www.wowhead.com/classic/guide/naxxramas-tier-3-armor-set-wow-classic""]","All existing material rows collect independently. Echoes of War9033 is missing from the current goal; it gates crafting quests, not gathering. Parent piece is auto-owned metadata and has no manual checkbox.","{""quest"": 9033, ""name"": ""Echoes of War"", ""appliesTo"": ""future crafting/turn-in task only""}",,,False,raid_set_step_audit.json
tier3:sections[1].pieces[7].materials[2],tier3,sections[1].pieces[7].materials[2],1_7_m2,material,True,6 Wartorn Plate Scraps from Naxxramas trash,no_lock,[],[],same piece materials; tradeable collection independent,"high for collection independence, unconfirmed Forever equivalence","[""https://www.wowhead.com/classic/guide/naxxramas-tier-3-armor-set-wow-classic""]","All existing material rows collect independently. Echoes of War9033 is missing from the current goal; it gates crafting quests, not gathering. Parent piece is auto-owned metadata and has no manual checkbox.","{""quest"": 9033, ""name"": ""Echoes of War"", ""appliesTo"": ""future crafting/turn-in task only""}",,,False,raid_set_step_audit.json
tier3:sections[1].pieces[7].materials[3],tier3,sections[1].pieces[7].materials[3],1_7_m3,material,True,1 Arcanite Bar,no_lock,[],[],same piece materials; tradeable collection independent,"high for collection independence, unconfirmed Forever equivalence","[""https://www.wowhead.com/classic/guide/naxxramas-tier-3-armor-set-wow-classic""]","All existing material rows collect independently. Echoes of War9033 is missing from the current goal; it gates crafting quests, not gathering. Parent piece is auto-owned metadata and has no manual checkbox.","{""quest"": 9033, ""name"": ""Echoes of War"", ""appliesTo"": ""future crafting/turn-in task only""}",,,False,raid_set_step_audit.json
tier3:sections[1].pieces[7].materials[4],tier3,sections[1].pieces[7].materials[4],1_7_m4,material,True,1 Nexus Crystal,no_lock,[],[],same piece materials; tradeable collection independent,"high for collection independence, unconfirmed Forever equivalence","[""https://www.wowhead.com/classic/guide/naxxramas-tier-3-armor-set-wow-classic""]","All existing material rows collect independently. Echoes of War9033 is missing from the current goal; it gates crafting quests, not gathering. Parent piece is auto-owned metadata and has no manual checkbox.","{""quest"": 9033, ""name"": ""Echoes of War"", ""appliesTo"": ""future crafting/turn-in task only""}",,,False,raid_set_step_audit.json
tier3:sections[1].pieces[8],tier3,sections[1].pieces[8],1_8_piece,piece,False,Dreadnaught Sabatons,no_lock,[],[],same piece materials; tradeable collection independent,"high for collection independence, unconfirmed Forever equivalence","[""https://www.wowhead.com/classic/guide/naxxramas-tier-3-armor-set-wow-classic""]","All existing material rows collect independently. Echoes of War9033 is missing from the current goal; it gates crafting quests, not gathering. Parent piece is auto-owned metadata and has no manual checkbox.","{""quest"": 9033, ""name"": ""Echoes of War"", ""appliesTo"": ""future crafting/turn-in task only""}",,,False,raid_set_step_audit.json
tier3:sections[1].pieces[8].materials[1],tier3,sections[1].pieces[8].materials[1],1_8_m1,material,True,"Desecrated Sabatons from Instructor Razuvious, Gothik the Harvester or Gluth",no_lock,[],[],same piece materials; tradeable collection independent,"high for collection independence, unconfirmed Forever equivalence","[""https://www.wowhead.com/classic/guide/naxxramas-tier-3-armor-set-wow-classic""]","All existing material rows collect independently. Echoes of War9033 is missing from the current goal; it gates crafting quests, not gathering. Parent piece is auto-owned metadata and has no manual checkbox.","{""quest"": 9033, ""name"": ""Echoes of War"", ""appliesTo"": ""future crafting/turn-in task only""}",,,False,raid_set_step_audit.json
tier3:sections[1].pieces[8].materials[2],tier3,sections[1].pieces[8].materials[2],1_8_m2,material,True,12 Wartorn Plate Scraps from Naxxramas trash,no_lock,[],[],same piece materials; tradeable collection independent,"high for collection independence, unconfirmed Forever equivalence","[""https://www.wowhead.com/classic/guide/naxxramas-tier-3-armor-set-wow-classic""]","All existing material rows collect independently. Echoes of War9033 is missing from the current goal; it gates crafting quests, not gathering. Parent piece is auto-owned metadata and has no manual checkbox.","{""quest"": 9033, ""name"": ""Echoes of War"", ""appliesTo"": ""future crafting/turn-in task only""}",,,False,raid_set_step_audit.json
tier3:sections[1].pieces[8].materials[3],tier3,sections[1].pieces[8].materials[3],1_8_m3,material,True,2 Arcanite Bars,no_lock,[],[],same piece materials; tradeable collection independent,"high for collection independence, unconfirmed Forever equivalence","[""https://www.wowhead.com/classic/guide/naxxramas-tier-3-armor-set-wow-classic""]","All existing material rows collect independently. Echoes of War9033 is missing from the current goal; it gates crafting quests, not gathering. Parent piece is auto-owned metadata and has no manual checkbox.","{""quest"": 9033, ""name"": ""Echoes of War"", ""appliesTo"": ""future crafting/turn-in task only""}",,,False,raid_set_step_audit.json
tier3:sections[1].pieces[8].materials[4],tier3,sections[1].pieces[8].materials[4],1_8_m4,material,True,3 Cured Rugged Hides,no_lock,[],[],same piece materials; tradeable collection independent,"high for collection independence, unconfirmed Forever equivalence","[""https://www.wowhead.com/classic/guide/naxxramas-tier-3-armor-set-wow-classic""]","All existing material rows collect independently. Echoes of War9033 is missing from the current goal; it gates crafting quests, not gathering. Parent piece is auto-owned metadata and has no manual checkbox.","{""quest"": 9033, ""name"": ""Echoes of War"", ""appliesTo"": ""future crafting/turn-in task only""}",,,False,raid_set_step_audit.json
tier3:sections[2].pieces[1],tier3,sections[2].pieces[1],2_1_piece,piece,False,Redemption Headpiece,no_lock,[],[],same piece materials; tradeable collection independent,"high for collection independence, unconfirmed Forever equivalence","[""https://www.wowhead.com/classic/guide/naxxramas-tier-3-armor-set-wow-classic""]","All existing material rows collect independently. Echoes of War9033 is missing from the current goal; it gates crafting quests, not gathering. Parent piece is auto-owned metadata and has no manual checkbox.","{""quest"": 9033, ""name"": ""Echoes of War"", ""appliesTo"": ""future crafting/turn-in task only""}",,,False,raid_set_step_audit.json
tier3:sections[2].pieces[1].materials[1],tier3,sections[2].pieces[1].materials[1],2_1_m1,material,True,Desecrated Headpiece from Thaddius,no_lock,[],[],same piece materials; tradeable collection independent,"high for collection independence, unconfirmed Forever equivalence","[""https://www.wowhead.com/classic/guide/naxxramas-tier-3-armor-set-wow-classic""]","All existing material rows collect independently. Echoes of War9033 is missing from the current goal; it gates crafting quests, not gathering. Parent piece is auto-owned metadata and has no manual checkbox.","{""quest"": 9033, ""name"": ""Echoes of War"", ""appliesTo"": ""future crafting/turn-in task only""}",,,False,raid_set_step_audit.json
tier3:sections[2].pieces[1].materials[2],tier3,sections[2].pieces[1].materials[2],2_1_m2,material,True,15 Wartorn Plate Scraps from Naxxramas trash,no_lock,[],[],same piece materials; tradeable collection independent,"high for collection independence, unconfirmed Forever equivalence","[""https://www.wowhead.com/classic/guide/naxxramas-tier-3-armor-set-wow-classic""]","All existing material rows collect independently. Echoes of War9033 is missing from the current goal; it gates crafting quests, not gathering. Parent piece is auto-owned metadata and has no manual checkbox.","{""quest"": 9033, ""name"": ""Echoes of War"", ""appliesTo"": ""future crafting/turn-in task only""}",,,False,raid_set_step_audit.json
tier3:sections[2].pieces[1].materials[3],tier3,sections[2].pieces[1].materials[3],2_1_m3,material,True,5 Arcanite Bars,no_lock,[],[],same piece materials; tradeable collection independent,"high for collection independence, unconfirmed Forever equivalence","[""https://www.wowhead.com/classic/guide/naxxramas-tier-3-armor-set-wow-classic""]","All existing material rows collect independently. Echoes of War9033 is missing from the current goal; it gates crafting quests, not gathering. Parent piece is auto-owned metadata and has no manual checkbox.","{""quest"": 9033, ""name"": ""Echoes of War"", ""appliesTo"": ""future crafting/turn-in task only""}",,,False,raid_set_step_audit.json
tier3:sections[2].pieces[1].materials[4],tier3,sections[2].pieces[1].materials[4],2_1_m4,material,True,2 Cured Rugged Hides,no_lock,[],[],same piece materials; tradeable collection independent,"high for collection independence, unconfirmed Forever equivalence","[""https://www.wowhead.com/classic/guide/naxxramas-tier-3-armor-set-wow-classic""]","All existing material rows collect independently. Echoes of War9033 is missing from the current goal; it gates crafting quests, not gathering. Parent piece is auto-owned metadata and has no manual checkbox.","{""quest"": 9033, ""name"": ""Echoes of War"", ""appliesTo"": ""future crafting/turn-in task only""}",,,False,raid_set_step_audit.json
tier3:sections[2].pieces[2],tier3,sections[2].pieces[2],2_2_piece,piece,False,Redemption Spaulders,no_lock,[],[],same piece materials; tradeable collection independent,"high for collection independence, unconfirmed Forever equivalence","[""https://www.wowhead.com/classic/guide/naxxramas-tier-3-armor-set-wow-classic""]","All existing material rows collect independently. Echoes of War9033 is missing from the current goal; it gates crafting quests, not gathering. Parent piece is auto-owned metadata and has no manual checkbox.","{""quest"": 9033, ""name"": ""Echoes of War"", ""appliesTo"": ""future crafting/turn-in task only""}",,,False,raid_set_step_audit.json
tier3:sections[2].pieces[2].materials[1],tier3,sections[2].pieces[2].materials[1],2_2_m1,material,True,"Desecrated Spaulders from Patchwerk, Grobbulus or Gluth",no_lock,[],[],same piece materials; tradeable collection independent,"high for collection independence, unconfirmed Forever equivalence","[""https://www.wowhead.com/classic/guide/naxxramas-tier-3-armor-set-wow-classic""]","All existing material rows collect independently. Echoes of War9033 is missing from the current goal; it gates crafting quests, not gathering. Parent piece is auto-owned metadata and has no manual checkbox.","{""quest"": 9033, ""name"": ""Echoes of War"", ""appliesTo"": ""future crafting/turn-in task only""}",,,False,raid_set_step_audit.json
tier3:sections[2].pieces[2].materials[2],tier3,sections[2].pieces[2].materials[2],2_2_m2,material,True,12 Wartorn Plate Scraps from Naxxramas trash,no_lock,[],[],same piece materials; tradeable collection independent,"high for collection independence, unconfirmed Forever equivalence","[""https://www.wowhead.com/classic/guide/naxxramas-tier-3-armor-set-wow-classic""]","All existing material rows collect independently. Echoes of War9033 is missing from the current goal; it gates crafting quests, not gathering. Parent piece is auto-owned metadata and has no manual checkbox.","{""quest"": 9033, ""name"": ""Echoes of War"", ""appliesTo"": ""future crafting/turn-in task only""}",,,False,raid_set_step_audit.json
tier3:sections[2].pieces[2].materials[3],tier3,sections[2].pieces[2].materials[3],2_2_m3,material,True,2 Arcanite Bars,no_lock,[],[],same piece materials; tradeable collection independent,"high for collection independence, unconfirmed Forever equivalence","[""https://www.wowhead.com/classic/guide/naxxramas-tier-3-armor-set-wow-classic""]","All existing material rows collect independently. Echoes of War9033 is missing from the current goal; it gates crafting quests, not gathering. Parent piece is auto-owned metadata and has no manual checkbox.","{""quest"": 9033, ""name"": ""Echoes of War"", ""appliesTo"": ""future crafting/turn-in task only""}",,,False,raid_set_step_audit.json
tier3:sections[2].pieces[2].materials[4],tier3,sections[2].pieces[2].materials[4],2_2_m4,material,True,2 Nexus Crystals,no_lock,[],[],same piece materials; tradeable collection independent,"high for collection independence, unconfirmed Forever equivalence","[""https://www.wowhead.com/classic/guide/naxxramas-tier-3-armor-set-wow-classic""]","All existing material rows collect independently. Echoes of War9033 is missing from the current goal; it gates crafting quests, not gathering. Parent piece is auto-owned metadata and has no manual checkbox.","{""quest"": 9033, ""name"": ""Echoes of War"", ""appliesTo"": ""future crafting/turn-in task only""}",,,False,raid_set_step_audit.json
tier3:sections[2].pieces[3],tier3,sections[2].pieces[3],2_3_piece,piece,False,Redemption Tunic,no_lock,[],[],same piece materials; tradeable collection independent,"high for collection independence, unconfirmed Forever equivalence","[""https://www.wowhead.com/classic/guide/naxxramas-tier-3-armor-set-wow-classic""]","All existing material rows collect independently. Echoes of War9033 is missing from the current goal; it gates crafting quests, not gathering. Parent piece is auto-owned metadata and has no manual checkbox.","{""quest"": 9033, ""name"": ""Echoes of War"", ""appliesTo"": ""future crafting/turn-in task only""}",,,False,raid_set_step_audit.json
tier3:sections[2].pieces[3].materials[1],tier3,sections[2].pieces[3].materials[1],2_3_m1,material,True,Desecrated Tunic from the Four Horsemen Chest,no_lock,[],[],same piece materials; tradeable collection independent,"high for collection independence, unconfirmed Forever equivalence","[""https://www.wowhead.com/classic/guide/naxxramas-tier-3-armor-set-wow-classic""]","All existing material rows collect independently. Echoes of War9033 is missing from the current goal; it gates crafting quests, not gathering. Parent piece is auto-owned metadata and has no manual checkbox.","{""quest"": 9033, ""name"": ""Echoes of War"", ""appliesTo"": ""future crafting/turn-in task only""}",,,False,raid_set_step_audit.json
tier3:sections[2].pieces[3].materials[2],tier3,sections[2].pieces[3].materials[2],2_3_m2,material,True,25 Wartorn Plate Scraps from Naxxramas trash,no_lock,[],[],same piece materials; tradeable collection independent,"high for collection independence, unconfirmed Forever equivalence","[""https://www.wowhead.com/classic/guide/naxxramas-tier-3-armor-set-wow-classic""]","All existing material rows collect independently. Echoes of War9033 is missing from the current goal; it gates crafting quests, not gathering. Parent piece is auto-owned metadata and has no manual checkbox.","{""quest"": 9033, ""name"": ""Echoes of War"", ""appliesTo"": ""future crafting/turn-in task only""}",,,False,raid_set_step_audit.json
tier3:sections[2].pieces[3].materials[3],tier3,sections[2].pieces[3].materials[3],2_3_m3,material,True,4 Arcanite Bars,no_lock,[],[],same piece materials; tradeable collection independent,"high for collection independence, unconfirmed Forever equivalence","[""https://www.wowhead.com/classic/guide/naxxramas-tier-3-armor-set-wow-classic""]","All existing material rows collect independently. Echoes of War9033 is missing from the current goal; it gates crafting quests, not gathering. Parent piece is auto-owned metadata and has no manual checkbox.","{""quest"": 9033, ""name"": ""Echoes of War"", ""appliesTo"": ""future crafting/turn-in task only""}",,,False,raid_set_step_audit.json
tier3:sections[2].pieces[3].materials[4],tier3,sections[2].pieces[3].materials[4],2_3_m4,material,True,3 Cured Rugged Hides,no_lock,[],[],same piece materials; tradeable collection independent,"high for collection independence, unconfirmed Forever equivalence","[""https://www.wowhead.com/classic/guide/naxxramas-tier-3-armor-set-wow-classic""]","All existing material rows collect independently. Echoes of War9033 is missing from the current goal; it gates crafting quests, not gathering. Parent piece is auto-owned metadata and has no manual checkbox.","{""quest"": 9033, ""name"": ""Echoes of War"", ""appliesTo"": ""future crafting/turn-in task only""}",,,False,raid_set_step_audit.json
tier3:sections[2].pieces[4],tier3,sections[2].pieces[4],2_4_piece,piece,False,Redemption Handguards,no_lock,[],[],same piece materials; tradeable collection independent,"high for collection independence, unconfirmed Forever equivalence","[""https://www.wowhead.com/classic/guide/naxxramas-tier-3-armor-set-wow-classic""]","All existing material rows collect independently. Echoes of War9033 is missing from the current goal; it gates crafting quests, not gathering. Parent piece is auto-owned metadata and has no manual checkbox.","{""quest"": 9033, ""name"": ""Echoes of War"", ""appliesTo"": ""future crafting/turn-in task only""}",,,False,raid_set_step_audit.json
tier3:sections[2].pieces[4].materials[1],tier3,sections[2].pieces[4].materials[1],2_4_m1,material,True,Desecrated Handguards from Maexxna,no_lock,[],[],same piece materials; tradeable collection independent,"high for collection independence, unconfirmed Forever equivalence","[""https://www.wowhead.com/classic/guide/naxxramas-tier-3-armor-set-wow-classic""]","All existing material rows collect independently. Echoes of War9033 is missing from the current goal; it gates crafting quests, not gathering. Parent piece is auto-owned metadata and has no manual checkbox.","{""quest"": 9033, ""name"": ""Echoes of War"", ""appliesTo"": ""future crafting/turn-in task only""}",,,False,raid_set_step_audit.json
tier3:sections[2].pieces[4].materials[2],tier3,sections[2].pieces[4].materials[2],2_4_m2,material,True,8 Wartorn Plate Scraps from Naxxramas trash,no_lock,[],[],same piece materials; tradeable collection independent,"high for collection independence, unconfirmed Forever equivalence","[""https://www.wowhead.com/classic/guide/naxxramas-tier-3-armor-set-wow-classic""]","All existing material rows collect independently. Echoes of War9033 is missing from the current goal; it gates crafting quests, not gathering. Parent piece is auto-owned metadata and has no manual checkbox.","{""quest"": 9033, ""name"": ""Echoes of War"", ""appliesTo"": ""future crafting/turn-in task only""}",,,False,raid_set_step_audit.json
tier3:sections[2].pieces[4].materials[3],tier3,sections[2].pieces[4].materials[3],2_4_m3,material,True,1 Arcanite Bar,no_lock,[],[],same piece materials; tradeable collection independent,"high for collection independence, unconfirmed Forever equivalence","[""https://www.wowhead.com/classic/guide/naxxramas-tier-3-armor-set-wow-classic""]","All existing material rows collect independently. Echoes of War9033 is missing from the current goal; it gates crafting quests, not gathering. Parent piece is auto-owned metadata and has no manual checkbox.","{""quest"": 9033, ""name"": ""Echoes of War"", ""appliesTo"": ""future crafting/turn-in task only""}",,,False,raid_set_step_audit.json
tier3:sections[2].pieces[4].materials[4],tier3,sections[2].pieces[4].materials[4],2_4_m4,material,True,5 Cured Rugged Hides,no_lock,[],[],same piece materials; tradeable collection independent,"high for collection independence, unconfirmed Forever equivalence","[""https://www.wowhead.com/classic/guide/naxxramas-tier-3-armor-set-wow-classic""]","All existing material rows collect independently. Echoes of War9033 is missing from the current goal; it gates crafting quests, not gathering. Parent piece is auto-owned metadata and has no manual checkbox.","{""quest"": 9033, ""name"": ""Echoes of War"", ""appliesTo"": ""future crafting/turn-in task only""}",,,False,raid_set_step_audit.json
tier3:sections[2].pieces[5],tier3,sections[2].pieces[5],2_5_piece,piece,False,Redemption Legguards,no_lock,[],[],same piece materials; tradeable collection independent,"high for collection independence, unconfirmed Forever equivalence","[""https://www.wowhead.com/classic/guide/naxxramas-tier-3-armor-set-wow-classic""]","All existing material rows collect independently. Echoes of War9033 is missing from the current goal; it gates crafting quests, not gathering. Parent piece is auto-owned metadata and has no manual checkbox.","{""quest"": 9033, ""name"": ""Echoes of War"", ""appliesTo"": ""future crafting/turn-in task only""}",,,False,raid_set_step_audit.json
tier3:sections[2].pieces[5].materials[1],tier3,sections[2].pieces[5].materials[1],2_5_m1,material,True,Desecrated Legguards from Loatheb,no_lock,[],[],same piece materials; tradeable collection independent,"high for collection independence, unconfirmed Forever equivalence","[""https://www.wowhead.com/classic/guide/naxxramas-tier-3-armor-set-wow-classic""]","All existing material rows collect independently. Echoes of War9033 is missing from the current goal; it gates crafting quests, not gathering. Parent piece is auto-owned metadata and has no manual checkbox.","{""quest"": 9033, ""name"": ""Echoes of War"", ""appliesTo"": ""future crafting/turn-in task only""}",,,False,raid_set_step_audit.json
tier3:sections[2].pieces[5].materials[2],tier3,sections[2].pieces[5].materials[2],2_5_m2,material,True,20 Wartorn Plate Scraps from Naxxramas trash,no_lock,[],[],same piece materials; tradeable collection independent,"high for collection independence, unconfirmed Forever equivalence","[""https://www.wowhead.com/classic/guide/naxxramas-tier-3-armor-set-wow-classic""]","All existing material rows collect independently. Echoes of War9033 is missing from the current goal; it gates crafting quests, not gathering. Parent piece is auto-owned metadata and has no manual checkbox.","{""quest"": 9033, ""name"": ""Echoes of War"", ""appliesTo"": ""future crafting/turn-in task only""}",,,False,raid_set_step_audit.json
tier3:sections[2].pieces[5].materials[3],tier3,sections[2].pieces[5].materials[3],2_5_m3,material,True,4 Arcanite Bars,no_lock,[],[],same piece materials; tradeable collection independent,"high for collection independence, unconfirmed Forever equivalence","[""https://www.wowhead.com/classic/guide/naxxramas-tier-3-armor-set-wow-classic""]","All existing material rows collect independently. Echoes of War9033 is missing from the current goal; it gates crafting quests, not gathering. Parent piece is auto-owned metadata and has no manual checkbox.","{""quest"": 9033, ""name"": ""Echoes of War"", ""appliesTo"": ""future crafting/turn-in task only""}",,,False,raid_set_step_audit.json
tier3:sections[2].pieces[5].materials[4],tier3,sections[2].pieces[5].materials[4],2_5_m4,material,True,2 Nexus Crystals,no_lock,[],[],same piece materials; tradeable collection independent,"high for collection independence, unconfirmed Forever equivalence","[""https://www.wowhead.com/classic/guide/naxxramas-tier-3-armor-set-wow-classic""]","All existing material rows collect independently. Echoes of War9033 is missing from the current goal; it gates crafting quests, not gathering. Parent piece is auto-owned metadata and has no manual checkbox.","{""quest"": 9033, ""name"": ""Echoes of War"", ""appliesTo"": ""future crafting/turn-in task only""}",,,False,raid_set_step_audit.json
tier3:sections[2].pieces[6],tier3,sections[2].pieces[6],2_6_piece,piece,False,Redemption Girdle,no_lock,[],[],same piece materials; tradeable collection independent,"high for collection independence, unconfirmed Forever equivalence","[""https://www.wowhead.com/classic/guide/naxxramas-tier-3-armor-set-wow-classic""]","All existing material rows collect independently. Echoes of War9033 is missing from the current goal; it gates crafting quests, not gathering. Parent piece is auto-owned metadata and has no manual checkbox.","{""quest"": 9033, ""name"": ""Echoes of War"", ""appliesTo"": ""future crafting/turn-in task only""}",,,False,raid_set_step_audit.json
tier3:sections[2].pieces[6].materials[1],tier3,sections[2].pieces[6].materials[1],2_6_m1,material,True,"Desecrated Girdle from Noth the Plaguebringer, Heigan the Unclean or Gluth",no_lock,[],[],same piece materials; tradeable collection independent,"high for collection independence, unconfirmed Forever equivalence","[""https://www.wowhead.com/classic/guide/naxxramas-tier-3-armor-set-wow-classic""]","All existing material rows collect independently. Echoes of War9033 is missing from the current goal; it gates crafting quests, not gathering. Parent piece is auto-owned metadata and has no manual checkbox.","{""quest"": 9033, ""name"": ""Echoes of War"", ""appliesTo"": ""future crafting/turn-in task only""}",,,False,raid_set_step_audit.json
tier3:sections[2].pieces[6].materials[2],tier3,sections[2].pieces[6].materials[2],2_6_m2,material,True,8 Wartorn Plate Scraps from Naxxramas trash,no_lock,[],[],same piece materials; tradeable collection independent,"high for collection independence, unconfirmed Forever equivalence","[""https://www.wowhead.com/classic/guide/naxxramas-tier-3-armor-set-wow-classic""]","All existing material rows collect independently. Echoes of War9033 is missing from the current goal; it gates crafting quests, not gathering. Parent piece is auto-owned metadata and has no manual checkbox.","{""quest"": 9033, ""name"": ""Echoes of War"", ""appliesTo"": ""future crafting/turn-in task only""}",,,False,raid_set_step_audit.json
tier3:sections[2].pieces[6].materials[3],tier3,sections[2].pieces[6].materials[3],2_6_m3,material,True,1 Arcanite Bar,no_lock,[],[],same piece materials; tradeable collection independent,"high for collection independence, unconfirmed Forever equivalence","[""https://www.wowhead.com/classic/guide/naxxramas-tier-3-armor-set-wow-classic""]","All existing material rows collect independently. Echoes of War9033 is missing from the current goal; it gates crafting quests, not gathering. Parent piece is auto-owned metadata and has no manual checkbox.","{""quest"": 9033, ""name"": ""Echoes of War"", ""appliesTo"": ""future crafting/turn-in task only""}",,,False,raid_set_step_audit.json
tier3:sections[2].pieces[6].materials[4],tier3,sections[2].pieces[6].materials[4],2_6_m4,material,True,3 Nexus Crystals,no_lock,[],[],same piece materials; tradeable collection independent,"high for collection independence, unconfirmed Forever equivalence","[""https://www.wowhead.com/classic/guide/naxxramas-tier-3-armor-set-wow-classic""]","All existing material rows collect independently. Echoes of War9033 is missing from the current goal; it gates crafting quests, not gathering. Parent piece is auto-owned metadata and has no manual checkbox.","{""quest"": 9033, ""name"": ""Echoes of War"", ""appliesTo"": ""future crafting/turn-in task only""}",,,False,raid_set_step_audit.json
tier3:sections[2].pieces[7],tier3,sections[2].pieces[7],2_7_piece,piece,False,Redemption Wristguards,no_lock,[],[],same piece materials; tradeable collection independent,"high for collection independence, unconfirmed Forever equivalence","[""https://www.wowhead.com/classic/guide/naxxramas-tier-3-armor-set-wow-classic""]","All existing material rows collect independently. Echoes of War9033 is missing from the current goal; it gates crafting quests, not gathering. Parent piece is auto-owned metadata and has no manual checkbox.","{""quest"": 9033, ""name"": ""Echoes of War"", ""appliesTo"": ""future crafting/turn-in task only""}",,,False,raid_set_step_audit.json
tier3:sections[2].pieces[7].materials[1],tier3,sections[2].pieces[7].materials[1],2_7_m1,material,True,"Desecrated Wristguards from Anub'Rekhan, Grand Widow Faerlina or Gluth",no_lock,[],[],same piece materials; tradeable collection independent,"high for collection independence, unconfirmed Forever equivalence","[""https://www.wowhead.com/classic/guide/naxxramas-tier-3-armor-set-wow-classic""]","All existing material rows collect independently. Echoes of War9033 is missing from the current goal; it gates crafting quests, not gathering. Parent piece is auto-owned metadata and has no manual checkbox.","{""quest"": 9033, ""name"": ""Echoes of War"", ""appliesTo"": ""future crafting/turn-in task only""}",,,False,raid_set_step_audit.json
tier3:sections[2].pieces[7].materials[2],tier3,sections[2].pieces[7].materials[2],2_7_m2,material,True,6 Wartorn Plate Scraps from Naxxramas trash,no_lock,[],[],same piece materials; tradeable collection independent,"high for collection independence, unconfirmed Forever equivalence","[""https://www.wowhead.com/classic/guide/naxxramas-tier-3-armor-set-wow-classic""]","All existing material rows collect independently. Echoes of War9033 is missing from the current goal; it gates crafting quests, not gathering. Parent piece is auto-owned metadata and has no manual checkbox.","{""quest"": 9033, ""name"": ""Echoes of War"", ""appliesTo"": ""future crafting/turn-in task only""}",,,False,raid_set_step_audit.json
tier3:sections[2].pieces[7].materials[3],tier3,sections[2].pieces[7].materials[3],2_7_m3,material,True,1 Arcanite Bar,no_lock,[],[],same piece materials; tradeable collection independent,"high for collection independence, unconfirmed Forever equivalence","[""https://www.wowhead.com/classic/guide/naxxramas-tier-3-armor-set-wow-classic""]","All existing material rows collect independently. Echoes of War9033 is missing from the current goal; it gates crafting quests, not gathering. Parent piece is auto-owned metadata and has no manual checkbox.","{""quest"": 9033, ""name"": ""Echoes of War"", ""appliesTo"": ""future crafting/turn-in task only""}",,,False,raid_set_step_audit.json
tier3:sections[2].pieces[7].materials[4],tier3,sections[2].pieces[7].materials[4],2_7_m4,material,True,2 Cured Rugged Hides,no_lock,[],[],same piece materials; tradeable collection independent,"high for collection independence, unconfirmed Forever equivalence","[""https://www.wowhead.com/classic/guide/naxxramas-tier-3-armor-set-wow-classic""]","All existing material rows collect independently. Echoes of War9033 is missing from the current goal; it gates crafting quests, not gathering. Parent piece is auto-owned metadata and has no manual checkbox.","{""quest"": 9033, ""name"": ""Echoes of War"", ""appliesTo"": ""future crafting/turn-in task only""}",,,False,raid_set_step_audit.json
tier3:sections[2].pieces[8],tier3,sections[2].pieces[8],2_8_piece,piece,False,Redemption Boots,no_lock,[],[],same piece materials; tradeable collection independent,"high for collection independence, unconfirmed Forever equivalence","[""https://www.wowhead.com/classic/guide/naxxramas-tier-3-armor-set-wow-classic""]","All existing material rows collect independently. Echoes of War9033 is missing from the current goal; it gates crafting quests, not gathering. Parent piece is auto-owned metadata and has no manual checkbox.","{""quest"": 9033, ""name"": ""Echoes of War"", ""appliesTo"": ""future crafting/turn-in task only""}",,,False,raid_set_step_audit.json
tier3:sections[2].pieces[8].materials[1],tier3,sections[2].pieces[8].materials[1],2_8_m1,material,True,"Desecrated Boots from Instructor Razuvious, Gothik the Harvester or Gluth",no_lock,[],[],same piece materials; tradeable collection independent,"high for collection independence, unconfirmed Forever equivalence","[""https://www.wowhead.com/classic/guide/naxxramas-tier-3-armor-set-wow-classic""]","All existing material rows collect independently. Echoes of War9033 is missing from the current goal; it gates crafting quests, not gathering. Parent piece is auto-owned metadata and has no manual checkbox.","{""quest"": 9033, ""name"": ""Echoes of War"", ""appliesTo"": ""future crafting/turn-in task only""}",,,False,raid_set_step_audit.json
tier3:sections[2].pieces[8].materials[2],tier3,sections[2].pieces[8].materials[2],2_8_m2,material,True,12 Wartorn Plate Scraps from Naxxramas trash,no_lock,[],[],same piece materials; tradeable collection independent,"high for collection independence, unconfirmed Forever equivalence","[""https://www.wowhead.com/classic/guide/naxxramas-tier-3-armor-set-wow-classic""]","All existing material rows collect independently. Echoes of War9033 is missing from the current goal; it gates crafting quests, not gathering. Parent piece is auto-owned metadata and has no manual checkbox.","{""quest"": 9033, ""name"": ""Echoes of War"", ""appliesTo"": ""future crafting/turn-in task only""}",,,False,raid_set_step_audit.json
tier3:sections[2].pieces[8].materials[3],tier3,sections[2].pieces[8].materials[3],2_8_m3,material,True,2 Arcanite Bars,no_lock,[],[],same piece materials; tradeable collection independent,"high for collection independence, unconfirmed Forever equivalence","[""https://www.wowhead.com/classic/guide/naxxramas-tier-3-armor-set-wow-classic""]","All existing material rows collect independently. Echoes of War9033 is missing from the current goal; it gates crafting quests, not gathering. Parent piece is auto-owned metadata and has no manual checkbox.","{""quest"": 9033, ""name"": ""Echoes of War"", ""appliesTo"": ""future crafting/turn-in task only""}",,,False,raid_set_step_audit.json
tier3:sections[2].pieces[8].materials[4],tier3,sections[2].pieces[8].materials[4],2_8_m4,material,True,3 Cured Rugged Hides,no_lock,[],[],same piece materials; tradeable collection independent,"high for collection independence, unconfirmed Forever equivalence","[""https://www.wowhead.com/classic/guide/naxxramas-tier-3-armor-set-wow-classic""]","All existing material rows collect independently. Echoes of War9033 is missing from the current goal; it gates crafting quests, not gathering. Parent piece is auto-owned metadata and has no manual checkbox.","{""quest"": 9033, ""name"": ""Echoes of War"", ""appliesTo"": ""future crafting/turn-in task only""}",,,False,raid_set_step_audit.json
tier3:sections[3].pieces[1],tier3,sections[3].pieces[1],3_1_piece,piece,False,Cryptstalker Headpiece,no_lock,[],[],same piece materials; tradeable collection independent,"high for collection independence, unconfirmed Forever equivalence","[""https://www.wowhead.com/classic/guide/naxxramas-tier-3-armor-set-wow-classic""]","All existing material rows collect independently. Echoes of War9033 is missing from the current goal; it gates crafting quests, not gathering. Parent piece is auto-owned metadata and has no manual checkbox.","{""quest"": 9033, ""name"": ""Echoes of War"", ""appliesTo"": ""future crafting/turn-in task only""}",,,False,raid_set_step_audit.json
tier3:sections[3].pieces[1].materials[1],tier3,sections[3].pieces[1].materials[1],3_1_m1,material,True,Desecrated Headpiece from Thaddius,no_lock,[],[],same piece materials; tradeable collection independent,"high for collection independence, unconfirmed Forever equivalence","[""https://www.wowhead.com/classic/guide/naxxramas-tier-3-armor-set-wow-classic""]","All existing material rows collect independently. Echoes of War9033 is missing from the current goal; it gates crafting quests, not gathering. Parent piece is auto-owned metadata and has no manual checkbox.","{""quest"": 9033, ""name"": ""Echoes of War"", ""appliesTo"": ""future crafting/turn-in task only""}",,,False,raid_set_step_audit.json
tier3:sections[3].pieces[1].materials[2],tier3,sections[3].pieces[1].materials[2],3_1_m2,material,True,15 Wartorn Chain Scraps from Naxxramas trash,no_lock,[],[],same piece materials; tradeable collection independent,"high for collection independence, unconfirmed Forever equivalence","[""https://www.wowhead.com/classic/guide/naxxramas-tier-3-armor-set-wow-classic""]","All existing material rows collect independently. Echoes of War9033 is missing from the current goal; it gates crafting quests, not gathering. Parent piece is auto-owned metadata and has no manual checkbox.","{""quest"": 9033, ""name"": ""Echoes of War"", ""appliesTo"": ""future crafting/turn-in task only""}",,,False,raid_set_step_audit.json
tier3:sections[3].pieces[1].materials[3],tier3,sections[3].pieces[1].materials[3],3_1_m3,material,True,4 Arcanite Bars,no_lock,[],[],same piece materials; tradeable collection independent,"high for collection independence, unconfirmed Forever equivalence","[""https://www.wowhead.com/classic/guide/naxxramas-tier-3-armor-set-wow-classic""]","All existing material rows collect independently. Echoes of War9033 is missing from the current goal; it gates crafting quests, not gathering. Parent piece is auto-owned metadata and has no manual checkbox.","{""quest"": 9033, ""name"": ""Echoes of War"", ""appliesTo"": ""future crafting/turn-in task only""}",,,False,raid_set_step_audit.json
tier3:sections[3].pieces[1].materials[4],tier3,sections[3].pieces[1].materials[4],3_1_m4,material,True,2 Nexus Crystals,no_lock,[],[],same piece materials; tradeable collection independent,"high for collection independence, unconfirmed Forever equivalence","[""https://www.wowhead.com/classic/guide/naxxramas-tier-3-armor-set-wow-classic""]","All existing material rows collect independently. Echoes of War9033 is missing from the current goal; it gates crafting quests, not gathering. Parent piece is auto-owned metadata and has no manual checkbox.","{""quest"": 9033, ""name"": ""Echoes of War"", ""appliesTo"": ""future crafting/turn-in task only""}",,,False,raid_set_step_audit.json
tier3:sections[3].pieces[2],tier3,sections[3].pieces[2],3_2_piece,piece,False,Cryptstalker Spaulders,no_lock,[],[],same piece materials; tradeable collection independent,"high for collection independence, unconfirmed Forever equivalence","[""https://www.wowhead.com/classic/guide/naxxramas-tier-3-armor-set-wow-classic""]","All existing material rows collect independently. Echoes of War9033 is missing from the current goal; it gates crafting quests, not gathering. Parent piece is auto-owned metadata and has no manual checkbox.","{""quest"": 9033, ""name"": ""Echoes of War"", ""appliesTo"": ""future crafting/turn-in task only""}",,,False,raid_set_step_audit.json
tier3:sections[3].pieces[2].materials[1],tier3,sections[3].pieces[2].materials[1],3_2_m1,material,True,"Desecrated Spaulders from Patchwerk, Grobbulus or Gluth",no_lock,[],[],same piece materials; tradeable collection independent,"high for collection independence, unconfirmed Forever equivalence","[""https://www.wowhead.com/classic/guide/naxxramas-tier-3-armor-set-wow-classic""]","All existing material rows collect independently. Echoes of War9033 is missing from the current goal; it gates crafting quests, not gathering. Parent piece is auto-owned metadata and has no manual checkbox.","{""quest"": 9033, ""name"": ""Echoes of War"", ""appliesTo"": ""future crafting/turn-in task only""}",,,False,raid_set_step_audit.json
tier3:sections[3].pieces[2].materials[2],tier3,sections[3].pieces[2].materials[2],3_2_m2,material,True,12 Wartorn Chain Scraps from Naxxramas trash,no_lock,[],[],same piece materials; tradeable collection independent,"high for collection independence, unconfirmed Forever equivalence","[""https://www.wowhead.com/classic/guide/naxxramas-tier-3-armor-set-wow-classic""]","All existing material rows collect independently. Echoes of War9033 is missing from the current goal; it gates crafting quests, not gathering. Parent piece is auto-owned metadata and has no manual checkbox.","{""quest"": 9033, ""name"": ""Echoes of War"", ""appliesTo"": ""future crafting/turn-in task only""}",,,False,raid_set_step_audit.json
tier3:sections[3].pieces[2].materials[3],tier3,sections[3].pieces[2].materials[3],3_2_m3,material,True,2 Arcanite Bars,no_lock,[],[],same piece materials; tradeable collection independent,"high for collection independence, unconfirmed Forever equivalence","[""https://www.wowhead.com/classic/guide/naxxramas-tier-3-armor-set-wow-classic""]","All existing material rows collect independently. Echoes of War9033 is missing from the current goal; it gates crafting quests, not gathering. Parent piece is auto-owned metadata and has no manual checkbox.","{""quest"": 9033, ""name"": ""Echoes of War"", ""appliesTo"": ""future crafting/turn-in task only""}",,,False,raid_set_step_audit.json
tier3:sections[3].pieces[2].materials[4],tier3,sections[3].pieces[2].materials[4],3_2_m4,material,True,3 Cured Rugged Hides,no_lock,[],[],same piece materials; tradeable collection independent,"high for collection independence, unconfirmed Forever equivalence","[""https://www.wowhead.com/classic/guide/naxxramas-tier-3-armor-set-wow-classic""]","All existing material rows collect independently. Echoes of War9033 is missing from the current goal; it gates crafting quests, not gathering. Parent piece is auto-owned metadata and has no manual checkbox.","{""quest"": 9033, ""name"": ""Echoes of War"", ""appliesTo"": ""future crafting/turn-in task only""}",,,False,raid_set_step_audit.json
tier3:sections[3].pieces[3],tier3,sections[3].pieces[3],3_3_piece,piece,False,Cryptstalker Tunic,no_lock,[],[],same piece materials; tradeable collection independent,"high for collection independence, unconfirmed Forever equivalence","[""https://www.wowhead.com/classic/guide/naxxramas-tier-3-armor-set-wow-classic""]","All existing material rows collect independently. Echoes of War9033 is missing from the current goal; it gates crafting quests, not gathering. Parent piece is auto-owned metadata and has no manual checkbox.","{""quest"": 9033, ""name"": ""Echoes of War"", ""appliesTo"": ""future crafting/turn-in task only""}",,,False,raid_set_step_audit.json
tier3:sections[3].pieces[3].materials[1],tier3,sections[3].pieces[3].materials[1],3_3_m1,material,True,Desecrated Tunic from the Four Horsemen Chest,no_lock,[],[],same piece materials; tradeable collection independent,"high for collection independence, unconfirmed Forever equivalence","[""https://www.wowhead.com/classic/guide/naxxramas-tier-3-armor-set-wow-classic""]","All existing material rows collect independently. Echoes of War9033 is missing from the current goal; it gates crafting quests, not gathering. Parent piece is auto-owned metadata and has no manual checkbox.","{""quest"": 9033, ""name"": ""Echoes of War"", ""appliesTo"": ""future crafting/turn-in task only""}",,,False,raid_set_step_audit.json
tier3:sections[3].pieces[3].materials[2],tier3,sections[3].pieces[3].materials[2],3_3_m2,material,True,25 Wartorn Chain Scraps from Naxxramas trash,no_lock,[],[],same piece materials; tradeable collection independent,"high for collection independence, unconfirmed Forever equivalence","[""https://www.wowhead.com/classic/guide/naxxramas-tier-3-armor-set-wow-classic""]","All existing material rows collect independently. Echoes of War9033 is missing from the current goal; it gates crafting quests, not gathering. Parent piece is auto-owned metadata and has no manual checkbox.","{""quest"": 9033, ""name"": ""Echoes of War"", ""appliesTo"": ""future crafting/turn-in task only""}",,,False,raid_set_step_audit.json
tier3:sections[3].pieces[3].materials[3],tier3,sections[3].pieces[3].materials[3],3_3_m3,material,True,4 Arcanite Bars,no_lock,[],[],same piece materials; tradeable collection independent,"high for collection independence, unconfirmed Forever equivalence","[""https://www.wowhead.com/classic/guide/naxxramas-tier-3-armor-set-wow-classic""]","All existing material rows collect independently. Echoes of War9033 is missing from the current goal; it gates crafting quests, not gathering. Parent piece is auto-owned metadata and has no manual checkbox.","{""quest"": 9033, ""name"": ""Echoes of War"", ""appliesTo"": ""future crafting/turn-in task only""}",,,False,raid_set_step_audit.json
tier3:sections[3].pieces[3].materials[4],tier3,sections[3].pieces[3].materials[4],3_3_m4,material,True,3 Cured Rugged Hides,no_lock,[],[],same piece materials; tradeable collection independent,"high for collection independence, unconfirmed Forever equivalence","[""https://www.wowhead.com/classic/guide/naxxramas-tier-3-armor-set-wow-classic""]","All existing material rows collect independently. Echoes of War9033 is missing from the current goal; it gates crafting quests, not gathering. Parent piece is auto-owned metadata and has no manual checkbox.","{""quest"": 9033, ""name"": ""Echoes of War"", ""appliesTo"": ""future crafting/turn-in task only""}",,,False,raid_set_step_audit.json
tier3:sections[3].pieces[4],tier3,sections[3].pieces[4],3_4_piece,piece,False,Cryptstalker Handguards,no_lock,[],[],same piece materials; tradeable collection independent,"high for collection independence, unconfirmed Forever equivalence","[""https://www.wowhead.com/classic/guide/naxxramas-tier-3-armor-set-wow-classic""]","All existing material rows collect independently. Echoes of War9033 is missing from the current goal; it gates crafting quests, not gathering. Parent piece is auto-owned metadata and has no manual checkbox.","{""quest"": 9033, ""name"": ""Echoes of War"", ""appliesTo"": ""future crafting/turn-in task only""}",,,False,raid_set_step_audit.json
tier3:sections[3].pieces[4].materials[1],tier3,sections[3].pieces[4].materials[1],3_4_m1,material,True,Desecrated Handguards from Maexxna,no_lock,[],[],same piece materials; tradeable collection independent,"high for collection independence, unconfirmed Forever equivalence","[""https://www.wowhead.com/classic/guide/naxxramas-tier-3-armor-set-wow-classic""]","All existing material rows collect independently. Echoes of War9033 is missing from the current goal; it gates crafting quests, not gathering. Parent piece is auto-owned metadata and has no manual checkbox.","{""quest"": 9033, ""name"": ""Echoes of War"", ""appliesTo"": ""future crafting/turn-in task only""}",,,False,raid_set_step_audit.json
tier3:sections[3].pieces[4].materials[2],tier3,sections[3].pieces[4].materials[2],3_4_m2,material,True,8 Wartorn Chain Scraps from Naxxramas trash,no_lock,[],[],same piece materials; tradeable collection independent,"high for collection independence, unconfirmed Forever equivalence","[""https://www.wowhead.com/classic/guide/naxxramas-tier-3-armor-set-wow-classic""]","All existing material rows collect independently. Echoes of War9033 is missing from the current goal; it gates crafting quests, not gathering. Parent piece is auto-owned metadata and has no manual checkbox.","{""quest"": 9033, ""name"": ""Echoes of War"", ""appliesTo"": ""future crafting/turn-in task only""}",,,False,raid_set_step_audit.json
tier3:sections[3].pieces[4].materials[3],tier3,sections[3].pieces[4].materials[3],3_4_m3,material,True,1 Arcanite Bar,no_lock,[],[],same piece materials; tradeable collection independent,"high for collection independence, unconfirmed Forever equivalence","[""https://www.wowhead.com/classic/guide/naxxramas-tier-3-armor-set-wow-classic""]","All existing material rows collect independently. Echoes of War9033 is missing from the current goal; it gates crafting quests, not gathering. Parent piece is auto-owned metadata and has no manual checkbox.","{""quest"": 9033, ""name"": ""Echoes of War"", ""appliesTo"": ""future crafting/turn-in task only""}",,,False,raid_set_step_audit.json
tier3:sections[3].pieces[4].materials[4],tier3,sections[3].pieces[4].materials[4],3_4_m4,material,True,5 Cured Rugged Hides,no_lock,[],[],same piece materials; tradeable collection independent,"high for collection independence, unconfirmed Forever equivalence","[""https://www.wowhead.com/classic/guide/naxxramas-tier-3-armor-set-wow-classic""]","All existing material rows collect independently. Echoes of War9033 is missing from the current goal; it gates crafting quests, not gathering. Parent piece is auto-owned metadata and has no manual checkbox.","{""quest"": 9033, ""name"": ""Echoes of War"", ""appliesTo"": ""future crafting/turn-in task only""}",,,False,raid_set_step_audit.json
tier3:sections[3].pieces[5],tier3,sections[3].pieces[5],3_5_piece,piece,False,Cryptstalker Legguards,no_lock,[],[],same piece materials; tradeable collection independent,"high for collection independence, unconfirmed Forever equivalence","[""https://www.wowhead.com/classic/guide/naxxramas-tier-3-armor-set-wow-classic""]","All existing material rows collect independently. Echoes of War9033 is missing from the current goal; it gates crafting quests, not gathering. Parent piece is auto-owned metadata and has no manual checkbox.","{""quest"": 9033, ""name"": ""Echoes of War"", ""appliesTo"": ""future crafting/turn-in task only""}",,,False,raid_set_step_audit.json
tier3:sections[3].pieces[5].materials[1],tier3,sections[3].pieces[5].materials[1],3_5_m1,material,True,Desecrated Legguards from Loatheb,no_lock,[],[],same piece materials; tradeable collection independent,"high for collection independence, unconfirmed Forever equivalence","[""https://www.wowhead.com/classic/guide/naxxramas-tier-3-armor-set-wow-classic""]","All existing material rows collect independently. Echoes of War9033 is missing from the current goal; it gates crafting quests, not gathering. Parent piece is auto-owned metadata and has no manual checkbox.","{""quest"": 9033, ""name"": ""Echoes of War"", ""appliesTo"": ""future crafting/turn-in task only""}",,,False,raid_set_step_audit.json
tier3:sections[3].pieces[5].materials[2],tier3,sections[3].pieces[5].materials[2],3_5_m2,material,True,20 Wartorn Chain Scraps from Naxxramas trash,no_lock,[],[],same piece materials; tradeable collection independent,"high for collection independence, unconfirmed Forever equivalence","[""https://www.wowhead.com/classic/guide/naxxramas-tier-3-armor-set-wow-classic""]","All existing material rows collect independently. Echoes of War9033 is missing from the current goal; it gates crafting quests, not gathering. Parent piece is auto-owned metadata and has no manual checkbox.","{""quest"": 9033, ""name"": ""Echoes of War"", ""appliesTo"": ""future crafting/turn-in task only""}",,,False,raid_set_step_audit.json
tier3:sections[3].pieces[5].materials[3],tier3,sections[3].pieces[5].materials[3],3_5_m3,material,True,3 Arcanite Bars,no_lock,[],[],same piece materials; tradeable collection independent,"high for collection independence, unconfirmed Forever equivalence","[""https://www.wowhead.com/classic/guide/naxxramas-tier-3-armor-set-wow-classic""]","All existing material rows collect independently. Echoes of War9033 is missing from the current goal; it gates crafting quests, not gathering. Parent piece is auto-owned metadata and has no manual checkbox.","{""quest"": 9033, ""name"": ""Echoes of War"", ""appliesTo"": ""future crafting/turn-in task only""}",,,False,raid_set_step_audit.json
tier3:sections[3].pieces[5].materials[4],tier3,sections[3].pieces[5].materials[4],3_5_m4,material,True,5 Cured Rugged Hides,no_lock,[],[],same piece materials; tradeable collection independent,"high for collection independence, unconfirmed Forever equivalence","[""https://www.wowhead.com/classic/guide/naxxramas-tier-3-armor-set-wow-classic""]","All existing material rows collect independently. Echoes of War9033 is missing from the current goal; it gates crafting quests, not gathering. Parent piece is auto-owned metadata and has no manual checkbox.","{""quest"": 9033, ""name"": ""Echoes of War"", ""appliesTo"": ""future crafting/turn-in task only""}",,,False,raid_set_step_audit.json
tier3:sections[3].pieces[6],tier3,sections[3].pieces[6],3_6_piece,piece,False,Cryptstalker Girdle,no_lock,[],[],same piece materials; tradeable collection independent,"high for collection independence, unconfirmed Forever equivalence","[""https://www.wowhead.com/classic/guide/naxxramas-tier-3-armor-set-wow-classic""]","All existing material rows collect independently. Echoes of War9033 is missing from the current goal; it gates crafting quests, not gathering. Parent piece is auto-owned metadata and has no manual checkbox.","{""quest"": 9033, ""name"": ""Echoes of War"", ""appliesTo"": ""future crafting/turn-in task only""}",,,False,raid_set_step_audit.json
tier3:sections[3].pieces[6].materials[1],tier3,sections[3].pieces[6].materials[1],3_6_m1,material,True,"Desecrated Girdle from Noth the Plaguebringer, Heigan the Unclean or Gluth",no_lock,[],[],same piece materials; tradeable collection independent,"high for collection independence, unconfirmed Forever equivalence","[""https://www.wowhead.com/classic/guide/naxxramas-tier-3-armor-set-wow-classic""]","All existing material rows collect independently. Echoes of War9033 is missing from the current goal; it gates crafting quests, not gathering. Parent piece is auto-owned metadata and has no manual checkbox.","{""quest"": 9033, ""name"": ""Echoes of War"", ""appliesTo"": ""future crafting/turn-in task only""}",,,False,raid_set_step_audit.json
tier3:sections[3].pieces[6].materials[2],tier3,sections[3].pieces[6].materials[2],3_6_m2,material,True,8 Wartorn Chain Scraps from Naxxramas trash,no_lock,[],[],same piece materials; tradeable collection independent,"high for collection independence, unconfirmed Forever equivalence","[""https://www.wowhead.com/classic/guide/naxxramas-tier-3-armor-set-wow-classic""]","All existing material rows collect independently. Echoes of War9033 is missing from the current goal; it gates crafting quests, not gathering. Parent piece is auto-owned metadata and has no manual checkbox.","{""quest"": 9033, ""name"": ""Echoes of War"", ""appliesTo"": ""future crafting/turn-in task only""}",,,False,raid_set_step_audit.json
tier3:sections[3].pieces[6].materials[3],tier3,sections[3].pieces[6].materials[3],3_6_m3,material,True,1 Arcanite Bar,no_lock,[],[],same piece materials; tradeable collection independent,"high for collection independence, unconfirmed Forever equivalence","[""https://www.wowhead.com/classic/guide/naxxramas-tier-3-armor-set-wow-classic""]","All existing material rows collect independently. Echoes of War9033 is missing from the current goal; it gates crafting quests, not gathering. Parent piece is auto-owned metadata and has no manual checkbox.","{""quest"": 9033, ""name"": ""Echoes of War"", ""appliesTo"": ""future crafting/turn-in task only""}",,,False,raid_set_step_audit.json
tier3:sections[3].pieces[6].materials[4],tier3,sections[3].pieces[6].materials[4],3_6_m4,material,True,3 Nexus Crystals,no_lock,[],[],same piece materials; tradeable collection independent,"high for collection independence, unconfirmed Forever equivalence","[""https://www.wowhead.com/classic/guide/naxxramas-tier-3-armor-set-wow-classic""]","All existing material rows collect independently. Echoes of War9033 is missing from the current goal; it gates crafting quests, not gathering. Parent piece is auto-owned metadata and has no manual checkbox.","{""quest"": 9033, ""name"": ""Echoes of War"", ""appliesTo"": ""future crafting/turn-in task only""}",,,False,raid_set_step_audit.json
tier3:sections[3].pieces[7],tier3,sections[3].pieces[7],3_7_piece,piece,False,Cryptstalker Wristguards,no_lock,[],[],same piece materials; tradeable collection independent,"high for collection independence, unconfirmed Forever equivalence","[""https://www.wowhead.com/classic/guide/naxxramas-tier-3-armor-set-wow-classic""]","All existing material rows collect independently. Echoes of War9033 is missing from the current goal; it gates crafting quests, not gathering. Parent piece is auto-owned metadata and has no manual checkbox.","{""quest"": 9033, ""name"": ""Echoes of War"", ""appliesTo"": ""future crafting/turn-in task only""}",,,False,raid_set_step_audit.json
tier3:sections[3].pieces[7].materials[1],tier3,sections[3].pieces[7].materials[1],3_7_m1,material,True,"Desecrated Wristguards from Anub'Rekhan, Grand Widow Faerlina or Gluth",no_lock,[],[],same piece materials; tradeable collection independent,"high for collection independence, unconfirmed Forever equivalence","[""https://www.wowhead.com/classic/guide/naxxramas-tier-3-armor-set-wow-classic""]","All existing material rows collect independently. Echoes of War9033 is missing from the current goal; it gates crafting quests, not gathering. Parent piece is auto-owned metadata and has no manual checkbox.","{""quest"": 9033, ""name"": ""Echoes of War"", ""appliesTo"": ""future crafting/turn-in task only""}",,,False,raid_set_step_audit.json
tier3:sections[3].pieces[7].materials[2],tier3,sections[3].pieces[7].materials[2],3_7_m2,material,True,6 Wartorn Chain Scraps from Naxxramas trash,no_lock,[],[],same piece materials; tradeable collection independent,"high for collection independence, unconfirmed Forever equivalence","[""https://www.wowhead.com/classic/guide/naxxramas-tier-3-armor-set-wow-classic""]","All existing material rows collect independently. Echoes of War9033 is missing from the current goal; it gates crafting quests, not gathering. Parent piece is auto-owned metadata and has no manual checkbox.","{""quest"": 9033, ""name"": ""Echoes of War"", ""appliesTo"": ""future crafting/turn-in task only""}",,,False,raid_set_step_audit.json
tier3:sections[3].pieces[7].materials[3],tier3,sections[3].pieces[7].materials[3],3_7_m3,material,True,1 Arcanite Bar,no_lock,[],[],same piece materials; tradeable collection independent,"high for collection independence, unconfirmed Forever equivalence","[""https://www.wowhead.com/classic/guide/naxxramas-tier-3-armor-set-wow-classic""]","All existing material rows collect independently. Echoes of War9033 is missing from the current goal; it gates crafting quests, not gathering. Parent piece is auto-owned metadata and has no manual checkbox.","{""quest"": 9033, ""name"": ""Echoes of War"", ""appliesTo"": ""future crafting/turn-in task only""}",,,False,raid_set_step_audit.json
tier3:sections[3].pieces[7].materials[4],tier3,sections[3].pieces[7].materials[4],3_7_m4,material,True,2 Cured Rugged Hides,no_lock,[],[],same piece materials; tradeable collection independent,"high for collection independence, unconfirmed Forever equivalence","[""https://www.wowhead.com/classic/guide/naxxramas-tier-3-armor-set-wow-classic""]","All existing material rows collect independently. Echoes of War9033 is missing from the current goal; it gates crafting quests, not gathering. Parent piece is auto-owned metadata and has no manual checkbox.","{""quest"": 9033, ""name"": ""Echoes of War"", ""appliesTo"": ""future crafting/turn-in task only""}",,,False,raid_set_step_audit.json
tier3:sections[3].pieces[8],tier3,sections[3].pieces[8],3_8_piece,piece,False,Cryptstalker Boots,no_lock,[],[],same piece materials; tradeable collection independent,"high for collection independence, unconfirmed Forever equivalence","[""https://www.wowhead.com/classic/guide/naxxramas-tier-3-armor-set-wow-classic""]","All existing material rows collect independently. Echoes of War9033 is missing from the current goal; it gates crafting quests, not gathering. Parent piece is auto-owned metadata and has no manual checkbox.","{""quest"": 9033, ""name"": ""Echoes of War"", ""appliesTo"": ""future crafting/turn-in task only""}",,,False,raid_set_step_audit.json
tier3:sections[3].pieces[8].materials[1],tier3,sections[3].pieces[8].materials[1],3_8_m1,material,True,"Desecrated Boots from Instructor Razuvious, Gothik the Harvester or Gluth",no_lock,[],[],same piece materials; tradeable collection independent,"high for collection independence, unconfirmed Forever equivalence","[""https://www.wowhead.com/classic/guide/naxxramas-tier-3-armor-set-wow-classic""]","All existing material rows collect independently. Echoes of War9033 is missing from the current goal; it gates crafting quests, not gathering. Parent piece is auto-owned metadata and has no manual checkbox.","{""quest"": 9033, ""name"": ""Echoes of War"", ""appliesTo"": ""future crafting/turn-in task only""}",,,False,raid_set_step_audit.json
tier3:sections[3].pieces[8].materials[2],tier3,sections[3].pieces[8].materials[2],3_8_m2,material,True,12 Wartorn Chain Scraps from Naxxramas trash,no_lock,[],[],same piece materials; tradeable collection independent,"high for collection independence, unconfirmed Forever equivalence","[""https://www.wowhead.com/classic/guide/naxxramas-tier-3-armor-set-wow-classic""]","All existing material rows collect independently. Echoes of War9033 is missing from the current goal; it gates crafting quests, not gathering. Parent piece is auto-owned metadata and has no manual checkbox.","{""quest"": 9033, ""name"": ""Echoes of War"", ""appliesTo"": ""future crafting/turn-in task only""}",,,False,raid_set_step_audit.json
tier3:sections[3].pieces[8].materials[3],tier3,sections[3].pieces[8].materials[3],3_8_m3,material,True,1 Arcanite Bar,no_lock,[],[],same piece materials; tradeable collection independent,"high for collection independence, unconfirmed Forever equivalence","[""https://www.wowhead.com/classic/guide/naxxramas-tier-3-armor-set-wow-classic""]","All existing material rows collect independently. Echoes of War9033 is missing from the current goal; it gates crafting quests, not gathering. Parent piece is auto-owned metadata and has no manual checkbox.","{""quest"": 9033, ""name"": ""Echoes of War"", ""appliesTo"": ""future crafting/turn-in task only""}",,,False,raid_set_step_audit.json
tier3:sections[3].pieces[8].materials[4],tier3,sections[3].pieces[8].materials[4],3_8_m4,material,True,3 Nexus Crystals,no_lock,[],[],same piece materials; tradeable collection independent,"high for collection independence, unconfirmed Forever equivalence","[""https://www.wowhead.com/classic/guide/naxxramas-tier-3-armor-set-wow-classic""]","All existing material rows collect independently. Echoes of War9033 is missing from the current goal; it gates crafting quests, not gathering. Parent piece is auto-owned metadata and has no manual checkbox.","{""quest"": 9033, ""name"": ""Echoes of War"", ""appliesTo"": ""future crafting/turn-in task only""}",,,False,raid_set_step_audit.json
tier3:sections[4].pieces[1],tier3,sections[4].pieces[1],4_1_piece,piece,False,Bonescythe Helmet,no_lock,[],[],same piece materials; tradeable collection independent,"high for collection independence, unconfirmed Forever equivalence","[""https://www.wowhead.com/classic/guide/naxxramas-tier-3-armor-set-wow-classic""]","All existing material rows collect independently. Echoes of War9033 is missing from the current goal; it gates crafting quests, not gathering. Parent piece is auto-owned metadata and has no manual checkbox.","{""quest"": 9033, ""name"": ""Echoes of War"", ""appliesTo"": ""future crafting/turn-in task only""}",,,False,raid_set_step_audit.json
tier3:sections[4].pieces[1].materials[1],tier3,sections[4].pieces[1].materials[1],4_1_m1,material,True,Desecrated Helmet from Thaddius,no_lock,[],[],same piece materials; tradeable collection independent,"high for collection independence, unconfirmed Forever equivalence","[""https://www.wowhead.com/classic/guide/naxxramas-tier-3-armor-set-wow-classic""]","All existing material rows collect independently. Echoes of War9033 is missing from the current goal; it gates crafting quests, not gathering. Parent piece is auto-owned metadata and has no manual checkbox.","{""quest"": 9033, ""name"": ""Echoes of War"", ""appliesTo"": ""future crafting/turn-in task only""}",,,False,raid_set_step_audit.json
tier3:sections[4].pieces[1].materials[2],tier3,sections[4].pieces[1].materials[2],4_1_m2,material,True,15 Wartorn Leather Scraps from Naxxramas trash,no_lock,[],[],same piece materials; tradeable collection independent,"high for collection independence, unconfirmed Forever equivalence","[""https://www.wowhead.com/classic/guide/naxxramas-tier-3-armor-set-wow-classic""]","All existing material rows collect independently. Echoes of War9033 is missing from the current goal; it gates crafting quests, not gathering. Parent piece is auto-owned metadata and has no manual checkbox.","{""quest"": 9033, ""name"": ""Echoes of War"", ""appliesTo"": ""future crafting/turn-in task only""}",,,False,raid_set_step_audit.json
tier3:sections[4].pieces[1].materials[3],tier3,sections[4].pieces[1].materials[3],4_1_m3,material,True,8 Cured Rugged Hides,no_lock,[],[],same piece materials; tradeable collection independent,"high for collection independence, unconfirmed Forever equivalence","[""https://www.wowhead.com/classic/guide/naxxramas-tier-3-armor-set-wow-classic""]","All existing material rows collect independently. Echoes of War9033 is missing from the current goal; it gates crafting quests, not gathering. Parent piece is auto-owned metadata and has no manual checkbox.","{""quest"": 9033, ""name"": ""Echoes of War"", ""appliesTo"": ""future crafting/turn-in task only""}",,,False,raid_set_step_audit.json
tier3:sections[4].pieces[1].materials[4],tier3,sections[4].pieces[1].materials[4],4_1_m4,material,True,1 Nexus Crystal,no_lock,[],[],same piece materials; tradeable collection independent,"high for collection independence, unconfirmed Forever equivalence","[""https://www.wowhead.com/classic/guide/naxxramas-tier-3-armor-set-wow-classic""]","All existing material rows collect independently. Echoes of War9033 is missing from the current goal; it gates crafting quests, not gathering. Parent piece is auto-owned metadata and has no manual checkbox.","{""quest"": 9033, ""name"": ""Echoes of War"", ""appliesTo"": ""future crafting/turn-in task only""}",,,False,raid_set_step_audit.json
tier3:sections[4].pieces[2],tier3,sections[4].pieces[2],4_2_piece,piece,False,Bonescythe Pauldrons,no_lock,[],[],same piece materials; tradeable collection independent,"high for collection independence, unconfirmed Forever equivalence","[""https://www.wowhead.com/classic/guide/naxxramas-tier-3-armor-set-wow-classic""]","All existing material rows collect independently. Echoes of War9033 is missing from the current goal; it gates crafting quests, not gathering. Parent piece is auto-owned metadata and has no manual checkbox.","{""quest"": 9033, ""name"": ""Echoes of War"", ""appliesTo"": ""future crafting/turn-in task only""}",,,False,raid_set_step_audit.json
tier3:sections[4].pieces[2].materials[1],tier3,sections[4].pieces[2].materials[1],4_2_m1,material,True,"Desecrated Pauldrons from Patchwerk, Grobbulus or Gluth",no_lock,[],[],same piece materials; tradeable collection independent,"high for collection independence, unconfirmed Forever equivalence","[""https://www.wowhead.com/classic/guide/naxxramas-tier-3-armor-set-wow-classic""]","All existing material rows collect independently. Echoes of War9033 is missing from the current goal; it gates crafting quests, not gathering. Parent piece is auto-owned metadata and has no manual checkbox.","{""quest"": 9033, ""name"": ""Echoes of War"", ""appliesTo"": ""future crafting/turn-in task only""}",,,False,raid_set_step_audit.json
tier3:sections[4].pieces[2].materials[2],tier3,sections[4].pieces[2].materials[2],4_2_m2,material,True,12 Wartorn Leather Scraps from Naxxramas trash,no_lock,[],[],same piece materials; tradeable collection independent,"high for collection independence, unconfirmed Forever equivalence","[""https://www.wowhead.com/classic/guide/naxxramas-tier-3-armor-set-wow-classic""]","All existing material rows collect independently. Echoes of War9033 is missing from the current goal; it gates crafting quests, not gathering. Parent piece is auto-owned metadata and has no manual checkbox.","{""quest"": 9033, ""name"": ""Echoes of War"", ""appliesTo"": ""future crafting/turn-in task only""}",,,False,raid_set_step_audit.json
tier3:sections[4].pieces[2].materials[3],tier3,sections[4].pieces[2].materials[3],4_2_m3,material,True,5 Cured Rugged Hides,no_lock,[],[],same piece materials; tradeable collection independent,"high for collection independence, unconfirmed Forever equivalence","[""https://www.wowhead.com/classic/guide/naxxramas-tier-3-armor-set-wow-classic""]","All existing material rows collect independently. Echoes of War9033 is missing from the current goal; it gates crafting quests, not gathering. Parent piece is auto-owned metadata and has no manual checkbox.","{""quest"": 9033, ""name"": ""Echoes of War"", ""appliesTo"": ""future crafting/turn-in task only""}",,,False,raid_set_step_audit.json
tier3:sections[4].pieces[2].materials[4],tier3,sections[4].pieces[2].materials[4],4_2_m4,material,True,1 Nexus Crystal,no_lock,[],[],same piece materials; tradeable collection independent,"high for collection independence, unconfirmed Forever equivalence","[""https://www.wowhead.com/classic/guide/naxxramas-tier-3-armor-set-wow-classic""]","All existing material rows collect independently. Echoes of War9033 is missing from the current goal; it gates crafting quests, not gathering. Parent piece is auto-owned metadata and has no manual checkbox.","{""quest"": 9033, ""name"": ""Echoes of War"", ""appliesTo"": ""future crafting/turn-in task only""}",,,False,raid_set_step_audit.json
tier3:sections[4].pieces[3],tier3,sections[4].pieces[3],4_3_piece,piece,False,Bonescythe Breastplate,no_lock,[],[],same piece materials; tradeable collection independent,"high for collection independence, unconfirmed Forever equivalence","[""https://www.wowhead.com/classic/guide/naxxramas-tier-3-armor-set-wow-classic""]","All existing material rows collect independently. Echoes of War9033 is missing from the current goal; it gates crafting quests, not gathering. Parent piece is auto-owned metadata and has no manual checkbox.","{""quest"": 9033, ""name"": ""Echoes of War"", ""appliesTo"": ""future crafting/turn-in task only""}",,,False,raid_set_step_audit.json
tier3:sections[4].pieces[3].materials[1],tier3,sections[4].pieces[3].materials[1],4_3_m1,material,True,Desecrated Breastplate from the Four Horsemen Chest,no_lock,[],[],same piece materials; tradeable collection independent,"high for collection independence, unconfirmed Forever equivalence","[""https://www.wowhead.com/classic/guide/naxxramas-tier-3-armor-set-wow-classic""]","All existing material rows collect independently. Echoes of War9033 is missing from the current goal; it gates crafting quests, not gathering. Parent piece is auto-owned metadata and has no manual checkbox.","{""quest"": 9033, ""name"": ""Echoes of War"", ""appliesTo"": ""future crafting/turn-in task only""}",,,False,raid_set_step_audit.json
tier3:sections[4].pieces[3].materials[2],tier3,sections[4].pieces[3].materials[2],4_3_m2,material,True,25 Wartorn Leather Scraps from Naxxramas trash,no_lock,[],[],same piece materials; tradeable collection independent,"high for collection independence, unconfirmed Forever equivalence","[""https://www.wowhead.com/classic/guide/naxxramas-tier-3-armor-set-wow-classic""]","All existing material rows collect independently. Echoes of War9033 is missing from the current goal; it gates crafting quests, not gathering. Parent piece is auto-owned metadata and has no manual checkbox.","{""quest"": 9033, ""name"": ""Echoes of War"", ""appliesTo"": ""future crafting/turn-in task only""}",,,False,raid_set_step_audit.json
tier3:sections[4].pieces[3].materials[3],tier3,sections[4].pieces[3].materials[3],4_3_m3,material,True,2 Arcanite Bars,no_lock,[],[],same piece materials; tradeable collection independent,"high for collection independence, unconfirmed Forever equivalence","[""https://www.wowhead.com/classic/guide/naxxramas-tier-3-armor-set-wow-classic""]","All existing material rows collect independently. Echoes of War9033 is missing from the current goal; it gates crafting quests, not gathering. Parent piece is auto-owned metadata and has no manual checkbox.","{""quest"": 9033, ""name"": ""Echoes of War"", ""appliesTo"": ""future crafting/turn-in task only""}",,,False,raid_set_step_audit.json
tier3:sections[4].pieces[3].materials[4],tier3,sections[4].pieces[3].materials[4],4_3_m4,material,True,6 Cured Rugged Hides,no_lock,[],[],same piece materials; tradeable collection independent,"high for collection independence, unconfirmed Forever equivalence","[""https://www.wowhead.com/classic/guide/naxxramas-tier-3-armor-set-wow-classic""]","All existing material rows collect independently. Echoes of War9033 is missing from the current goal; it gates crafting quests, not gathering. Parent piece is auto-owned metadata and has no manual checkbox.","{""quest"": 9033, ""name"": ""Echoes of War"", ""appliesTo"": ""future crafting/turn-in task only""}",,,False,raid_set_step_audit.json
tier3:sections[4].pieces[4],tier3,sections[4].pieces[4],4_4_piece,piece,False,Bonescythe Gauntlets,no_lock,[],[],same piece materials; tradeable collection independent,"high for collection independence, unconfirmed Forever equivalence","[""https://www.wowhead.com/classic/guide/naxxramas-tier-3-armor-set-wow-classic""]","All existing material rows collect independently. Echoes of War9033 is missing from the current goal; it gates crafting quests, not gathering. Parent piece is auto-owned metadata and has no manual checkbox.","{""quest"": 9033, ""name"": ""Echoes of War"", ""appliesTo"": ""future crafting/turn-in task only""}",,,False,raid_set_step_audit.json
tier3:sections[4].pieces[4].materials[1],tier3,sections[4].pieces[4].materials[1],4_4_m1,material,True,Desecrated Gauntlets from Maexxna,no_lock,[],[],same piece materials; tradeable collection independent,"high for collection independence, unconfirmed Forever equivalence","[""https://www.wowhead.com/classic/guide/naxxramas-tier-3-armor-set-wow-classic""]","All existing material rows collect independently. Echoes of War9033 is missing from the current goal; it gates crafting quests, not gathering. Parent piece is auto-owned metadata and has no manual checkbox.","{""quest"": 9033, ""name"": ""Echoes of War"", ""appliesTo"": ""future crafting/turn-in task only""}",,,False,raid_set_step_audit.json
tier3:sections[4].pieces[4].materials[2],tier3,sections[4].pieces[4].materials[2],4_4_m2,material,True,8 Wartorn Leather Scraps from Naxxramas trash,no_lock,[],[],same piece materials; tradeable collection independent,"high for collection independence, unconfirmed Forever equivalence","[""https://www.wowhead.com/classic/guide/naxxramas-tier-3-armor-set-wow-classic""]","All existing material rows collect independently. Echoes of War9033 is missing from the current goal; it gates crafting quests, not gathering. Parent piece is auto-owned metadata and has no manual checkbox.","{""quest"": 9033, ""name"": ""Echoes of War"", ""appliesTo"": ""future crafting/turn-in task only""}",,,False,raid_set_step_audit.json
tier3:sections[4].pieces[4].materials[3],tier3,sections[4].pieces[4].materials[3],4_4_m3,material,True,1 Arcanite Bar,no_lock,[],[],same piece materials; tradeable collection independent,"high for collection independence, unconfirmed Forever equivalence","[""https://www.wowhead.com/classic/guide/naxxramas-tier-3-armor-set-wow-classic""]","All existing material rows collect independently. Echoes of War9033 is missing from the current goal; it gates crafting quests, not gathering. Parent piece is auto-owned metadata and has no manual checkbox.","{""quest"": 9033, ""name"": ""Echoes of War"", ""appliesTo"": ""future crafting/turn-in task only""}",,,False,raid_set_step_audit.json
tier3:sections[4].pieces[4].materials[4],tier3,sections[4].pieces[4].materials[4],4_4_m4,material,True,5 Cured Rugged Hides,no_lock,[],[],same piece materials; tradeable collection independent,"high for collection independence, unconfirmed Forever equivalence","[""https://www.wowhead.com/classic/guide/naxxramas-tier-3-armor-set-wow-classic""]","All existing material rows collect independently. Echoes of War9033 is missing from the current goal; it gates crafting quests, not gathering. Parent piece is auto-owned metadata and has no manual checkbox.","{""quest"": 9033, ""name"": ""Echoes of War"", ""appliesTo"": ""future crafting/turn-in task only""}",,,False,raid_set_step_audit.json
tier3:sections[4].pieces[5],tier3,sections[4].pieces[5],4_5_piece,piece,False,Bonescythe Legplates,no_lock,[],[],same piece materials; tradeable collection independent,"high for collection independence, unconfirmed Forever equivalence","[""https://www.wowhead.com/classic/guide/naxxramas-tier-3-armor-set-wow-classic""]","All existing material rows collect independently. Echoes of War9033 is missing from the current goal; it gates crafting quests, not gathering. Parent piece is auto-owned metadata and has no manual checkbox.","{""quest"": 9033, ""name"": ""Echoes of War"", ""appliesTo"": ""future crafting/turn-in task only""}",,,False,raid_set_step_audit.json
tier3:sections[4].pieces[5].materials[1],tier3,sections[4].pieces[5].materials[1],4_5_m1,material,True,Desecrated Legplates from Loatheb,no_lock,[],[],same piece materials; tradeable collection independent,"high for collection independence, unconfirmed Forever equivalence","[""https://www.wowhead.com/classic/guide/naxxramas-tier-3-armor-set-wow-classic""]","All existing material rows collect independently. Echoes of War9033 is missing from the current goal; it gates crafting quests, not gathering. Parent piece is auto-owned metadata and has no manual checkbox.","{""quest"": 9033, ""name"": ""Echoes of War"", ""appliesTo"": ""future crafting/turn-in task only""}",,,False,raid_set_step_audit.json
tier3:sections[4].pieces[5].materials[2],tier3,sections[4].pieces[5].materials[2],4_5_m2,material,True,20 Wartorn Leather Scraps from Naxxramas trash,no_lock,[],[],same piece materials; tradeable collection independent,"high for collection independence, unconfirmed Forever equivalence","[""https://www.wowhead.com/classic/guide/naxxramas-tier-3-armor-set-wow-classic""]","All existing material rows collect independently. Echoes of War9033 is missing from the current goal; it gates crafting quests, not gathering. Parent piece is auto-owned metadata and has no manual checkbox.","{""quest"": 9033, ""name"": ""Echoes of War"", ""appliesTo"": ""future crafting/turn-in task only""}",,,False,raid_set_step_audit.json
tier3:sections[4].pieces[5].materials[3],tier3,sections[4].pieces[5].materials[3],4_5_m3,material,True,1 Arcanite Bar,no_lock,[],[],same piece materials; tradeable collection independent,"high for collection independence, unconfirmed Forever equivalence","[""https://www.wowhead.com/classic/guide/naxxramas-tier-3-armor-set-wow-classic""]","All existing material rows collect independently. Echoes of War9033 is missing from the current goal; it gates crafting quests, not gathering. Parent piece is auto-owned metadata and has no manual checkbox.","{""quest"": 9033, ""name"": ""Echoes of War"", ""appliesTo"": ""future crafting/turn-in task only""}",,,False,raid_set_step_audit.json
tier3:sections[4].pieces[5].materials[4],tier3,sections[4].pieces[5].materials[4],4_5_m4,material,True,8 Cured Rugged Hides,no_lock,[],[],same piece materials; tradeable collection independent,"high for collection independence, unconfirmed Forever equivalence","[""https://www.wowhead.com/classic/guide/naxxramas-tier-3-armor-set-wow-classic""]","All existing material rows collect independently. Echoes of War9033 is missing from the current goal; it gates crafting quests, not gathering. Parent piece is auto-owned metadata and has no manual checkbox.","{""quest"": 9033, ""name"": ""Echoes of War"", ""appliesTo"": ""future crafting/turn-in task only""}",,,False,raid_set_step_audit.json
tier3:sections[4].pieces[6],tier3,sections[4].pieces[6],4_6_piece,piece,False,Bonescythe Waistguard,no_lock,[],[],same piece materials; tradeable collection independent,"high for collection independence, unconfirmed Forever equivalence","[""https://www.wowhead.com/classic/guide/naxxramas-tier-3-armor-set-wow-classic""]","All existing material rows collect independently. Echoes of War9033 is missing from the current goal; it gates crafting quests, not gathering. Parent piece is auto-owned metadata and has no manual checkbox.","{""quest"": 9033, ""name"": ""Echoes of War"", ""appliesTo"": ""future crafting/turn-in task only""}",,,False,raid_set_step_audit.json
tier3:sections[4].pieces[6].materials[1],tier3,sections[4].pieces[6].materials[1],4_6_m1,material,True,"Desecrated Waistguard from Noth the Plaguebringer, Heigan the Unclean or Gluth",no_lock,[],[],same piece materials; tradeable collection independent,"high for collection independence, unconfirmed Forever equivalence","[""https://www.wowhead.com/classic/guide/naxxramas-tier-3-armor-set-wow-classic""]","All existing material rows collect independently. Echoes of War9033 is missing from the current goal; it gates crafting quests, not gathering. Parent piece is auto-owned metadata and has no manual checkbox.","{""quest"": 9033, ""name"": ""Echoes of War"", ""appliesTo"": ""future crafting/turn-in task only""}",,,False,raid_set_step_audit.json
tier3:sections[4].pieces[6].materials[2],tier3,sections[4].pieces[6].materials[2],4_6_m2,material,True,8 Wartorn Leather Scraps from Naxxramas trash,no_lock,[],[],same piece materials; tradeable collection independent,"high for collection independence, unconfirmed Forever equivalence","[""https://www.wowhead.com/classic/guide/naxxramas-tier-3-armor-set-wow-classic""]","All existing material rows collect independently. Echoes of War9033 is missing from the current goal; it gates crafting quests, not gathering. Parent piece is auto-owned metadata and has no manual checkbox.","{""quest"": 9033, ""name"": ""Echoes of War"", ""appliesTo"": ""future crafting/turn-in task only""}",,,False,raid_set_step_audit.json
tier3:sections[4].pieces[6].materials[3],tier3,sections[4].pieces[6].materials[3],4_6_m3,material,True,5 Cured Rugged Hides,no_lock,[],[],same piece materials; tradeable collection independent,"high for collection independence, unconfirmed Forever equivalence","[""https://www.wowhead.com/classic/guide/naxxramas-tier-3-armor-set-wow-classic""]","All existing material rows collect independently. Echoes of War9033 is missing from the current goal; it gates crafting quests, not gathering. Parent piece is auto-owned metadata and has no manual checkbox.","{""quest"": 9033, ""name"": ""Echoes of War"", ""appliesTo"": ""future crafting/turn-in task only""}",,,False,raid_set_step_audit.json
tier3:sections[4].pieces[6].materials[4],tier3,sections[4].pieces[6].materials[4],4_6_m4,material,True,1 Nexus Crystal,no_lock,[],[],same piece materials; tradeable collection independent,"high for collection independence, unconfirmed Forever equivalence","[""https://www.wowhead.com/classic/guide/naxxramas-tier-3-armor-set-wow-classic""]","All existing material rows collect independently. Echoes of War9033 is missing from the current goal; it gates crafting quests, not gathering. Parent piece is auto-owned metadata and has no manual checkbox.","{""quest"": 9033, ""name"": ""Echoes of War"", ""appliesTo"": ""future crafting/turn-in task only""}",,,False,raid_set_step_audit.json
tier3:sections[4].pieces[7],tier3,sections[4].pieces[7],4_7_piece,piece,False,Bonescythe Bracers,no_lock,[],[],same piece materials; tradeable collection independent,"high for collection independence, unconfirmed Forever equivalence","[""https://www.wowhead.com/classic/guide/naxxramas-tier-3-armor-set-wow-classic""]","All existing material rows collect independently. Echoes of War9033 is missing from the current goal; it gates crafting quests, not gathering. Parent piece is auto-owned metadata and has no manual checkbox.","{""quest"": 9033, ""name"": ""Echoes of War"", ""appliesTo"": ""future crafting/turn-in task only""}",,,False,raid_set_step_audit.json
tier3:sections[4].pieces[7].materials[1],tier3,sections[4].pieces[7].materials[1],4_7_m1,material,True,"Desecrated Bracers from Anub'Rekhan, Grand Widow Faerlina or Gluth",no_lock,[],[],same piece materials; tradeable collection independent,"high for collection independence, unconfirmed Forever equivalence","[""https://www.wowhead.com/classic/guide/naxxramas-tier-3-armor-set-wow-classic""]","All existing material rows collect independently. Echoes of War9033 is missing from the current goal; it gates crafting quests, not gathering. Parent piece is auto-owned metadata and has no manual checkbox.","{""quest"": 9033, ""name"": ""Echoes of War"", ""appliesTo"": ""future crafting/turn-in task only""}",,,False,raid_set_step_audit.json
tier3:sections[4].pieces[7].materials[2],tier3,sections[4].pieces[7].materials[2],4_7_m2,material,True,6 Wartorn Leather Scraps from Naxxramas trash,no_lock,[],[],same piece materials; tradeable collection independent,"high for collection independence, unconfirmed Forever equivalence","[""https://www.wowhead.com/classic/guide/naxxramas-tier-3-armor-set-wow-classic""]","All existing material rows collect independently. Echoes of War9033 is missing from the current goal; it gates crafting quests, not gathering. Parent piece is auto-owned metadata and has no manual checkbox.","{""quest"": 9033, ""name"": ""Echoes of War"", ""appliesTo"": ""future crafting/turn-in task only""}",,,False,raid_set_step_audit.json
tier3:sections[4].pieces[7].materials[3],tier3,sections[4].pieces[7].materials[3],4_7_m3,material,True,1 Arcanite Bar,no_lock,[],[],same piece materials; tradeable collection independent,"high for collection independence, unconfirmed Forever equivalence","[""https://www.wowhead.com/classic/guide/naxxramas-tier-3-armor-set-wow-classic""]","All existing material rows collect independently. Echoes of War9033 is missing from the current goal; it gates crafting quests, not gathering. Parent piece is auto-owned metadata and has no manual checkbox.","{""quest"": 9033, ""name"": ""Echoes of War"", ""appliesTo"": ""future crafting/turn-in task only""}",,,False,raid_set_step_audit.json
tier3:sections[4].pieces[7].materials[4],tier3,sections[4].pieces[7].materials[4],4_7_m4,material,True,2 Cured Rugged Hides,no_lock,[],[],same piece materials; tradeable collection independent,"high for collection independence, unconfirmed Forever equivalence","[""https://www.wowhead.com/classic/guide/naxxramas-tier-3-armor-set-wow-classic""]","All existing material rows collect independently. Echoes of War9033 is missing from the current goal; it gates crafting quests, not gathering. Parent piece is auto-owned metadata and has no manual checkbox.","{""quest"": 9033, ""name"": ""Echoes of War"", ""appliesTo"": ""future crafting/turn-in task only""}",,,False,raid_set_step_audit.json
tier3:sections[4].pieces[8],tier3,sections[4].pieces[8],4_8_piece,piece,False,Bonescythe Sabatons,no_lock,[],[],same piece materials; tradeable collection independent,"high for collection independence, unconfirmed Forever equivalence","[""https://www.wowhead.com/classic/guide/naxxramas-tier-3-armor-set-wow-classic""]","All existing material rows collect independently. Echoes of War9033 is missing from the current goal; it gates crafting quests, not gathering. Parent piece is auto-owned metadata and has no manual checkbox.","{""quest"": 9033, ""name"": ""Echoes of War"", ""appliesTo"": ""future crafting/turn-in task only""}",,,False,raid_set_step_audit.json
tier3:sections[4].pieces[8].materials[1],tier3,sections[4].pieces[8].materials[1],4_8_m1,material,True,"Desecrated Sabatons from Instructor Razuvious, Gothik the Harvester or Gluth",no_lock,[],[],same piece materials; tradeable collection independent,"high for collection independence, unconfirmed Forever equivalence","[""https://www.wowhead.com/classic/guide/naxxramas-tier-3-armor-set-wow-classic""]","All existing material rows collect independently. Echoes of War9033 is missing from the current goal; it gates crafting quests, not gathering. Parent piece is auto-owned metadata and has no manual checkbox.","{""quest"": 9033, ""name"": ""Echoes of War"", ""appliesTo"": ""future crafting/turn-in task only""}",,,False,raid_set_step_audit.json
tier3:sections[4].pieces[8].materials[2],tier3,sections[4].pieces[8].materials[2],4_8_m2,material,True,12 Wartorn Leather Scraps from Naxxramas trash,no_lock,[],[],same piece materials; tradeable collection independent,"high for collection independence, unconfirmed Forever equivalence","[""https://www.wowhead.com/classic/guide/naxxramas-tier-3-armor-set-wow-classic""]","All existing material rows collect independently. Echoes of War9033 is missing from the current goal; it gates crafting quests, not gathering. Parent piece is auto-owned metadata and has no manual checkbox.","{""quest"": 9033, ""name"": ""Echoes of War"", ""appliesTo"": ""future crafting/turn-in task only""}",,,False,raid_set_step_audit.json
tier3:sections[4].pieces[8].materials[3],tier3,sections[4].pieces[8].materials[3],4_8_m3,material,True,3 Cured Rugged Hides,no_lock,[],[],same piece materials; tradeable collection independent,"high for collection independence, unconfirmed Forever equivalence","[""https://www.wowhead.com/classic/guide/naxxramas-tier-3-armor-set-wow-classic""]","All existing material rows collect independently. Echoes of War9033 is missing from the current goal; it gates crafting quests, not gathering. Parent piece is auto-owned metadata and has no manual checkbox.","{""quest"": 9033, ""name"": ""Echoes of War"", ""appliesTo"": ""future crafting/turn-in task only""}",,,False,raid_set_step_audit.json
tier3:sections[4].pieces[8].materials[4],tier3,sections[4].pieces[8].materials[4],4_8_m4,material,True,2 Nexus Crystals,no_lock,[],[],same piece materials; tradeable collection independent,"high for collection independence, unconfirmed Forever equivalence","[""https://www.wowhead.com/classic/guide/naxxramas-tier-3-armor-set-wow-classic""]","All existing material rows collect independently. Echoes of War9033 is missing from the current goal; it gates crafting quests, not gathering. Parent piece is auto-owned metadata and has no manual checkbox.","{""quest"": 9033, ""name"": ""Echoes of War"", ""appliesTo"": ""future crafting/turn-in task only""}",,,False,raid_set_step_audit.json
tier3:sections[5].pieces[1],tier3,sections[5].pieces[1],5_1_piece,piece,False,Circlet of Faith,no_lock,[],[],same piece materials; tradeable collection independent,"high for collection independence, unconfirmed Forever equivalence","[""https://www.wowhead.com/classic/guide/naxxramas-tier-3-armor-set-wow-classic""]","All existing material rows collect independently. Echoes of War9033 is missing from the current goal; it gates crafting quests, not gathering. Parent piece is auto-owned metadata and has no manual checkbox.","{""quest"": 9033, ""name"": ""Echoes of War"", ""appliesTo"": ""future crafting/turn-in task only""}",,,False,raid_set_step_audit.json
tier3:sections[5].pieces[1].materials[1],tier3,sections[5].pieces[1].materials[1],5_1_m1,material,True,Desecrated Circlet from Thaddius,no_lock,[],[],same piece materials; tradeable collection independent,"high for collection independence, unconfirmed Forever equivalence","[""https://www.wowhead.com/classic/guide/naxxramas-tier-3-armor-set-wow-classic""]","All existing material rows collect independently. Echoes of War9033 is missing from the current goal; it gates crafting quests, not gathering. Parent piece is auto-owned metadata and has no manual checkbox.","{""quest"": 9033, ""name"": ""Echoes of War"", ""appliesTo"": ""future crafting/turn-in task only""}",,,False,raid_set_step_audit.json
tier3:sections[5].pieces[1].materials[2],tier3,sections[5].pieces[1].materials[2],5_1_m2,material,True,15 Wartorn Cloth Scraps from Naxxramas trash,no_lock,[],[],same piece materials; tradeable collection independent,"high for collection independence, unconfirmed Forever equivalence","[""https://www.wowhead.com/classic/guide/naxxramas-tier-3-armor-set-wow-classic""]","All existing material rows collect independently. Echoes of War9033 is missing from the current goal; it gates crafting quests, not gathering. Parent piece is auto-owned metadata and has no manual checkbox.","{""quest"": 9033, ""name"": ""Echoes of War"", ""appliesTo"": ""future crafting/turn-in task only""}",,,False,raid_set_step_audit.json
tier3:sections[5].pieces[1].materials[3],tier3,sections[5].pieces[1].materials[3],5_1_m3,material,True,3 Mooncloth,no_lock,[],[],same piece materials; tradeable collection independent,"high for collection independence, unconfirmed Forever equivalence","[""https://www.wowhead.com/classic/guide/naxxramas-tier-3-armor-set-wow-classic""]","All existing material rows collect independently. Echoes of War9033 is missing from the current goal; it gates crafting quests, not gathering. Parent piece is auto-owned metadata and has no manual checkbox.","{""quest"": 9033, ""name"": ""Echoes of War"", ""appliesTo"": ""future crafting/turn-in task only""}",,,False,raid_set_step_audit.json
tier3:sections[5].pieces[1].materials[4],tier3,sections[5].pieces[1].materials[4],5_1_m4,material,True,3 Nexus Crystals,no_lock,[],[],same piece materials; tradeable collection independent,"high for collection independence, unconfirmed Forever equivalence","[""https://www.wowhead.com/classic/guide/naxxramas-tier-3-armor-set-wow-classic""]","All existing material rows collect independently. Echoes of War9033 is missing from the current goal; it gates crafting quests, not gathering. Parent piece is auto-owned metadata and has no manual checkbox.","{""quest"": 9033, ""name"": ""Echoes of War"", ""appliesTo"": ""future crafting/turn-in task only""}",,,False,raid_set_step_audit.json
tier3:sections[5].pieces[2],tier3,sections[5].pieces[2],5_2_piece,piece,False,Shoulderpads of Faith,no_lock,[],[],same piece materials; tradeable collection independent,"high for collection independence, unconfirmed Forever equivalence","[""https://www.wowhead.com/classic/guide/naxxramas-tier-3-armor-set-wow-classic""]","All existing material rows collect independently. Echoes of War9033 is missing from the current goal; it gates crafting quests, not gathering. Parent piece is auto-owned metadata and has no manual checkbox.","{""quest"": 9033, ""name"": ""Echoes of War"", ""appliesTo"": ""future crafting/turn-in task only""}",,,False,raid_set_step_audit.json
tier3:sections[5].pieces[2].materials[1],tier3,sections[5].pieces[2].materials[1],5_2_m1,material,True,"Desecrated Shoulderpads from Patchwerk, Grobbulus or Gluth",no_lock,[],[],same piece materials; tradeable collection independent,"high for collection independence, unconfirmed Forever equivalence","[""https://www.wowhead.com/classic/guide/naxxramas-tier-3-armor-set-wow-classic""]","All existing material rows collect independently. Echoes of War9033 is missing from the current goal; it gates crafting quests, not gathering. Parent piece is auto-owned metadata and has no manual checkbox.","{""quest"": 9033, ""name"": ""Echoes of War"", ""appliesTo"": ""future crafting/turn-in task only""}",,,False,raid_set_step_audit.json
tier3:sections[5].pieces[2].materials[2],tier3,sections[5].pieces[2].materials[2],5_2_m2,material,True,12 Wartorn Cloth Scraps from Naxxramas trash,no_lock,[],[],same piece materials; tradeable collection independent,"high for collection independence, unconfirmed Forever equivalence","[""https://www.wowhead.com/classic/guide/naxxramas-tier-3-armor-set-wow-classic""]","All existing material rows collect independently. Echoes of War9033 is missing from the current goal; it gates crafting quests, not gathering. Parent piece is auto-owned metadata and has no manual checkbox.","{""quest"": 9033, ""name"": ""Echoes of War"", ""appliesTo"": ""future crafting/turn-in task only""}",,,False,raid_set_step_audit.json
tier3:sections[5].pieces[2].materials[3],tier3,sections[5].pieces[2].materials[3],5_2_m3,material,True,2 Mooncloth,no_lock,[],[],same piece materials; tradeable collection independent,"high for collection independence, unconfirmed Forever equivalence","[""https://www.wowhead.com/classic/guide/naxxramas-tier-3-armor-set-wow-classic""]","All existing material rows collect independently. Echoes of War9033 is missing from the current goal; it gates crafting quests, not gathering. Parent piece is auto-owned metadata and has no manual checkbox.","{""quest"": 9033, ""name"": ""Echoes of War"", ""appliesTo"": ""future crafting/turn-in task only""}",,,False,raid_set_step_audit.json
tier3:sections[5].pieces[2].materials[4],tier3,sections[5].pieces[2].materials[4],5_2_m4,material,True,3 Cured Rugged Hides,no_lock,[],[],same piece materials; tradeable collection independent,"high for collection independence, unconfirmed Forever equivalence","[""https://www.wowhead.com/classic/guide/naxxramas-tier-3-armor-set-wow-classic""]","All existing material rows collect independently. Echoes of War9033 is missing from the current goal; it gates crafting quests, not gathering. Parent piece is auto-owned metadata and has no manual checkbox.","{""quest"": 9033, ""name"": ""Echoes of War"", ""appliesTo"": ""future crafting/turn-in task only""}",,,False,raid_set_step_audit.json
tier3:sections[5].pieces[3],tier3,sections[5].pieces[3],5_3_piece,piece,False,Robe of Faith,no_lock,[],[],same piece materials; tradeable collection independent,"high for collection independence, unconfirmed Forever equivalence","[""https://www.wowhead.com/classic/guide/naxxramas-tier-3-armor-set-wow-classic""]","All existing material rows collect independently. Echoes of War9033 is missing from the current goal; it gates crafting quests, not gathering. Parent piece is auto-owned metadata and has no manual checkbox.","{""quest"": 9033, ""name"": ""Echoes of War"", ""appliesTo"": ""future crafting/turn-in task only""}",,,False,raid_set_step_audit.json
tier3:sections[5].pieces[3].materials[1],tier3,sections[5].pieces[3].materials[1],5_3_m1,material,True,Desecrated Robe from the Four Horsemen Chest,no_lock,[],[],same piece materials; tradeable collection independent,"high for collection independence, unconfirmed Forever equivalence","[""https://www.wowhead.com/classic/guide/naxxramas-tier-3-armor-set-wow-classic""]","All existing material rows collect independently. Echoes of War9033 is missing from the current goal; it gates crafting quests, not gathering. Parent piece is auto-owned metadata and has no manual checkbox.","{""quest"": 9033, ""name"": ""Echoes of War"", ""appliesTo"": ""future crafting/turn-in task only""}",,,False,raid_set_step_audit.json
tier3:sections[5].pieces[3].materials[2],tier3,sections[5].pieces[3].materials[2],5_3_m2,material,True,25 Wartorn Cloth Scraps from Naxxramas trash,no_lock,[],[],same piece materials; tradeable collection independent,"high for collection independence, unconfirmed Forever equivalence","[""https://www.wowhead.com/classic/guide/naxxramas-tier-3-armor-set-wow-classic""]","All existing material rows collect independently. Echoes of War9033 is missing from the current goal; it gates crafting quests, not gathering. Parent piece is auto-owned metadata and has no manual checkbox.","{""quest"": 9033, ""name"": ""Echoes of War"", ""appliesTo"": ""future crafting/turn-in task only""}",,,False,raid_set_step_audit.json
tier3:sections[5].pieces[3].materials[3],tier3,sections[5].pieces[3].materials[3],5_3_m3,material,True,4 Mooncloth,no_lock,[],[],same piece materials; tradeable collection independent,"high for collection independence, unconfirmed Forever equivalence","[""https://www.wowhead.com/classic/guide/naxxramas-tier-3-armor-set-wow-classic""]","All existing material rows collect independently. Echoes of War9033 is missing from the current goal; it gates crafting quests, not gathering. Parent piece is auto-owned metadata and has no manual checkbox.","{""quest"": 9033, ""name"": ""Echoes of War"", ""appliesTo"": ""future crafting/turn-in task only""}",,,False,raid_set_step_audit.json
tier3:sections[5].pieces[3].materials[4],tier3,sections[5].pieces[3].materials[4],5_3_m4,material,True,2 Nexus Crystals,no_lock,[],[],same piece materials; tradeable collection independent,"high for collection independence, unconfirmed Forever equivalence","[""https://www.wowhead.com/classic/guide/naxxramas-tier-3-armor-set-wow-classic""]","All existing material rows collect independently. Echoes of War9033 is missing from the current goal; it gates crafting quests, not gathering. Parent piece is auto-owned metadata and has no manual checkbox.","{""quest"": 9033, ""name"": ""Echoes of War"", ""appliesTo"": ""future crafting/turn-in task only""}",,,False,raid_set_step_audit.json
tier3:sections[5].pieces[4],tier3,sections[5].pieces[4],5_4_piece,piece,False,Gloves of Faith,no_lock,[],[],same piece materials; tradeable collection independent,"high for collection independence, unconfirmed Forever equivalence","[""https://www.wowhead.com/classic/guide/naxxramas-tier-3-armor-set-wow-classic""]","All existing material rows collect independently. Echoes of War9033 is missing from the current goal; it gates crafting quests, not gathering. Parent piece is auto-owned metadata and has no manual checkbox.","{""quest"": 9033, ""name"": ""Echoes of War"", ""appliesTo"": ""future crafting/turn-in task only""}",,,False,raid_set_step_audit.json
tier3:sections[5].pieces[4].materials[1],tier3,sections[5].pieces[4].materials[1],5_4_m1,material,True,Desecrated Gloves from Maexxna,no_lock,[],[],same piece materials; tradeable collection independent,"high for collection independence, unconfirmed Forever equivalence","[""https://www.wowhead.com/classic/guide/naxxramas-tier-3-armor-set-wow-classic""]","All existing material rows collect independently. Echoes of War9033 is missing from the current goal; it gates crafting quests, not gathering. Parent piece is auto-owned metadata and has no manual checkbox.","{""quest"": 9033, ""name"": ""Echoes of War"", ""appliesTo"": ""future crafting/turn-in task only""}",,,False,raid_set_step_audit.json
tier3:sections[5].pieces[4].materials[2],tier3,sections[5].pieces[4].materials[2],5_4_m2,material,True,8 Wartorn Cloth Scraps from Naxxramas trash,no_lock,[],[],same piece materials; tradeable collection independent,"high for collection independence, unconfirmed Forever equivalence","[""https://www.wowhead.com/classic/guide/naxxramas-tier-3-armor-set-wow-classic""]","All existing material rows collect independently. Echoes of War9033 is missing from the current goal; it gates crafting quests, not gathering. Parent piece is auto-owned metadata and has no manual checkbox.","{""quest"": 9033, ""name"": ""Echoes of War"", ""appliesTo"": ""future crafting/turn-in task only""}",,,False,raid_set_step_audit.json
tier3:sections[5].pieces[4].materials[3],tier3,sections[5].pieces[4].materials[3],5_4_m3,material,True,4 Mooncloth,no_lock,[],[],same piece materials; tradeable collection independent,"high for collection independence, unconfirmed Forever equivalence","[""https://www.wowhead.com/classic/guide/naxxramas-tier-3-armor-set-wow-classic""]","All existing material rows collect independently. Echoes of War9033 is missing from the current goal; it gates crafting quests, not gathering. Parent piece is auto-owned metadata and has no manual checkbox.","{""quest"": 9033, ""name"": ""Echoes of War"", ""appliesTo"": ""future crafting/turn-in task only""}",,,False,raid_set_step_audit.json
tier3:sections[5].pieces[5],tier3,sections[5].pieces[5],5_5_piece,piece,False,Leggings of Faith,no_lock,[],[],same piece materials; tradeable collection independent,"high for collection independence, unconfirmed Forever equivalence","[""https://www.wowhead.com/classic/guide/naxxramas-tier-3-armor-set-wow-classic""]","All existing material rows collect independently. Echoes of War9033 is missing from the current goal; it gates crafting quests, not gathering. Parent piece is auto-owned metadata and has no manual checkbox.","{""quest"": 9033, ""name"": ""Echoes of War"", ""appliesTo"": ""future crafting/turn-in task only""}",,,False,raid_set_step_audit.json
tier3:sections[5].pieces[5].materials[1],tier3,sections[5].pieces[5].materials[1],5_5_m1,material,True,Desecrated Leggings from Loatheb,no_lock,[],[],same piece materials; tradeable collection independent,"high for collection independence, unconfirmed Forever equivalence","[""https://www.wowhead.com/classic/guide/naxxramas-tier-3-armor-set-wow-classic""]","All existing material rows collect independently. Echoes of War9033 is missing from the current goal; it gates crafting quests, not gathering. Parent piece is auto-owned metadata and has no manual checkbox.","{""quest"": 9033, ""name"": ""Echoes of War"", ""appliesTo"": ""future crafting/turn-in task only""}",,,False,raid_set_step_audit.json
tier3:sections[5].pieces[5].materials[2],tier3,sections[5].pieces[5].materials[2],5_5_m2,material,True,20 Wartorn Cloth Scraps from Naxxramas trash,no_lock,[],[],same piece materials; tradeable collection independent,"high for collection independence, unconfirmed Forever equivalence","[""https://www.wowhead.com/classic/guide/naxxramas-tier-3-armor-set-wow-classic""]","All existing material rows collect independently. Echoes of War9033 is missing from the current goal; it gates crafting quests, not gathering. Parent piece is auto-owned metadata and has no manual checkbox.","{""quest"": 9033, ""name"": ""Echoes of War"", ""appliesTo"": ""future crafting/turn-in task only""}",,,False,raid_set_step_audit.json
tier3:sections[5].pieces[5].materials[3],tier3,sections[5].pieces[5].materials[3],5_5_m3,material,True,4 Mooncloth,no_lock,[],[],same piece materials; tradeable collection independent,"high for collection independence, unconfirmed Forever equivalence","[""https://www.wowhead.com/classic/guide/naxxramas-tier-3-armor-set-wow-classic""]","All existing material rows collect independently. Echoes of War9033 is missing from the current goal; it gates crafting quests, not gathering. Parent piece is auto-owned metadata and has no manual checkbox.","{""quest"": 9033, ""name"": ""Echoes of War"", ""appliesTo"": ""future crafting/turn-in task only""}",,,False,raid_set_step_audit.json
tier3:sections[5].pieces[5].materials[4],tier3,sections[5].pieces[5].materials[4],5_5_m4,material,True,2 Nexus Crystals,no_lock,[],[],same piece materials; tradeable collection independent,"high for collection independence, unconfirmed Forever equivalence","[""https://www.wowhead.com/classic/guide/naxxramas-tier-3-armor-set-wow-classic""]","All existing material rows collect independently. Echoes of War9033 is missing from the current goal; it gates crafting quests, not gathering. Parent piece is auto-owned metadata and has no manual checkbox.","{""quest"": 9033, ""name"": ""Echoes of War"", ""appliesTo"": ""future crafting/turn-in task only""}",,,False,raid_set_step_audit.json
tier3:sections[5].pieces[6],tier3,sections[5].pieces[6],5_6_piece,piece,False,Belt of Faith,no_lock,[],[],same piece materials; tradeable collection independent,"high for collection independence, unconfirmed Forever equivalence","[""https://www.wowhead.com/classic/guide/naxxramas-tier-3-armor-set-wow-classic""]","All existing material rows collect independently. Echoes of War9033 is missing from the current goal; it gates crafting quests, not gathering. Parent piece is auto-owned metadata and has no manual checkbox.","{""quest"": 9033, ""name"": ""Echoes of War"", ""appliesTo"": ""future crafting/turn-in task only""}",,,False,raid_set_step_audit.json
tier3:sections[5].pieces[6].materials[1],tier3,sections[5].pieces[6].materials[1],5_6_m1,material,True,"Desecrated Belt from Noth the Plaguebringer, Heigan the Unclean or Gluth",no_lock,[],[],same piece materials; tradeable collection independent,"high for collection independence, unconfirmed Forever equivalence","[""https://www.wowhead.com/classic/guide/naxxramas-tier-3-armor-set-wow-classic""]","All existing material rows collect independently. Echoes of War9033 is missing from the current goal; it gates crafting quests, not gathering. Parent piece is auto-owned metadata and has no manual checkbox.","{""quest"": 9033, ""name"": ""Echoes of War"", ""appliesTo"": ""future crafting/turn-in task only""}",,,False,raid_set_step_audit.json
tier3:sections[5].pieces[6].materials[2],tier3,sections[5].pieces[6].materials[2],5_6_m2,material,True,8 Wartorn Cloth Scraps from Naxxramas trash,no_lock,[],[],same piece materials; tradeable collection independent,"high for collection independence, unconfirmed Forever equivalence","[""https://www.wowhead.com/classic/guide/naxxramas-tier-3-armor-set-wow-classic""]","All existing material rows collect independently. Echoes of War9033 is missing from the current goal; it gates crafting quests, not gathering. Parent piece is auto-owned metadata and has no manual checkbox.","{""quest"": 9033, ""name"": ""Echoes of War"", ""appliesTo"": ""future crafting/turn-in task only""}",,,False,raid_set_step_audit.json
tier3:sections[5].pieces[6].materials[3],tier3,sections[5].pieces[6].materials[3],5_6_m3,material,True,2 Arcane Crystals,no_lock,[],[],same piece materials; tradeable collection independent,"high for collection independence, unconfirmed Forever equivalence","[""https://www.wowhead.com/classic/guide/naxxramas-tier-3-armor-set-wow-classic""]","All existing material rows collect independently. Echoes of War9033 is missing from the current goal; it gates crafting quests, not gathering. Parent piece is auto-owned metadata and has no manual checkbox.","{""quest"": 9033, ""name"": ""Echoes of War"", ""appliesTo"": ""future crafting/turn-in task only""}",,,False,raid_set_step_audit.json
tier3:sections[5].pieces[6].materials[4],tier3,sections[5].pieces[6].materials[4],5_6_m4,material,True,2 Mooncloth,no_lock,[],[],same piece materials; tradeable collection independent,"high for collection independence, unconfirmed Forever equivalence","[""https://www.wowhead.com/classic/guide/naxxramas-tier-3-armor-set-wow-classic""]","All existing material rows collect independently. Echoes of War9033 is missing from the current goal; it gates crafting quests, not gathering. Parent piece is auto-owned metadata and has no manual checkbox.","{""quest"": 9033, ""name"": ""Echoes of War"", ""appliesTo"": ""future crafting/turn-in task only""}",,,False,raid_set_step_audit.json
tier3:sections[5].pieces[7],tier3,sections[5].pieces[7],5_7_piece,piece,False,Bindings of Faith,no_lock,[],[],same piece materials; tradeable collection independent,"high for collection independence, unconfirmed Forever equivalence","[""https://www.wowhead.com/classic/guide/naxxramas-tier-3-armor-set-wow-classic""]","All existing material rows collect independently. Echoes of War9033 is missing from the current goal; it gates crafting quests, not gathering. Parent piece is auto-owned metadata and has no manual checkbox.","{""quest"": 9033, ""name"": ""Echoes of War"", ""appliesTo"": ""future crafting/turn-in task only""}",,,False,raid_set_step_audit.json
tier3:sections[5].pieces[7].materials[1],tier3,sections[5].pieces[7].materials[1],5_7_m1,material,True,"Desecrated Bindings from Anub'Rekhan, Grand Widow Faerlina or Gluth",no_lock,[],[],same piece materials; tradeable collection independent,"high for collection independence, unconfirmed Forever equivalence","[""https://www.wowhead.com/classic/guide/naxxramas-tier-3-armor-set-wow-classic""]","All existing material rows collect independently. Echoes of War9033 is missing from the current goal; it gates crafting quests, not gathering. Parent piece is auto-owned metadata and has no manual checkbox.","{""quest"": 9033, ""name"": ""Echoes of War"", ""appliesTo"": ""future crafting/turn-in task only""}",,,False,raid_set_step_audit.json
tier3:sections[5].pieces[7].materials[2],tier3,sections[5].pieces[7].materials[2],5_7_m2,material,True,6 Wartorn Cloth Scraps from Naxxramas trash,no_lock,[],[],same piece materials; tradeable collection independent,"high for collection independence, unconfirmed Forever equivalence","[""https://www.wowhead.com/classic/guide/naxxramas-tier-3-armor-set-wow-classic""]","All existing material rows collect independently. Echoes of War9033 is missing from the current goal; it gates crafting quests, not gathering. Parent piece is auto-owned metadata and has no manual checkbox.","{""quest"": 9033, ""name"": ""Echoes of War"", ""appliesTo"": ""future crafting/turn-in task only""}",,,False,raid_set_step_audit.json
tier3:sections[5].pieces[7].materials[3],tier3,sections[5].pieces[7].materials[3],5_7_m3,material,True,1 Arcane Crystal,no_lock,[],[],same piece materials; tradeable collection independent,"high for collection independence, unconfirmed Forever equivalence","[""https://www.wowhead.com/classic/guide/naxxramas-tier-3-armor-set-wow-classic""]","All existing material rows collect independently. Echoes of War9033 is missing from the current goal; it gates crafting quests, not gathering. Parent piece is auto-owned metadata and has no manual checkbox.","{""quest"": 9033, ""name"": ""Echoes of War"", ""appliesTo"": ""future crafting/turn-in task only""}",,,False,raid_set_step_audit.json
tier3:sections[5].pieces[7].materials[4],tier3,sections[5].pieces[7].materials[4],5_7_m4,material,True,1 Nexus Crystal,no_lock,[],[],same piece materials; tradeable collection independent,"high for collection independence, unconfirmed Forever equivalence","[""https://www.wowhead.com/classic/guide/naxxramas-tier-3-armor-set-wow-classic""]","All existing material rows collect independently. Echoes of War9033 is missing from the current goal; it gates crafting quests, not gathering. Parent piece is auto-owned metadata and has no manual checkbox.","{""quest"": 9033, ""name"": ""Echoes of War"", ""appliesTo"": ""future crafting/turn-in task only""}",,,False,raid_set_step_audit.json
tier3:sections[5].pieces[8],tier3,sections[5].pieces[8],5_8_piece,piece,False,Sandals of Faith,no_lock,[],[],same piece materials; tradeable collection independent,"high for collection independence, unconfirmed Forever equivalence","[""https://www.wowhead.com/classic/guide/naxxramas-tier-3-armor-set-wow-classic""]","All existing material rows collect independently. Echoes of War9033 is missing from the current goal; it gates crafting quests, not gathering. Parent piece is auto-owned metadata and has no manual checkbox.","{""quest"": 9033, ""name"": ""Echoes of War"", ""appliesTo"": ""future crafting/turn-in task only""}",,,False,raid_set_step_audit.json
tier3:sections[5].pieces[8].materials[1],tier3,sections[5].pieces[8].materials[1],5_8_m1,material,True,"Desecrated Sandals from Instructor Razuvious, Gothik the Harvester or Gluth",no_lock,[],[],same piece materials; tradeable collection independent,"high for collection independence, unconfirmed Forever equivalence","[""https://www.wowhead.com/classic/guide/naxxramas-tier-3-armor-set-wow-classic""]","All existing material rows collect independently. Echoes of War9033 is missing from the current goal; it gates crafting quests, not gathering. Parent piece is auto-owned metadata and has no manual checkbox.","{""quest"": 9033, ""name"": ""Echoes of War"", ""appliesTo"": ""future crafting/turn-in task only""}",,,False,raid_set_step_audit.json
tier3:sections[5].pieces[8].materials[2],tier3,sections[5].pieces[8].materials[2],5_8_m2,material,True,12 Wartorn Cloth Scraps from Naxxramas trash,no_lock,[],[],same piece materials; tradeable collection independent,"high for collection independence, unconfirmed Forever equivalence","[""https://www.wowhead.com/classic/guide/naxxramas-tier-3-armor-set-wow-classic""]","All existing material rows collect independently. Echoes of War9033 is missing from the current goal; it gates crafting quests, not gathering. Parent piece is auto-owned metadata and has no manual checkbox.","{""quest"": 9033, ""name"": ""Echoes of War"", ""appliesTo"": ""future crafting/turn-in task only""}",,,False,raid_set_step_audit.json
tier3:sections[5].pieces[8].materials[3],tier3,sections[5].pieces[8].materials[3],5_8_m3,material,True,2 Mooncloth,no_lock,[],[],same piece materials; tradeable collection independent,"high for collection independence, unconfirmed Forever equivalence","[""https://www.wowhead.com/classic/guide/naxxramas-tier-3-armor-set-wow-classic""]","All existing material rows collect independently. Echoes of War9033 is missing from the current goal; it gates crafting quests, not gathering. Parent piece is auto-owned metadata and has no manual checkbox.","{""quest"": 9033, ""name"": ""Echoes of War"", ""appliesTo"": ""future crafting/turn-in task only""}",,,False,raid_set_step_audit.json
tier3:sections[5].pieces[8].materials[4],tier3,sections[5].pieces[8].materials[4],5_8_m4,material,True,3 Cured Rugged Hides,no_lock,[],[],same piece materials; tradeable collection independent,"high for collection independence, unconfirmed Forever equivalence","[""https://www.wowhead.com/classic/guide/naxxramas-tier-3-armor-set-wow-classic""]","All existing material rows collect independently. Echoes of War9033 is missing from the current goal; it gates crafting quests, not gathering. Parent piece is auto-owned metadata and has no manual checkbox.","{""quest"": 9033, ""name"": ""Echoes of War"", ""appliesTo"": ""future crafting/turn-in task only""}",,,False,raid_set_step_audit.json
tier3:sections[6].pieces[1],tier3,sections[6].pieces[1],6_1_piece,piece,False,Dreamwalker Headpiece,no_lock,[],[],same piece materials; tradeable collection independent,"high for collection independence, unconfirmed Forever equivalence","[""https://www.wowhead.com/classic/guide/naxxramas-tier-3-armor-set-wow-classic""]","All existing material rows collect independently. Echoes of War9033 is missing from the current goal; it gates crafting quests, not gathering. Parent piece is auto-owned metadata and has no manual checkbox.","{""quest"": 9033, ""name"": ""Echoes of War"", ""appliesTo"": ""future crafting/turn-in task only""}",,,False,raid_set_step_audit.json
tier3:sections[6].pieces[1].materials[1],tier3,sections[6].pieces[1].materials[1],6_1_m1,material,True,Desecrated Headpiece from Thaddius,no_lock,[],[],same piece materials; tradeable collection independent,"high for collection independence, unconfirmed Forever equivalence","[""https://www.wowhead.com/classic/guide/naxxramas-tier-3-armor-set-wow-classic""]","All existing material rows collect independently. Echoes of War9033 is missing from the current goal; it gates crafting quests, not gathering. Parent piece is auto-owned metadata and has no manual checkbox.","{""quest"": 9033, ""name"": ""Echoes of War"", ""appliesTo"": ""future crafting/turn-in task only""}",,,False,raid_set_step_audit.json
tier3:sections[6].pieces[1].materials[2],tier3,sections[6].pieces[1].materials[2],6_1_m2,material,True,15 Wartorn Leather Scraps from Naxxramas trash,no_lock,[],[],same piece materials; tradeable collection independent,"high for collection independence, unconfirmed Forever equivalence","[""https://www.wowhead.com/classic/guide/naxxramas-tier-3-armor-set-wow-classic""]","All existing material rows collect independently. Echoes of War9033 is missing from the current goal; it gates crafting quests, not gathering. Parent piece is auto-owned metadata and has no manual checkbox.","{""quest"": 9033, ""name"": ""Echoes of War"", ""appliesTo"": ""future crafting/turn-in task only""}",,,False,raid_set_step_audit.json
tier3:sections[6].pieces[1].materials[3],tier3,sections[6].pieces[1].materials[3],6_1_m3,material,True,6 Cured Rugged Hides,no_lock,[],[],same piece materials; tradeable collection independent,"high for collection independence, unconfirmed Forever equivalence","[""https://www.wowhead.com/classic/guide/naxxramas-tier-3-armor-set-wow-classic""]","All existing material rows collect independently. Echoes of War9033 is missing from the current goal; it gates crafting quests, not gathering. Parent piece is auto-owned metadata and has no manual checkbox.","{""quest"": 9033, ""name"": ""Echoes of War"", ""appliesTo"": ""future crafting/turn-in task only""}",,,False,raid_set_step_audit.json
tier3:sections[6].pieces[1].materials[4],tier3,sections[6].pieces[1].materials[4],6_1_m4,material,True,2 Nexus Crystals,no_lock,[],[],same piece materials; tradeable collection independent,"high for collection independence, unconfirmed Forever equivalence","[""https://www.wowhead.com/classic/guide/naxxramas-tier-3-armor-set-wow-classic""]","All existing material rows collect independently. Echoes of War9033 is missing from the current goal; it gates crafting quests, not gathering. Parent piece is auto-owned metadata and has no manual checkbox.","{""quest"": 9033, ""name"": ""Echoes of War"", ""appliesTo"": ""future crafting/turn-in task only""}",,,False,raid_set_step_audit.json
tier3:sections[6].pieces[2],tier3,sections[6].pieces[2],6_2_piece,piece,False,Dreamwalker Spaulders,no_lock,[],[],same piece materials; tradeable collection independent,"high for collection independence, unconfirmed Forever equivalence","[""https://www.wowhead.com/classic/guide/naxxramas-tier-3-armor-set-wow-classic""]","All existing material rows collect independently. Echoes of War9033 is missing from the current goal; it gates crafting quests, not gathering. Parent piece is auto-owned metadata and has no manual checkbox.","{""quest"": 9033, ""name"": ""Echoes of War"", ""appliesTo"": ""future crafting/turn-in task only""}",,,False,raid_set_step_audit.json
tier3:sections[6].pieces[2].materials[1],tier3,sections[6].pieces[2].materials[1],6_2_m1,material,True,"Desecrated Spaulders from Patchwerk, Grobbulus or Gluth",no_lock,[],[],same piece materials; tradeable collection independent,"high for collection independence, unconfirmed Forever equivalence","[""https://www.wowhead.com/classic/guide/naxxramas-tier-3-armor-set-wow-classic""]","All existing material rows collect independently. Echoes of War9033 is missing from the current goal; it gates crafting quests, not gathering. Parent piece is auto-owned metadata and has no manual checkbox.","{""quest"": 9033, ""name"": ""Echoes of War"", ""appliesTo"": ""future crafting/turn-in task only""}",,,False,raid_set_step_audit.json
tier3:sections[6].pieces[2].materials[2],tier3,sections[6].pieces[2].materials[2],6_2_m2,material,True,12 Wartorn Leather Scraps from Naxxramas trash,no_lock,[],[],same piece materials; tradeable collection independent,"high for collection independence, unconfirmed Forever equivalence","[""https://www.wowhead.com/classic/guide/naxxramas-tier-3-armor-set-wow-classic""]","All existing material rows collect independently. Echoes of War9033 is missing from the current goal; it gates crafting quests, not gathering. Parent piece is auto-owned metadata and has no manual checkbox.","{""quest"": 9033, ""name"": ""Echoes of War"", ""appliesTo"": ""future crafting/turn-in task only""}",,,False,raid_set_step_audit.json
tier3:sections[6].pieces[2].materials[3],tier3,sections[6].pieces[2].materials[3],6_2_m3,material,True,5 Cured Rugged Hides,no_lock,[],[],same piece materials; tradeable collection independent,"high for collection independence, unconfirmed Forever equivalence","[""https://www.wowhead.com/classic/guide/naxxramas-tier-3-armor-set-wow-classic""]","All existing material rows collect independently. Echoes of War9033 is missing from the current goal; it gates crafting quests, not gathering. Parent piece is auto-owned metadata and has no manual checkbox.","{""quest"": 9033, ""name"": ""Echoes of War"", ""appliesTo"": ""future crafting/turn-in task only""}",,,False,raid_set_step_audit.json
tier3:sections[6].pieces[2].materials[4],tier3,sections[6].pieces[2].materials[4],6_2_m4,material,True,1 Nexus Crystal,no_lock,[],[],same piece materials; tradeable collection independent,"high for collection independence, unconfirmed Forever equivalence","[""https://www.wowhead.com/classic/guide/naxxramas-tier-3-armor-set-wow-classic""]","All existing material rows collect independently. Echoes of War9033 is missing from the current goal; it gates crafting quests, not gathering. Parent piece is auto-owned metadata and has no manual checkbox.","{""quest"": 9033, ""name"": ""Echoes of War"", ""appliesTo"": ""future crafting/turn-in task only""}",,,False,raid_set_step_audit.json
tier3:sections[6].pieces[3],tier3,sections[6].pieces[3],6_3_piece,piece,False,Dreamwalker Tunic,no_lock,[],[],same piece materials; tradeable collection independent,"high for collection independence, unconfirmed Forever equivalence","[""https://www.wowhead.com/classic/guide/naxxramas-tier-3-armor-set-wow-classic""]","All existing material rows collect independently. Echoes of War9033 is missing from the current goal; it gates crafting quests, not gathering. Parent piece is auto-owned metadata and has no manual checkbox.","{""quest"": 9033, ""name"": ""Echoes of War"", ""appliesTo"": ""future crafting/turn-in task only""}",,,False,raid_set_step_audit.json
tier3:sections[6].pieces[3].materials[1],tier3,sections[6].pieces[3].materials[1],6_3_m1,material,True,Desecrated Tunic from the Four Horsemen Chest,no_lock,[],[],same piece materials; tradeable collection independent,"high for collection independence, unconfirmed Forever equivalence","[""https://www.wowhead.com/classic/guide/naxxramas-tier-3-armor-set-wow-classic""]","All existing material rows collect independently. Echoes of War9033 is missing from the current goal; it gates crafting quests, not gathering. Parent piece is auto-owned metadata and has no manual checkbox.","{""quest"": 9033, ""name"": ""Echoes of War"", ""appliesTo"": ""future crafting/turn-in task only""}",,,False,raid_set_step_audit.json
tier3:sections[6].pieces[3].materials[2],tier3,sections[6].pieces[3].materials[2],6_3_m2,material,True,25 Wartorn Leather Scraps from Naxxramas trash,no_lock,[],[],same piece materials; tradeable collection independent,"high for collection independence, unconfirmed Forever equivalence","[""https://www.wowhead.com/classic/guide/naxxramas-tier-3-armor-set-wow-classic""]","All existing material rows collect independently. Echoes of War9033 is missing from the current goal; it gates crafting quests, not gathering. Parent piece is auto-owned metadata and has no manual checkbox.","{""quest"": 9033, ""name"": ""Echoes of War"", ""appliesTo"": ""future crafting/turn-in task only""}",,,False,raid_set_step_audit.json
tier3:sections[6].pieces[3].materials[3],tier3,sections[6].pieces[3].materials[3],6_3_m3,material,True,6 Cured Rugged Hides,no_lock,[],[],same piece materials; tradeable collection independent,"high for collection independence, unconfirmed Forever equivalence","[""https://www.wowhead.com/classic/guide/naxxramas-tier-3-armor-set-wow-classic""]","All existing material rows collect independently. Echoes of War9033 is missing from the current goal; it gates crafting quests, not gathering. Parent piece is auto-owned metadata and has no manual checkbox.","{""quest"": 9033, ""name"": ""Echoes of War"", ""appliesTo"": ""future crafting/turn-in task only""}",,,False,raid_set_step_audit.json
tier3:sections[6].pieces[3].materials[4],tier3,sections[6].pieces[3].materials[4],6_3_m4,material,True,2 Nexus Crystals,no_lock,[],[],same piece materials; tradeable collection independent,"high for collection independence, unconfirmed Forever equivalence","[""https://www.wowhead.com/classic/guide/naxxramas-tier-3-armor-set-wow-classic""]","All existing material rows collect independently. Echoes of War9033 is missing from the current goal; it gates crafting quests, not gathering. Parent piece is auto-owned metadata and has no manual checkbox.","{""quest"": 9033, ""name"": ""Echoes of War"", ""appliesTo"": ""future crafting/turn-in task only""}",,,False,raid_set_step_audit.json
tier3:sections[6].pieces[4],tier3,sections[6].pieces[4],6_4_piece,piece,False,Dreamwalker Handguards,no_lock,[],[],same piece materials; tradeable collection independent,"high for collection independence, unconfirmed Forever equivalence","[""https://www.wowhead.com/classic/guide/naxxramas-tier-3-armor-set-wow-classic""]","All existing material rows collect independently. Echoes of War9033 is missing from the current goal; it gates crafting quests, not gathering. Parent piece is auto-owned metadata and has no manual checkbox.","{""quest"": 9033, ""name"": ""Echoes of War"", ""appliesTo"": ""future crafting/turn-in task only""}",,,False,raid_set_step_audit.json
tier3:sections[6].pieces[4].materials[1],tier3,sections[6].pieces[4].materials[1],6_4_m1,material,True,Desecrated Handguards from Maexxna,no_lock,[],[],same piece materials; tradeable collection independent,"high for collection independence, unconfirmed Forever equivalence","[""https://www.wowhead.com/classic/guide/naxxramas-tier-3-armor-set-wow-classic""]","All existing material rows collect independently. Echoes of War9033 is missing from the current goal; it gates crafting quests, not gathering. Parent piece is auto-owned metadata and has no manual checkbox.","{""quest"": 9033, ""name"": ""Echoes of War"", ""appliesTo"": ""future crafting/turn-in task only""}",,,False,raid_set_step_audit.json
tier3:sections[6].pieces[4].materials[2],tier3,sections[6].pieces[4].materials[2],6_4_m2,material,True,8 Wartorn Leather Scraps from Naxxramas trash,no_lock,[],[],same piece materials; tradeable collection independent,"high for collection independence, unconfirmed Forever equivalence","[""https://www.wowhead.com/classic/guide/naxxramas-tier-3-armor-set-wow-classic""]","All existing material rows collect independently. Echoes of War9033 is missing from the current goal; it gates crafting quests, not gathering. Parent piece is auto-owned metadata and has no manual checkbox.","{""quest"": 9033, ""name"": ""Echoes of War"", ""appliesTo"": ""future crafting/turn-in task only""}",,,False,raid_set_step_audit.json
tier3:sections[6].pieces[4].materials[3],tier3,sections[6].pieces[4].materials[3],6_4_m3,material,True,5 Cured Rugged Hides,no_lock,[],[],same piece materials; tradeable collection independent,"high for collection independence, unconfirmed Forever equivalence","[""https://www.wowhead.com/classic/guide/naxxramas-tier-3-armor-set-wow-classic""]","All existing material rows collect independently. Echoes of War9033 is missing from the current goal; it gates crafting quests, not gathering. Parent piece is auto-owned metadata and has no manual checkbox.","{""quest"": 9033, ""name"": ""Echoes of War"", ""appliesTo"": ""future crafting/turn-in task only""}",,,False,raid_set_step_audit.json
tier3:sections[6].pieces[4].materials[4],tier3,sections[6].pieces[4].materials[4],6_4_m4,material,True,1 Nexus Crystal,no_lock,[],[],same piece materials; tradeable collection independent,"high for collection independence, unconfirmed Forever equivalence","[""https://www.wowhead.com/classic/guide/naxxramas-tier-3-armor-set-wow-classic""]","All existing material rows collect independently. Echoes of War9033 is missing from the current goal; it gates crafting quests, not gathering. Parent piece is auto-owned metadata and has no manual checkbox.","{""quest"": 9033, ""name"": ""Echoes of War"", ""appliesTo"": ""future crafting/turn-in task only""}",,,False,raid_set_step_audit.json
tier3:sections[6].pieces[5],tier3,sections[6].pieces[5],6_5_piece,piece,False,Dreamwalker Legguards,no_lock,[],[],same piece materials; tradeable collection independent,"high for collection independence, unconfirmed Forever equivalence","[""https://www.wowhead.com/classic/guide/naxxramas-tier-3-armor-set-wow-classic""]","All existing material rows collect independently. Echoes of War9033 is missing from the current goal; it gates crafting quests, not gathering. Parent piece is auto-owned metadata and has no manual checkbox.","{""quest"": 9033, ""name"": ""Echoes of War"", ""appliesTo"": ""future crafting/turn-in task only""}",,,False,raid_set_step_audit.json
tier3:sections[6].pieces[5].materials[1],tier3,sections[6].pieces[5].materials[1],6_5_m1,material,True,Desecrated Legguards from Loatheb,no_lock,[],[],same piece materials; tradeable collection independent,"high for collection independence, unconfirmed Forever equivalence","[""https://www.wowhead.com/classic/guide/naxxramas-tier-3-armor-set-wow-classic""]","All existing material rows collect independently. Echoes of War9033 is missing from the current goal; it gates crafting quests, not gathering. Parent piece is auto-owned metadata and has no manual checkbox.","{""quest"": 9033, ""name"": ""Echoes of War"", ""appliesTo"": ""future crafting/turn-in task only""}",,,False,raid_set_step_audit.json
tier3:sections[6].pieces[5].materials[2],tier3,sections[6].pieces[5].materials[2],6_5_m2,material,True,20 Wartorn Leather Scraps from Naxxramas trash,no_lock,[],[],same piece materials; tradeable collection independent,"high for collection independence, unconfirmed Forever equivalence","[""https://www.wowhead.com/classic/guide/naxxramas-tier-3-armor-set-wow-classic""]","All existing material rows collect independently. Echoes of War9033 is missing from the current goal; it gates crafting quests, not gathering. Parent piece is auto-owned metadata and has no manual checkbox.","{""quest"": 9033, ""name"": ""Echoes of War"", ""appliesTo"": ""future crafting/turn-in task only""}",,,False,raid_set_step_audit.json
tier3:sections[6].pieces[5].materials[3],tier3,sections[6].pieces[5].materials[3],6_5_m3,material,True,8 Cured Rugged Hides,no_lock,[],[],same piece materials; tradeable collection independent,"high for collection independence, unconfirmed Forever equivalence","[""https://www.wowhead.com/classic/guide/naxxramas-tier-3-armor-set-wow-classic""]","All existing material rows collect independently. Echoes of War9033 is missing from the current goal; it gates crafting quests, not gathering. Parent piece is auto-owned metadata and has no manual checkbox.","{""quest"": 9033, ""name"": ""Echoes of War"", ""appliesTo"": ""future crafting/turn-in task only""}",,,False,raid_set_step_audit.json
tier3:sections[6].pieces[5].materials[4],tier3,sections[6].pieces[5].materials[4],6_5_m4,material,True,1 Nexus Crystal,no_lock,[],[],same piece materials; tradeable collection independent,"high for collection independence, unconfirmed Forever equivalence","[""https://www.wowhead.com/classic/guide/naxxramas-tier-3-armor-set-wow-classic""]","All existing material rows collect independently. Echoes of War9033 is missing from the current goal; it gates crafting quests, not gathering. Parent piece is auto-owned metadata and has no manual checkbox.","{""quest"": 9033, ""name"": ""Echoes of War"", ""appliesTo"": ""future crafting/turn-in task only""}",,,False,raid_set_step_audit.json
tier3:sections[6].pieces[6],tier3,sections[6].pieces[6],6_6_piece,piece,False,Dreamwalker Girdle,no_lock,[],[],same piece materials; tradeable collection independent,"high for collection independence, unconfirmed Forever equivalence","[""https://www.wowhead.com/classic/guide/naxxramas-tier-3-armor-set-wow-classic""]","All existing material rows collect independently. Echoes of War9033 is missing from the current goal; it gates crafting quests, not gathering. Parent piece is auto-owned metadata and has no manual checkbox.","{""quest"": 9033, ""name"": ""Echoes of War"", ""appliesTo"": ""future crafting/turn-in task only""}",,,False,raid_set_step_audit.json
tier3:sections[6].pieces[6].materials[1],tier3,sections[6].pieces[6].materials[1],6_6_m1,material,True,"Desecrated Girdle from Noth the Plaguebringer, Heigan the Unclean or Gluth",no_lock,[],[],same piece materials; tradeable collection independent,"high for collection independence, unconfirmed Forever equivalence","[""https://www.wowhead.com/classic/guide/naxxramas-tier-3-armor-set-wow-classic""]","All existing material rows collect independently. Echoes of War9033 is missing from the current goal; it gates crafting quests, not gathering. Parent piece is auto-owned metadata and has no manual checkbox.","{""quest"": 9033, ""name"": ""Echoes of War"", ""appliesTo"": ""future crafting/turn-in task only""}",,,False,raid_set_step_audit.json
tier3:sections[6].pieces[6].materials[2],tier3,sections[6].pieces[6].materials[2],6_6_m2,material,True,8 Wartorn Leather Scraps from Naxxramas trash,no_lock,[],[],same piece materials; tradeable collection independent,"high for collection independence, unconfirmed Forever equivalence","[""https://www.wowhead.com/classic/guide/naxxramas-tier-3-armor-set-wow-classic""]","All existing material rows collect independently. Echoes of War9033 is missing from the current goal; it gates crafting quests, not gathering. Parent piece is auto-owned metadata and has no manual checkbox.","{""quest"": 9033, ""name"": ""Echoes of War"", ""appliesTo"": ""future crafting/turn-in task only""}",,,False,raid_set_step_audit.json
tier3:sections[6].pieces[6].materials[3],tier3,sections[6].pieces[6].materials[3],6_6_m3,material,True,3 Mooncloth,no_lock,[],[],same piece materials; tradeable collection independent,"high for collection independence, unconfirmed Forever equivalence","[""https://www.wowhead.com/classic/guide/naxxramas-tier-3-armor-set-wow-classic""]","All existing material rows collect independently. Echoes of War9033 is missing from the current goal; it gates crafting quests, not gathering. Parent piece is auto-owned metadata and has no manual checkbox.","{""quest"": 9033, ""name"": ""Echoes of War"", ""appliesTo"": ""future crafting/turn-in task only""}",,,False,raid_set_step_audit.json
tier3:sections[6].pieces[6].materials[4],tier3,sections[6].pieces[6].materials[4],6_6_m4,material,True,2 Cured Rugged Hides,no_lock,[],[],same piece materials; tradeable collection independent,"high for collection independence, unconfirmed Forever equivalence","[""https://www.wowhead.com/classic/guide/naxxramas-tier-3-armor-set-wow-classic""]","All existing material rows collect independently. Echoes of War9033 is missing from the current goal; it gates crafting quests, not gathering. Parent piece is auto-owned metadata and has no manual checkbox.","{""quest"": 9033, ""name"": ""Echoes of War"", ""appliesTo"": ""future crafting/turn-in task only""}",,,False,raid_set_step_audit.json
tier3:sections[6].pieces[7],tier3,sections[6].pieces[7],6_7_piece,piece,False,Dreamwalker Wristguards,no_lock,[],[],same piece materials; tradeable collection independent,"high for collection independence, unconfirmed Forever equivalence","[""https://www.wowhead.com/classic/guide/naxxramas-tier-3-armor-set-wow-classic""]","All existing material rows collect independently. Echoes of War9033 is missing from the current goal; it gates crafting quests, not gathering. Parent piece is auto-owned metadata and has no manual checkbox.","{""quest"": 9033, ""name"": ""Echoes of War"", ""appliesTo"": ""future crafting/turn-in task only""}",,,False,raid_set_step_audit.json
tier3:sections[6].pieces[7].materials[1],tier3,sections[6].pieces[7].materials[1],6_7_m1,material,True,"Desecrated Wristguards from Anub'Rekhan, Grand Widow Faerlina or Gluth",no_lock,[],[],same piece materials; tradeable collection independent,"high for collection independence, unconfirmed Forever equivalence","[""https://www.wowhead.com/classic/guide/naxxramas-tier-3-armor-set-wow-classic""]","All existing material rows collect independently. Echoes of War9033 is missing from the current goal; it gates crafting quests, not gathering. Parent piece is auto-owned metadata and has no manual checkbox.","{""quest"": 9033, ""name"": ""Echoes of War"", ""appliesTo"": ""future crafting/turn-in task only""}",,,False,raid_set_step_audit.json
tier3:sections[6].pieces[7].materials[2],tier3,sections[6].pieces[7].materials[2],6_7_m2,material,True,6 Wartorn Leather Scraps from Naxxramas trash,no_lock,[],[],same piece materials; tradeable collection independent,"high for collection independence, unconfirmed Forever equivalence","[""https://www.wowhead.com/classic/guide/naxxramas-tier-3-armor-set-wow-classic""]","All existing material rows collect independently. Echoes of War9033 is missing from the current goal; it gates crafting quests, not gathering. Parent piece is auto-owned metadata and has no manual checkbox.","{""quest"": 9033, ""name"": ""Echoes of War"", ""appliesTo"": ""future crafting/turn-in task only""}",,,False,raid_set_step_audit.json
tier3:sections[6].pieces[7].materials[3],tier3,sections[6].pieces[7].materials[3],6_7_m3,material,True,1 Arcane Crystal,no_lock,[],[],same piece materials; tradeable collection independent,"high for collection independence, unconfirmed Forever equivalence","[""https://www.wowhead.com/classic/guide/naxxramas-tier-3-armor-set-wow-classic""]","All existing material rows collect independently. Echoes of War9033 is missing from the current goal; it gates crafting quests, not gathering. Parent piece is auto-owned metadata and has no manual checkbox.","{""quest"": 9033, ""name"": ""Echoes of War"", ""appliesTo"": ""future crafting/turn-in task only""}",,,False,raid_set_step_audit.json
tier3:sections[6].pieces[7].materials[4],tier3,sections[6].pieces[7].materials[4],6_7_m4,material,True,2 Cured Rugged Hides,no_lock,[],[],same piece materials; tradeable collection independent,"high for collection independence, unconfirmed Forever equivalence","[""https://www.wowhead.com/classic/guide/naxxramas-tier-3-armor-set-wow-classic""]","All existing material rows collect independently. Echoes of War9033 is missing from the current goal; it gates crafting quests, not gathering. Parent piece is auto-owned metadata and has no manual checkbox.","{""quest"": 9033, ""name"": ""Echoes of War"", ""appliesTo"": ""future crafting/turn-in task only""}",,,False,raid_set_step_audit.json
tier3:sections[6].pieces[8],tier3,sections[6].pieces[8],6_8_piece,piece,False,Dreamwalker Boots,no_lock,[],[],same piece materials; tradeable collection independent,"high for collection independence, unconfirmed Forever equivalence","[""https://www.wowhead.com/classic/guide/naxxramas-tier-3-armor-set-wow-classic""]","All existing material rows collect independently. Echoes of War9033 is missing from the current goal; it gates crafting quests, not gathering. Parent piece is auto-owned metadata and has no manual checkbox.","{""quest"": 9033, ""name"": ""Echoes of War"", ""appliesTo"": ""future crafting/turn-in task only""}",,,False,raid_set_step_audit.json
tier3:sections[6].pieces[8].materials[1],tier3,sections[6].pieces[8].materials[1],6_8_m1,material,True,"Desecrated Boots from Instructor Razuvious, Gothik the Harvester or Gluth",no_lock,[],[],same piece materials; tradeable collection independent,"high for collection independence, unconfirmed Forever equivalence","[""https://www.wowhead.com/classic/guide/naxxramas-tier-3-armor-set-wow-classic""]","All existing material rows collect independently. Echoes of War9033 is missing from the current goal; it gates crafting quests, not gathering. Parent piece is auto-owned metadata and has no manual checkbox.","{""quest"": 9033, ""name"": ""Echoes of War"", ""appliesTo"": ""future crafting/turn-in task only""}",,,False,raid_set_step_audit.json
tier3:sections[6].pieces[8].materials[2],tier3,sections[6].pieces[8].materials[2],6_8_m2,material,True,12 Wartorn Leather Scraps from Naxxramas trash,no_lock,[],[],same piece materials; tradeable collection independent,"high for collection independence, unconfirmed Forever equivalence","[""https://www.wowhead.com/classic/guide/naxxramas-tier-3-armor-set-wow-classic""]","All existing material rows collect independently. Echoes of War9033 is missing from the current goal; it gates crafting quests, not gathering. Parent piece is auto-owned metadata and has no manual checkbox.","{""quest"": 9033, ""name"": ""Echoes of War"", ""appliesTo"": ""future crafting/turn-in task only""}",,,False,raid_set_step_audit.json
tier3:sections[6].pieces[8].materials[3],tier3,sections[6].pieces[8].materials[3],6_8_m3,material,True,3 Mooncloth,no_lock,[],[],same piece materials; tradeable collection independent,"high for collection independence, unconfirmed Forever equivalence","[""https://www.wowhead.com/classic/guide/naxxramas-tier-3-armor-set-wow-classic""]","All existing material rows collect independently. Echoes of War9033 is missing from the current goal; it gates crafting quests, not gathering. Parent piece is auto-owned metadata and has no manual checkbox.","{""quest"": 9033, ""name"": ""Echoes of War"", ""appliesTo"": ""future crafting/turn-in task only""}",,,False,raid_set_step_audit.json
tier3:sections[6].pieces[8].materials[4],tier3,sections[6].pieces[8].materials[4],6_8_m4,material,True,2 Cured Rugged Hides,no_lock,[],[],same piece materials; tradeable collection independent,"high for collection independence, unconfirmed Forever equivalence","[""https://www.wowhead.com/classic/guide/naxxramas-tier-3-armor-set-wow-classic""]","All existing material rows collect independently. Echoes of War9033 is missing from the current goal; it gates crafting quests, not gathering. Parent piece is auto-owned metadata and has no manual checkbox.","{""quest"": 9033, ""name"": ""Echoes of War"", ""appliesTo"": ""future crafting/turn-in task only""}",,,False,raid_set_step_audit.json
tier3:sections[7].pieces[1],tier3,sections[7].pieces[1],7_1_piece,piece,False,Frostfire Circlet,no_lock,[],[],same piece materials; tradeable collection independent,"high for collection independence, unconfirmed Forever equivalence","[""https://www.wowhead.com/classic/guide/naxxramas-tier-3-armor-set-wow-classic""]","All existing material rows collect independently. Echoes of War9033 is missing from the current goal; it gates crafting quests, not gathering. Parent piece is auto-owned metadata and has no manual checkbox.","{""quest"": 9033, ""name"": ""Echoes of War"", ""appliesTo"": ""future crafting/turn-in task only""}",,,False,raid_set_step_audit.json
tier3:sections[7].pieces[1].materials[1],tier3,sections[7].pieces[1].materials[1],7_1_m1,material,True,Desecrated Circlet from Thaddius,no_lock,[],[],same piece materials; tradeable collection independent,"high for collection independence, unconfirmed Forever equivalence","[""https://www.wowhead.com/classic/guide/naxxramas-tier-3-armor-set-wow-classic""]","All existing material rows collect independently. Echoes of War9033 is missing from the current goal; it gates crafting quests, not gathering. Parent piece is auto-owned metadata and has no manual checkbox.","{""quest"": 9033, ""name"": ""Echoes of War"", ""appliesTo"": ""future crafting/turn-in task only""}",,,False,raid_set_step_audit.json
tier3:sections[7].pieces[1].materials[2],tier3,sections[7].pieces[1].materials[2],7_1_m2,material,True,15 Wartorn Cloth Scraps from Naxxramas trash,no_lock,[],[],same piece materials; tradeable collection independent,"high for collection independence, unconfirmed Forever equivalence","[""https://www.wowhead.com/classic/guide/naxxramas-tier-3-armor-set-wow-classic""]","All existing material rows collect independently. Echoes of War9033 is missing from the current goal; it gates crafting quests, not gathering. Parent piece is auto-owned metadata and has no manual checkbox.","{""quest"": 9033, ""name"": ""Echoes of War"", ""appliesTo"": ""future crafting/turn-in task only""}",,,False,raid_set_step_audit.json
tier3:sections[7].pieces[1].materials[3],tier3,sections[7].pieces[1].materials[3],7_1_m3,material,True,3 Mooncloth,no_lock,[],[],same piece materials; tradeable collection independent,"high for collection independence, unconfirmed Forever equivalence","[""https://www.wowhead.com/classic/guide/naxxramas-tier-3-armor-set-wow-classic""]","All existing material rows collect independently. Echoes of War9033 is missing from the current goal; it gates crafting quests, not gathering. Parent piece is auto-owned metadata and has no manual checkbox.","{""quest"": 9033, ""name"": ""Echoes of War"", ""appliesTo"": ""future crafting/turn-in task only""}",,,False,raid_set_step_audit.json
tier3:sections[7].pieces[1].materials[4],tier3,sections[7].pieces[1].materials[4],7_1_m4,material,True,3 Nexus Crystals,no_lock,[],[],same piece materials; tradeable collection independent,"high for collection independence, unconfirmed Forever equivalence","[""https://www.wowhead.com/classic/guide/naxxramas-tier-3-armor-set-wow-classic""]","All existing material rows collect independently. Echoes of War9033 is missing from the current goal; it gates crafting quests, not gathering. Parent piece is auto-owned metadata and has no manual checkbox.","{""quest"": 9033, ""name"": ""Echoes of War"", ""appliesTo"": ""future crafting/turn-in task only""}",,,False,raid_set_step_audit.json
tier3:sections[7].pieces[2],tier3,sections[7].pieces[2],7_2_piece,piece,False,Frostfire Shoulderpads,no_lock,[],[],same piece materials; tradeable collection independent,"high for collection independence, unconfirmed Forever equivalence","[""https://www.wowhead.com/classic/guide/naxxramas-tier-3-armor-set-wow-classic""]","All existing material rows collect independently. Echoes of War9033 is missing from the current goal; it gates crafting quests, not gathering. Parent piece is auto-owned metadata and has no manual checkbox.","{""quest"": 9033, ""name"": ""Echoes of War"", ""appliesTo"": ""future crafting/turn-in task only""}",,,False,raid_set_step_audit.json
tier3:sections[7].pieces[2].materials[1],tier3,sections[7].pieces[2].materials[1],7_2_m1,material,True,"Desecrated Shoulderpads from Patchwerk, Grobbulus or Gluth",no_lock,[],[],same piece materials; tradeable collection independent,"high for collection independence, unconfirmed Forever equivalence","[""https://www.wowhead.com/classic/guide/naxxramas-tier-3-armor-set-wow-classic""]","All existing material rows collect independently. Echoes of War9033 is missing from the current goal; it gates crafting quests, not gathering. Parent piece is auto-owned metadata and has no manual checkbox.","{""quest"": 9033, ""name"": ""Echoes of War"", ""appliesTo"": ""future crafting/turn-in task only""}",,,False,raid_set_step_audit.json
tier3:sections[7].pieces[2].materials[2],tier3,sections[7].pieces[2].materials[2],7_2_m2,material,True,12 Wartorn Cloth Scraps from Naxxramas trash,no_lock,[],[],same piece materials; tradeable collection independent,"high for collection independence, unconfirmed Forever equivalence","[""https://www.wowhead.com/classic/guide/naxxramas-tier-3-armor-set-wow-classic""]","All existing material rows collect independently. Echoes of War9033 is missing from the current goal; it gates crafting quests, not gathering. Parent piece is auto-owned metadata and has no manual checkbox.","{""quest"": 9033, ""name"": ""Echoes of War"", ""appliesTo"": ""future crafting/turn-in task only""}",,,False,raid_set_step_audit.json
tier3:sections[7].pieces[2].materials[3],tier3,sections[7].pieces[2].materials[3],7_2_m3,material,True,2 Mooncloth,no_lock,[],[],same piece materials; tradeable collection independent,"high for collection independence, unconfirmed Forever equivalence","[""https://www.wowhead.com/classic/guide/naxxramas-tier-3-armor-set-wow-classic""]","All existing material rows collect independently. Echoes of War9033 is missing from the current goal; it gates crafting quests, not gathering. Parent piece is auto-owned metadata and has no manual checkbox.","{""quest"": 9033, ""name"": ""Echoes of War"", ""appliesTo"": ""future crafting/turn-in task only""}",,,False,raid_set_step_audit.json
tier3:sections[7].pieces[2].materials[4],tier3,sections[7].pieces[2].materials[4],7_2_m4,material,True,3 Cured Rugged Hides,no_lock,[],[],same piece materials; tradeable collection independent,"high for collection independence, unconfirmed Forever equivalence","[""https://www.wowhead.com/classic/guide/naxxramas-tier-3-armor-set-wow-classic""]","All existing material rows collect independently. Echoes of War9033 is missing from the current goal; it gates crafting quests, not gathering. Parent piece is auto-owned metadata and has no manual checkbox.","{""quest"": 9033, ""name"": ""Echoes of War"", ""appliesTo"": ""future crafting/turn-in task only""}",,,False,raid_set_step_audit.json
tier3:sections[7].pieces[3],tier3,sections[7].pieces[3],7_3_piece,piece,False,Frostfire Robe,no_lock,[],[],same piece materials; tradeable collection independent,"high for collection independence, unconfirmed Forever equivalence","[""https://www.wowhead.com/classic/guide/naxxramas-tier-3-armor-set-wow-classic""]","All existing material rows collect independently. Echoes of War9033 is missing from the current goal; it gates crafting quests, not gathering. Parent piece is auto-owned metadata and has no manual checkbox.","{""quest"": 9033, ""name"": ""Echoes of War"", ""appliesTo"": ""future crafting/turn-in task only""}",,,False,raid_set_step_audit.json
tier3:sections[7].pieces[3].materials[1],tier3,sections[7].pieces[3].materials[1],7_3_m1,material,True,Desecrated Robe from the Four Horsemen Chest,no_lock,[],[],same piece materials; tradeable collection independent,"high for collection independence, unconfirmed Forever equivalence","[""https://www.wowhead.com/classic/guide/naxxramas-tier-3-armor-set-wow-classic""]","All existing material rows collect independently. Echoes of War9033 is missing from the current goal; it gates crafting quests, not gathering. Parent piece is auto-owned metadata and has no manual checkbox.","{""quest"": 9033, ""name"": ""Echoes of War"", ""appliesTo"": ""future crafting/turn-in task only""}",,,False,raid_set_step_audit.json
tier3:sections[7].pieces[3].materials[2],tier3,sections[7].pieces[3].materials[2],7_3_m2,material,True,25 Wartorn Cloth Scraps from Naxxramas trash,no_lock,[],[],same piece materials; tradeable collection independent,"high for collection independence, unconfirmed Forever equivalence","[""https://www.wowhead.com/classic/guide/naxxramas-tier-3-armor-set-wow-classic""]","All existing material rows collect independently. Echoes of War9033 is missing from the current goal; it gates crafting quests, not gathering. Parent piece is auto-owned metadata and has no manual checkbox.","{""quest"": 9033, ""name"": ""Echoes of War"", ""appliesTo"": ""future crafting/turn-in task only""}",,,False,raid_set_step_audit.json
tier3:sections[7].pieces[3].materials[3],tier3,sections[7].pieces[3].materials[3],7_3_m3,material,True,4 Mooncloth,no_lock,[],[],same piece materials; tradeable collection independent,"high for collection independence, unconfirmed Forever equivalence","[""https://www.wowhead.com/classic/guide/naxxramas-tier-3-armor-set-wow-classic""]","All existing material rows collect independently. Echoes of War9033 is missing from the current goal; it gates crafting quests, not gathering. Parent piece is auto-owned metadata and has no manual checkbox.","{""quest"": 9033, ""name"": ""Echoes of War"", ""appliesTo"": ""future crafting/turn-in task only""}",,,False,raid_set_step_audit.json
tier3:sections[7].pieces[3].materials[4],tier3,sections[7].pieces[3].materials[4],7_3_m4,material,True,2 Nexus Crystals,no_lock,[],[],same piece materials; tradeable collection independent,"high for collection independence, unconfirmed Forever equivalence","[""https://www.wowhead.com/classic/guide/naxxramas-tier-3-armor-set-wow-classic""]","All existing material rows collect independently. Echoes of War9033 is missing from the current goal; it gates crafting quests, not gathering. Parent piece is auto-owned metadata and has no manual checkbox.","{""quest"": 9033, ""name"": ""Echoes of War"", ""appliesTo"": ""future crafting/turn-in task only""}",,,False,raid_set_step_audit.json
tier3:sections[7].pieces[4],tier3,sections[7].pieces[4],7_4_piece,piece,False,Frostfire Gloves,no_lock,[],[],same piece materials; tradeable collection independent,"high for collection independence, unconfirmed Forever equivalence","[""https://www.wowhead.com/classic/guide/naxxramas-tier-3-armor-set-wow-classic""]","All existing material rows collect independently. Echoes of War9033 is missing from the current goal; it gates crafting quests, not gathering. Parent piece is auto-owned metadata and has no manual checkbox.","{""quest"": 9033, ""name"": ""Echoes of War"", ""appliesTo"": ""future crafting/turn-in task only""}",,,False,raid_set_step_audit.json
tier3:sections[7].pieces[4].materials[1],tier3,sections[7].pieces[4].materials[1],7_4_m1,material,True,Desecrated Gloves from Maexxna,no_lock,[],[],same piece materials; tradeable collection independent,"high for collection independence, unconfirmed Forever equivalence","[""https://www.wowhead.com/classic/guide/naxxramas-tier-3-armor-set-wow-classic""]","All existing material rows collect independently. Echoes of War9033 is missing from the current goal; it gates crafting quests, not gathering. Parent piece is auto-owned metadata and has no manual checkbox.","{""quest"": 9033, ""name"": ""Echoes of War"", ""appliesTo"": ""future crafting/turn-in task only""}",,,False,raid_set_step_audit.json
tier3:sections[7].pieces[4].materials[2],tier3,sections[7].pieces[4].materials[2],7_4_m2,material,True,8 Wartorn Cloth Scraps from Naxxramas trash,no_lock,[],[],same piece materials; tradeable collection independent,"high for collection independence, unconfirmed Forever equivalence","[""https://www.wowhead.com/classic/guide/naxxramas-tier-3-armor-set-wow-classic""]","All existing material rows collect independently. Echoes of War9033 is missing from the current goal; it gates crafting quests, not gathering. Parent piece is auto-owned metadata and has no manual checkbox.","{""quest"": 9033, ""name"": ""Echoes of War"", ""appliesTo"": ""future crafting/turn-in task only""}",,,False,raid_set_step_audit.json
tier3:sections[7].pieces[4].materials[3],tier3,sections[7].pieces[4].materials[3],7_4_m3,material,True,4 Mooncloth,no_lock,[],[],same piece materials; tradeable collection independent,"high for collection independence, unconfirmed Forever equivalence","[""https://www.wowhead.com/classic/guide/naxxramas-tier-3-armor-set-wow-classic""]","All existing material rows collect independently. Echoes of War9033 is missing from the current goal; it gates crafting quests, not gathering. Parent piece is auto-owned metadata and has no manual checkbox.","{""quest"": 9033, ""name"": ""Echoes of War"", ""appliesTo"": ""future crafting/turn-in task only""}",,,False,raid_set_step_audit.json
tier3:sections[7].pieces[5],tier3,sections[7].pieces[5],7_5_piece,piece,False,Frostfire Leggings,no_lock,[],[],same piece materials; tradeable collection independent,"high for collection independence, unconfirmed Forever equivalence","[""https://www.wowhead.com/classic/guide/naxxramas-tier-3-armor-set-wow-classic""]","All existing material rows collect independently. Echoes of War9033 is missing from the current goal; it gates crafting quests, not gathering. Parent piece is auto-owned metadata and has no manual checkbox.","{""quest"": 9033, ""name"": ""Echoes of War"", ""appliesTo"": ""future crafting/turn-in task only""}",,,False,raid_set_step_audit.json
tier3:sections[7].pieces[5].materials[1],tier3,sections[7].pieces[5].materials[1],7_5_m1,material,True,Desecrated Leggings from Loatheb,no_lock,[],[],same piece materials; tradeable collection independent,"high for collection independence, unconfirmed Forever equivalence","[""https://www.wowhead.com/classic/guide/naxxramas-tier-3-armor-set-wow-classic""]","All existing material rows collect independently. Echoes of War9033 is missing from the current goal; it gates crafting quests, not gathering. Parent piece is auto-owned metadata and has no manual checkbox.","{""quest"": 9033, ""name"": ""Echoes of War"", ""appliesTo"": ""future crafting/turn-in task only""}",,,False,raid_set_step_audit.json
tier3:sections[7].pieces[5].materials[2],tier3,sections[7].pieces[5].materials[2],7_5_m2,material,True,20 Wartorn Cloth Scraps from Naxxramas trash,no_lock,[],[],same piece materials; tradeable collection independent,"high for collection independence, unconfirmed Forever equivalence","[""https://www.wowhead.com/classic/guide/naxxramas-tier-3-armor-set-wow-classic""]","All existing material rows collect independently. Echoes of War9033 is missing from the current goal; it gates crafting quests, not gathering. Parent piece is auto-owned metadata and has no manual checkbox.","{""quest"": 9033, ""name"": ""Echoes of War"", ""appliesTo"": ""future crafting/turn-in task only""}",,,False,raid_set_step_audit.json
tier3:sections[7].pieces[5].materials[3],tier3,sections[7].pieces[5].materials[3],7_5_m3,material,True,4 Mooncloth,no_lock,[],[],same piece materials; tradeable collection independent,"high for collection independence, unconfirmed Forever equivalence","[""https://www.wowhead.com/classic/guide/naxxramas-tier-3-armor-set-wow-classic""]","All existing material rows collect independently. Echoes of War9033 is missing from the current goal; it gates crafting quests, not gathering. Parent piece is auto-owned metadata and has no manual checkbox.","{""quest"": 9033, ""name"": ""Echoes of War"", ""appliesTo"": ""future crafting/turn-in task only""}",,,False,raid_set_step_audit.json
tier3:sections[7].pieces[5].materials[4],tier3,sections[7].pieces[5].materials[4],7_5_m4,material,True,2 Nexus Crystals,no_lock,[],[],same piece materials; tradeable collection independent,"high for collection independence, unconfirmed Forever equivalence","[""https://www.wowhead.com/classic/guide/naxxramas-tier-3-armor-set-wow-classic""]","All existing material rows collect independently. Echoes of War9033 is missing from the current goal; it gates crafting quests, not gathering. Parent piece is auto-owned metadata and has no manual checkbox.","{""quest"": 9033, ""name"": ""Echoes of War"", ""appliesTo"": ""future crafting/turn-in task only""}",,,False,raid_set_step_audit.json
tier3:sections[7].pieces[6],tier3,sections[7].pieces[6],7_6_piece,piece,False,Frostfire Belt,no_lock,[],[],same piece materials; tradeable collection independent,"high for collection independence, unconfirmed Forever equivalence","[""https://www.wowhead.com/classic/guide/naxxramas-tier-3-armor-set-wow-classic""]","All existing material rows collect independently. Echoes of War9033 is missing from the current goal; it gates crafting quests, not gathering. Parent piece is auto-owned metadata and has no manual checkbox.","{""quest"": 9033, ""name"": ""Echoes of War"", ""appliesTo"": ""future crafting/turn-in task only""}",,,False,raid_set_step_audit.json
tier3:sections[7].pieces[6].materials[1],tier3,sections[7].pieces[6].materials[1],7_6_m1,material,True,"Desecrated Belt from Noth the Plaguebringer, Heigan the Unclean or Gluth",no_lock,[],[],same piece materials; tradeable collection independent,"high for collection independence, unconfirmed Forever equivalence","[""https://www.wowhead.com/classic/guide/naxxramas-tier-3-armor-set-wow-classic""]","All existing material rows collect independently. Echoes of War9033 is missing from the current goal; it gates crafting quests, not gathering. Parent piece is auto-owned metadata and has no manual checkbox.","{""quest"": 9033, ""name"": ""Echoes of War"", ""appliesTo"": ""future crafting/turn-in task only""}",,,False,raid_set_step_audit.json
tier3:sections[7].pieces[6].materials[2],tier3,sections[7].pieces[6].materials[2],7_6_m2,material,True,8 Wartorn Cloth Scraps from Naxxramas trash,no_lock,[],[],same piece materials; tradeable collection independent,"high for collection independence, unconfirmed Forever equivalence","[""https://www.wowhead.com/classic/guide/naxxramas-tier-3-armor-set-wow-classic""]","All existing material rows collect independently. Echoes of War9033 is missing from the current goal; it gates crafting quests, not gathering. Parent piece is auto-owned metadata and has no manual checkbox.","{""quest"": 9033, ""name"": ""Echoes of War"", ""appliesTo"": ""future crafting/turn-in task only""}",,,False,raid_set_step_audit.json
tier3:sections[7].pieces[6].materials[3],tier3,sections[7].pieces[6].materials[3],7_6_m3,material,True,2 Arcane Crystals,no_lock,[],[],same piece materials; tradeable collection independent,"high for collection independence, unconfirmed Forever equivalence","[""https://www.wowhead.com/classic/guide/naxxramas-tier-3-armor-set-wow-classic""]","All existing material rows collect independently. Echoes of War9033 is missing from the current goal; it gates crafting quests, not gathering. Parent piece is auto-owned metadata and has no manual checkbox.","{""quest"": 9033, ""name"": ""Echoes of War"", ""appliesTo"": ""future crafting/turn-in task only""}",,,False,raid_set_step_audit.json
tier3:sections[7].pieces[6].materials[4],tier3,sections[7].pieces[6].materials[4],7_6_m4,material,True,2 Mooncloth,no_lock,[],[],same piece materials; tradeable collection independent,"high for collection independence, unconfirmed Forever equivalence","[""https://www.wowhead.com/classic/guide/naxxramas-tier-3-armor-set-wow-classic""]","All existing material rows collect independently. Echoes of War9033 is missing from the current goal; it gates crafting quests, not gathering. Parent piece is auto-owned metadata and has no manual checkbox.","{""quest"": 9033, ""name"": ""Echoes of War"", ""appliesTo"": ""future crafting/turn-in task only""}",,,False,raid_set_step_audit.json
tier3:sections[7].pieces[7],tier3,sections[7].pieces[7],7_7_piece,piece,False,Frostfire Bindings,no_lock,[],[],same piece materials; tradeable collection independent,"high for collection independence, unconfirmed Forever equivalence","[""https://www.wowhead.com/classic/guide/naxxramas-tier-3-armor-set-wow-classic""]","All existing material rows collect independently. Echoes of War9033 is missing from the current goal; it gates crafting quests, not gathering. Parent piece is auto-owned metadata and has no manual checkbox.","{""quest"": 9033, ""name"": ""Echoes of War"", ""appliesTo"": ""future crafting/turn-in task only""}",,,False,raid_set_step_audit.json
tier3:sections[7].pieces[7].materials[1],tier3,sections[7].pieces[7].materials[1],7_7_m1,material,True,"Desecrated Bindings from Anub'Rekhan, Grand Widow Faerlina or Gluth",no_lock,[],[],same piece materials; tradeable collection independent,"high for collection independence, unconfirmed Forever equivalence","[""https://www.wowhead.com/classic/guide/naxxramas-tier-3-armor-set-wow-classic""]","All existing material rows collect independently. Echoes of War9033 is missing from the current goal; it gates crafting quests, not gathering. Parent piece is auto-owned metadata and has no manual checkbox.","{""quest"": 9033, ""name"": ""Echoes of War"", ""appliesTo"": ""future crafting/turn-in task only""}",,,False,raid_set_step_audit.json
tier3:sections[7].pieces[7].materials[2],tier3,sections[7].pieces[7].materials[2],7_7_m2,material,True,6 Wartorn Cloth Scraps from Naxxramas trash,no_lock,[],[],same piece materials; tradeable collection independent,"high for collection independence, unconfirmed Forever equivalence","[""https://www.wowhead.com/classic/guide/naxxramas-tier-3-armor-set-wow-classic""]","All existing material rows collect independently. Echoes of War9033 is missing from the current goal; it gates crafting quests, not gathering. Parent piece is auto-owned metadata and has no manual checkbox.","{""quest"": 9033, ""name"": ""Echoes of War"", ""appliesTo"": ""future crafting/turn-in task only""}",,,False,raid_set_step_audit.json
tier3:sections[7].pieces[7].materials[3],tier3,sections[7].pieces[7].materials[3],7_7_m3,material,True,1 Arcane Crystal,no_lock,[],[],same piece materials; tradeable collection independent,"high for collection independence, unconfirmed Forever equivalence","[""https://www.wowhead.com/classic/guide/naxxramas-tier-3-armor-set-wow-classic""]","All existing material rows collect independently. Echoes of War9033 is missing from the current goal; it gates crafting quests, not gathering. Parent piece is auto-owned metadata and has no manual checkbox.","{""quest"": 9033, ""name"": ""Echoes of War"", ""appliesTo"": ""future crafting/turn-in task only""}",,,False,raid_set_step_audit.json
tier3:sections[7].pieces[7].materials[4],tier3,sections[7].pieces[7].materials[4],7_7_m4,material,True,1 Nexus Crystal,no_lock,[],[],same piece materials; tradeable collection independent,"high for collection independence, unconfirmed Forever equivalence","[""https://www.wowhead.com/classic/guide/naxxramas-tier-3-armor-set-wow-classic""]","All existing material rows collect independently. Echoes of War9033 is missing from the current goal; it gates crafting quests, not gathering. Parent piece is auto-owned metadata and has no manual checkbox.","{""quest"": 9033, ""name"": ""Echoes of War"", ""appliesTo"": ""future crafting/turn-in task only""}",,,False,raid_set_step_audit.json
tier3:sections[7].pieces[8],tier3,sections[7].pieces[8],7_8_piece,piece,False,Frostfire Sandals,no_lock,[],[],same piece materials; tradeable collection independent,"high for collection independence, unconfirmed Forever equivalence","[""https://www.wowhead.com/classic/guide/naxxramas-tier-3-armor-set-wow-classic""]","All existing material rows collect independently. Echoes of War9033 is missing from the current goal; it gates crafting quests, not gathering. Parent piece is auto-owned metadata and has no manual checkbox.","{""quest"": 9033, ""name"": ""Echoes of War"", ""appliesTo"": ""future crafting/turn-in task only""}",,,False,raid_set_step_audit.json
tier3:sections[7].pieces[8].materials[1],tier3,sections[7].pieces[8].materials[1],7_8_m1,material,True,"Desecrated Sandals from Instructor Razuvious, Gothik the Harvester or Gluth",no_lock,[],[],same piece materials; tradeable collection independent,"high for collection independence, unconfirmed Forever equivalence","[""https://www.wowhead.com/classic/guide/naxxramas-tier-3-armor-set-wow-classic""]","All existing material rows collect independently. Echoes of War9033 is missing from the current goal; it gates crafting quests, not gathering. Parent piece is auto-owned metadata and has no manual checkbox.","{""quest"": 9033, ""name"": ""Echoes of War"", ""appliesTo"": ""future crafting/turn-in task only""}",,,False,raid_set_step_audit.json
tier3:sections[7].pieces[8].materials[2],tier3,sections[7].pieces[8].materials[2],7_8_m2,material,True,12 Wartorn Cloth Scraps from Naxxramas trash,no_lock,[],[],same piece materials; tradeable collection independent,"high for collection independence, unconfirmed Forever equivalence","[""https://www.wowhead.com/classic/guide/naxxramas-tier-3-armor-set-wow-classic""]","All existing material rows collect independently. Echoes of War9033 is missing from the current goal; it gates crafting quests, not gathering. Parent piece is auto-owned metadata and has no manual checkbox.","{""quest"": 9033, ""name"": ""Echoes of War"", ""appliesTo"": ""future crafting/turn-in task only""}",,,False,raid_set_step_audit.json
tier3:sections[7].pieces[8].materials[3],tier3,sections[7].pieces[8].materials[3],7_8_m3,material,True,2 Mooncloth,no_lock,[],[],same piece materials; tradeable collection independent,"high for collection independence, unconfirmed Forever equivalence","[""https://www.wowhead.com/classic/guide/naxxramas-tier-3-armor-set-wow-classic""]","All existing material rows collect independently. Echoes of War9033 is missing from the current goal; it gates crafting quests, not gathering. Parent piece is auto-owned metadata and has no manual checkbox.","{""quest"": 9033, ""name"": ""Echoes of War"", ""appliesTo"": ""future crafting/turn-in task only""}",,,False,raid_set_step_audit.json
tier3:sections[7].pieces[8].materials[4],tier3,sections[7].pieces[8].materials[4],7_8_m4,material,True,3 Cured Rugged Hides,no_lock,[],[],same piece materials; tradeable collection independent,"high for collection independence, unconfirmed Forever equivalence","[""https://www.wowhead.com/classic/guide/naxxramas-tier-3-armor-set-wow-classic""]","All existing material rows collect independently. Echoes of War9033 is missing from the current goal; it gates crafting quests, not gathering. Parent piece is auto-owned metadata and has no manual checkbox.","{""quest"": 9033, ""name"": ""Echoes of War"", ""appliesTo"": ""future crafting/turn-in task only""}",,,False,raid_set_step_audit.json
tier3:sections[8].pieces[1],tier3,sections[8].pieces[1],8_1_piece,piece,False,Plagueheart Circlet,no_lock,[],[],same piece materials; tradeable collection independent,"high for collection independence, unconfirmed Forever equivalence","[""https://www.wowhead.com/classic/guide/naxxramas-tier-3-armor-set-wow-classic""]","All existing material rows collect independently. Echoes of War9033 is missing from the current goal; it gates crafting quests, not gathering. Parent piece is auto-owned metadata and has no manual checkbox.","{""quest"": 9033, ""name"": ""Echoes of War"", ""appliesTo"": ""future crafting/turn-in task only""}",,,False,raid_set_step_audit.json
tier3:sections[8].pieces[1].materials[1],tier3,sections[8].pieces[1].materials[1],8_1_m1,material,True,Desecrated Circlet from Thaddius,no_lock,[],[],same piece materials; tradeable collection independent,"high for collection independence, unconfirmed Forever equivalence","[""https://www.wowhead.com/classic/guide/naxxramas-tier-3-armor-set-wow-classic""]","All existing material rows collect independently. Echoes of War9033 is missing from the current goal; it gates crafting quests, not gathering. Parent piece is auto-owned metadata and has no manual checkbox.","{""quest"": 9033, ""name"": ""Echoes of War"", ""appliesTo"": ""future crafting/turn-in task only""}",,,False,raid_set_step_audit.json
tier3:sections[8].pieces[1].materials[2],tier3,sections[8].pieces[1].materials[2],8_1_m2,material,True,15 Wartorn Cloth Scraps from Naxxramas trash,no_lock,[],[],same piece materials; tradeable collection independent,"high for collection independence, unconfirmed Forever equivalence","[""https://www.wowhead.com/classic/guide/naxxramas-tier-3-armor-set-wow-classic""]","All existing material rows collect independently. Echoes of War9033 is missing from the current goal; it gates crafting quests, not gathering. Parent piece is auto-owned metadata and has no manual checkbox.","{""quest"": 9033, ""name"": ""Echoes of War"", ""appliesTo"": ""future crafting/turn-in task only""}",,,False,raid_set_step_audit.json
tier3:sections[8].pieces[1].materials[3],tier3,sections[8].pieces[1].materials[3],8_1_m3,material,True,3 Mooncloth,no_lock,[],[],same piece materials; tradeable collection independent,"high for collection independence, unconfirmed Forever equivalence","[""https://www.wowhead.com/classic/guide/naxxramas-tier-3-armor-set-wow-classic""]","All existing material rows collect independently. Echoes of War9033 is missing from the current goal; it gates crafting quests, not gathering. Parent piece is auto-owned metadata and has no manual checkbox.","{""quest"": 9033, ""name"": ""Echoes of War"", ""appliesTo"": ""future crafting/turn-in task only""}",,,False,raid_set_step_audit.json
tier3:sections[8].pieces[1].materials[4],tier3,sections[8].pieces[1].materials[4],8_1_m4,material,True,3 Nexus Crystals,no_lock,[],[],same piece materials; tradeable collection independent,"high for collection independence, unconfirmed Forever equivalence","[""https://www.wowhead.com/classic/guide/naxxramas-tier-3-armor-set-wow-classic""]","All existing material rows collect independently. Echoes of War9033 is missing from the current goal; it gates crafting quests, not gathering. Parent piece is auto-owned metadata and has no manual checkbox.","{""quest"": 9033, ""name"": ""Echoes of War"", ""appliesTo"": ""future crafting/turn-in task only""}",,,False,raid_set_step_audit.json
tier3:sections[8].pieces[2],tier3,sections[8].pieces[2],8_2_piece,piece,False,Plagueheart Shoulderpads,no_lock,[],[],same piece materials; tradeable collection independent,"high for collection independence, unconfirmed Forever equivalence","[""https://www.wowhead.com/classic/guide/naxxramas-tier-3-armor-set-wow-classic""]","All existing material rows collect independently. Echoes of War9033 is missing from the current goal; it gates crafting quests, not gathering. Parent piece is auto-owned metadata and has no manual checkbox.","{""quest"": 9033, ""name"": ""Echoes of War"", ""appliesTo"": ""future crafting/turn-in task only""}",,,False,raid_set_step_audit.json
tier3:sections[8].pieces[2].materials[1],tier3,sections[8].pieces[2].materials[1],8_2_m1,material,True,"Desecrated Shoulderpads from Patchwerk, Grobbulus or Gluth",no_lock,[],[],same piece materials; tradeable collection independent,"high for collection independence, unconfirmed Forever equivalence","[""https://www.wowhead.com/classic/guide/naxxramas-tier-3-armor-set-wow-classic""]","All existing material rows collect independently. Echoes of War9033 is missing from the current goal; it gates crafting quests, not gathering. Parent piece is auto-owned metadata and has no manual checkbox.","{""quest"": 9033, ""name"": ""Echoes of War"", ""appliesTo"": ""future crafting/turn-in task only""}",,,False,raid_set_step_audit.json
tier3:sections[8].pieces[2].materials[2],tier3,sections[8].pieces[2].materials[2],8_2_m2,material,True,12 Wartorn Cloth Scraps from Naxxramas trash,no_lock,[],[],same piece materials; tradeable collection independent,"high for collection independence, unconfirmed Forever equivalence","[""https://www.wowhead.com/classic/guide/naxxramas-tier-3-armor-set-wow-classic""]","All existing material rows collect independently. Echoes of War9033 is missing from the current goal; it gates crafting quests, not gathering. Parent piece is auto-owned metadata and has no manual checkbox.","{""quest"": 9033, ""name"": ""Echoes of War"", ""appliesTo"": ""future crafting/turn-in task only""}",,,False,raid_set_step_audit.json
tier3:sections[8].pieces[2].materials[3],tier3,sections[8].pieces[2].materials[3],8_2_m3,material,True,2 Mooncloth,no_lock,[],[],same piece materials; tradeable collection independent,"high for collection independence, unconfirmed Forever equivalence","[""https://www.wowhead.com/classic/guide/naxxramas-tier-3-armor-set-wow-classic""]","All existing material rows collect independently. Echoes of War9033 is missing from the current goal; it gates crafting quests, not gathering. Parent piece is auto-owned metadata and has no manual checkbox.","{""quest"": 9033, ""name"": ""Echoes of War"", ""appliesTo"": ""future crafting/turn-in task only""}",,,False,raid_set_step_audit.json
tier3:sections[8].pieces[2].materials[4],tier3,sections[8].pieces[2].materials[4],8_2_m4,material,True,3 Cured Rugged Hides,no_lock,[],[],same piece materials; tradeable collection independent,"high for collection independence, unconfirmed Forever equivalence","[""https://www.wowhead.com/classic/guide/naxxramas-tier-3-armor-set-wow-classic""]","All existing material rows collect independently. Echoes of War9033 is missing from the current goal; it gates crafting quests, not gathering. Parent piece is auto-owned metadata and has no manual checkbox.","{""quest"": 9033, ""name"": ""Echoes of War"", ""appliesTo"": ""future crafting/turn-in task only""}",,,False,raid_set_step_audit.json
tier3:sections[8].pieces[3],tier3,sections[8].pieces[3],8_3_piece,piece,False,Plagueheart Robe,no_lock,[],[],same piece materials; tradeable collection independent,"high for collection independence, unconfirmed Forever equivalence","[""https://www.wowhead.com/classic/guide/naxxramas-tier-3-armor-set-wow-classic""]","All existing material rows collect independently. Echoes of War9033 is missing from the current goal; it gates crafting quests, not gathering. Parent piece is auto-owned metadata and has no manual checkbox.","{""quest"": 9033, ""name"": ""Echoes of War"", ""appliesTo"": ""future crafting/turn-in task only""}",,,False,raid_set_step_audit.json
tier3:sections[8].pieces[3].materials[1],tier3,sections[8].pieces[3].materials[1],8_3_m1,material,True,Desecrated Robe from the Four Horsemen Chest,no_lock,[],[],same piece materials; tradeable collection independent,"high for collection independence, unconfirmed Forever equivalence","[""https://www.wowhead.com/classic/guide/naxxramas-tier-3-armor-set-wow-classic""]","All existing material rows collect independently. Echoes of War9033 is missing from the current goal; it gates crafting quests, not gathering. Parent piece is auto-owned metadata and has no manual checkbox.","{""quest"": 9033, ""name"": ""Echoes of War"", ""appliesTo"": ""future crafting/turn-in task only""}",,,False,raid_set_step_audit.json
tier3:sections[8].pieces[3].materials[2],tier3,sections[8].pieces[3].materials[2],8_3_m2,material,True,25 Wartorn Cloth Scraps from Naxxramas trash,no_lock,[],[],same piece materials; tradeable collection independent,"high for collection independence, unconfirmed Forever equivalence","[""https://www.wowhead.com/classic/guide/naxxramas-tier-3-armor-set-wow-classic""]","All existing material rows collect independently. Echoes of War9033 is missing from the current goal; it gates crafting quests, not gathering. Parent piece is auto-owned metadata and has no manual checkbox.","{""quest"": 9033, ""name"": ""Echoes of War"", ""appliesTo"": ""future crafting/turn-in task only""}",,,False,raid_set_step_audit.json
tier3:sections[8].pieces[3].materials[3],tier3,sections[8].pieces[3].materials[3],8_3_m3,material,True,4 Mooncloth,no_lock,[],[],same piece materials; tradeable collection independent,"high for collection independence, unconfirmed Forever equivalence","[""https://www.wowhead.com/classic/guide/naxxramas-tier-3-armor-set-wow-classic""]","All existing material rows collect independently. Echoes of War9033 is missing from the current goal; it gates crafting quests, not gathering. Parent piece is auto-owned metadata and has no manual checkbox.","{""quest"": 9033, ""name"": ""Echoes of War"", ""appliesTo"": ""future crafting/turn-in task only""}",,,False,raid_set_step_audit.json
tier3:sections[8].pieces[3].materials[4],tier3,sections[8].pieces[3].materials[4],8_3_m4,material,True,2 Nexus Crystals,no_lock,[],[],same piece materials; tradeable collection independent,"high for collection independence, unconfirmed Forever equivalence","[""https://www.wowhead.com/classic/guide/naxxramas-tier-3-armor-set-wow-classic""]","All existing material rows collect independently. Echoes of War9033 is missing from the current goal; it gates crafting quests, not gathering. Parent piece is auto-owned metadata and has no manual checkbox.","{""quest"": 9033, ""name"": ""Echoes of War"", ""appliesTo"": ""future crafting/turn-in task only""}",,,False,raid_set_step_audit.json
tier3:sections[8].pieces[4],tier3,sections[8].pieces[4],8_4_piece,piece,False,Plagueheart Gloves,no_lock,[],[],same piece materials; tradeable collection independent,"high for collection independence, unconfirmed Forever equivalence","[""https://www.wowhead.com/classic/guide/naxxramas-tier-3-armor-set-wow-classic""]","All existing material rows collect independently. Echoes of War9033 is missing from the current goal; it gates crafting quests, not gathering. Parent piece is auto-owned metadata and has no manual checkbox.","{""quest"": 9033, ""name"": ""Echoes of War"", ""appliesTo"": ""future crafting/turn-in task only""}",,,False,raid_set_step_audit.json
tier3:sections[8].pieces[4].materials[1],tier3,sections[8].pieces[4].materials[1],8_4_m1,material,True,Desecrated Gloves from Maexxna,no_lock,[],[],same piece materials; tradeable collection independent,"high for collection independence, unconfirmed Forever equivalence","[""https://www.wowhead.com/classic/guide/naxxramas-tier-3-armor-set-wow-classic""]","All existing material rows collect independently. Echoes of War9033 is missing from the current goal; it gates crafting quests, not gathering. Parent piece is auto-owned metadata and has no manual checkbox.","{""quest"": 9033, ""name"": ""Echoes of War"", ""appliesTo"": ""future crafting/turn-in task only""}",,,False,raid_set_step_audit.json
tier3:sections[8].pieces[4].materials[2],tier3,sections[8].pieces[4].materials[2],8_4_m2,material,True,8 Wartorn Cloth Scraps from Naxxramas trash,no_lock,[],[],same piece materials; tradeable collection independent,"high for collection independence, unconfirmed Forever equivalence","[""https://www.wowhead.com/classic/guide/naxxramas-tier-3-armor-set-wow-classic""]","All existing material rows collect independently. Echoes of War9033 is missing from the current goal; it gates crafting quests, not gathering. Parent piece is auto-owned metadata and has no manual checkbox.","{""quest"": 9033, ""name"": ""Echoes of War"", ""appliesTo"": ""future crafting/turn-in task only""}",,,False,raid_set_step_audit.json
tier3:sections[8].pieces[4].materials[3],tier3,sections[8].pieces[4].materials[3],8_4_m3,material,True,4 Mooncloth,no_lock,[],[],same piece materials; tradeable collection independent,"high for collection independence, unconfirmed Forever equivalence","[""https://www.wowhead.com/classic/guide/naxxramas-tier-3-armor-set-wow-classic""]","All existing material rows collect independently. Echoes of War9033 is missing from the current goal; it gates crafting quests, not gathering. Parent piece is auto-owned metadata and has no manual checkbox.","{""quest"": 9033, ""name"": ""Echoes of War"", ""appliesTo"": ""future crafting/turn-in task only""}",,,False,raid_set_step_audit.json
tier3:sections[8].pieces[5],tier3,sections[8].pieces[5],8_5_piece,piece,False,Plagueheart Leggings,no_lock,[],[],same piece materials; tradeable collection independent,"high for collection independence, unconfirmed Forever equivalence","[""https://www.wowhead.com/classic/guide/naxxramas-tier-3-armor-set-wow-classic""]","All existing material rows collect independently. Echoes of War9033 is missing from the current goal; it gates crafting quests, not gathering. Parent piece is auto-owned metadata and has no manual checkbox.","{""quest"": 9033, ""name"": ""Echoes of War"", ""appliesTo"": ""future crafting/turn-in task only""}",,,False,raid_set_step_audit.json
tier3:sections[8].pieces[5].materials[1],tier3,sections[8].pieces[5].materials[1],8_5_m1,material,True,Desecrated Leggings from Loatheb,no_lock,[],[],same piece materials; tradeable collection independent,"high for collection independence, unconfirmed Forever equivalence","[""https://www.wowhead.com/classic/guide/naxxramas-tier-3-armor-set-wow-classic""]","All existing material rows collect independently. Echoes of War9033 is missing from the current goal; it gates crafting quests, not gathering. Parent piece is auto-owned metadata and has no manual checkbox.","{""quest"": 9033, ""name"": ""Echoes of War"", ""appliesTo"": ""future crafting/turn-in task only""}",,,False,raid_set_step_audit.json
tier3:sections[8].pieces[5].materials[2],tier3,sections[8].pieces[5].materials[2],8_5_m2,material,True,20 Wartorn Cloth Scraps from Naxxramas trash,no_lock,[],[],same piece materials; tradeable collection independent,"high for collection independence, unconfirmed Forever equivalence","[""https://www.wowhead.com/classic/guide/naxxramas-tier-3-armor-set-wow-classic""]","All existing material rows collect independently. Echoes of War9033 is missing from the current goal; it gates crafting quests, not gathering. Parent piece is auto-owned metadata and has no manual checkbox.","{""quest"": 9033, ""name"": ""Echoes of War"", ""appliesTo"": ""future crafting/turn-in task only""}",,,False,raid_set_step_audit.json
tier3:sections[8].pieces[5].materials[3],tier3,sections[8].pieces[5].materials[3],8_5_m3,material,True,4 Mooncloth,no_lock,[],[],same piece materials; tradeable collection independent,"high for collection independence, unconfirmed Forever equivalence","[""https://www.wowhead.com/classic/guide/naxxramas-tier-3-armor-set-wow-classic""]","All existing material rows collect independently. Echoes of War9033 is missing from the current goal; it gates crafting quests, not gathering. Parent piece is auto-owned metadata and has no manual checkbox.","{""quest"": 9033, ""name"": ""Echoes of War"", ""appliesTo"": ""future crafting/turn-in task only""}",,,False,raid_set_step_audit.json
tier3:sections[8].pieces[5].materials[4],tier3,sections[8].pieces[5].materials[4],8_5_m4,material,True,2 Nexus Crystals,no_lock,[],[],same piece materials; tradeable collection independent,"high for collection independence, unconfirmed Forever equivalence","[""https://www.wowhead.com/classic/guide/naxxramas-tier-3-armor-set-wow-classic""]","All existing material rows collect independently. Echoes of War9033 is missing from the current goal; it gates crafting quests, not gathering. Parent piece is auto-owned metadata and has no manual checkbox.","{""quest"": 9033, ""name"": ""Echoes of War"", ""appliesTo"": ""future crafting/turn-in task only""}",,,False,raid_set_step_audit.json
tier3:sections[8].pieces[6],tier3,sections[8].pieces[6],8_6_piece,piece,False,Plagueheart Belt,no_lock,[],[],same piece materials; tradeable collection independent,"high for collection independence, unconfirmed Forever equivalence","[""https://www.wowhead.com/classic/guide/naxxramas-tier-3-armor-set-wow-classic""]","All existing material rows collect independently. Echoes of War9033 is missing from the current goal; it gates crafting quests, not gathering. Parent piece is auto-owned metadata and has no manual checkbox.","{""quest"": 9033, ""name"": ""Echoes of War"", ""appliesTo"": ""future crafting/turn-in task only""}",,,False,raid_set_step_audit.json
tier3:sections[8].pieces[6].materials[1],tier3,sections[8].pieces[6].materials[1],8_6_m1,material,True,"Desecrated Belt from Noth the Plaguebringer, Heigan the Unclean or Gluth",no_lock,[],[],same piece materials; tradeable collection independent,"high for collection independence, unconfirmed Forever equivalence","[""https://www.wowhead.com/classic/guide/naxxramas-tier-3-armor-set-wow-classic""]","All existing material rows collect independently. Echoes of War9033 is missing from the current goal; it gates crafting quests, not gathering. Parent piece is auto-owned metadata and has no manual checkbox.","{""quest"": 9033, ""name"": ""Echoes of War"", ""appliesTo"": ""future crafting/turn-in task only""}",,,False,raid_set_step_audit.json
tier3:sections[8].pieces[6].materials[2],tier3,sections[8].pieces[6].materials[2],8_6_m2,material,True,8 Wartorn Cloth Scraps from Naxxramas trash,no_lock,[],[],same piece materials; tradeable collection independent,"high for collection independence, unconfirmed Forever equivalence","[""https://www.wowhead.com/classic/guide/naxxramas-tier-3-armor-set-wow-classic""]","All existing material rows collect independently. Echoes of War9033 is missing from the current goal; it gates crafting quests, not gathering. Parent piece is auto-owned metadata and has no manual checkbox.","{""quest"": 9033, ""name"": ""Echoes of War"", ""appliesTo"": ""future crafting/turn-in task only""}",,,False,raid_set_step_audit.json
tier3:sections[8].pieces[6].materials[3],tier3,sections[8].pieces[6].materials[3],8_6_m3,material,True,2 Arcane Crystals,no_lock,[],[],same piece materials; tradeable collection independent,"high for collection independence, unconfirmed Forever equivalence","[""https://www.wowhead.com/classic/guide/naxxramas-tier-3-armor-set-wow-classic""]","All existing material rows collect independently. Echoes of War9033 is missing from the current goal; it gates crafting quests, not gathering. Parent piece is auto-owned metadata and has no manual checkbox.","{""quest"": 9033, ""name"": ""Echoes of War"", ""appliesTo"": ""future crafting/turn-in task only""}",,,False,raid_set_step_audit.json
tier3:sections[8].pieces[6].materials[4],tier3,sections[8].pieces[6].materials[4],8_6_m4,material,True,2 Mooncloth,no_lock,[],[],same piece materials; tradeable collection independent,"high for collection independence, unconfirmed Forever equivalence","[""https://www.wowhead.com/classic/guide/naxxramas-tier-3-armor-set-wow-classic""]","All existing material rows collect independently. Echoes of War9033 is missing from the current goal; it gates crafting quests, not gathering. Parent piece is auto-owned metadata and has no manual checkbox.","{""quest"": 9033, ""name"": ""Echoes of War"", ""appliesTo"": ""future crafting/turn-in task only""}",,,False,raid_set_step_audit.json
tier3:sections[8].pieces[7],tier3,sections[8].pieces[7],8_7_piece,piece,False,Plagueheart Bindings,no_lock,[],[],same piece materials; tradeable collection independent,"high for collection independence, unconfirmed Forever equivalence","[""https://www.wowhead.com/classic/guide/naxxramas-tier-3-armor-set-wow-classic""]","All existing material rows collect independently. Echoes of War9033 is missing from the current goal; it gates crafting quests, not gathering. Parent piece is auto-owned metadata and has no manual checkbox.","{""quest"": 9033, ""name"": ""Echoes of War"", ""appliesTo"": ""future crafting/turn-in task only""}",,,False,raid_set_step_audit.json
tier3:sections[8].pieces[7].materials[1],tier3,sections[8].pieces[7].materials[1],8_7_m1,material,True,"Desecrated Bindings from Anub'Rekhan, Grand Widow Faerlina or Gluth",no_lock,[],[],same piece materials; tradeable collection independent,"high for collection independence, unconfirmed Forever equivalence","[""https://www.wowhead.com/classic/guide/naxxramas-tier-3-armor-set-wow-classic""]","All existing material rows collect independently. Echoes of War9033 is missing from the current goal; it gates crafting quests, not gathering. Parent piece is auto-owned metadata and has no manual checkbox.","{""quest"": 9033, ""name"": ""Echoes of War"", ""appliesTo"": ""future crafting/turn-in task only""}",,,False,raid_set_step_audit.json
tier3:sections[8].pieces[7].materials[2],tier3,sections[8].pieces[7].materials[2],8_7_m2,material,True,6 Wartorn Cloth Scraps from Naxxramas trash,no_lock,[],[],same piece materials; tradeable collection independent,"high for collection independence, unconfirmed Forever equivalence","[""https://www.wowhead.com/classic/guide/naxxramas-tier-3-armor-set-wow-classic""]","All existing material rows collect independently. Echoes of War9033 is missing from the current goal; it gates crafting quests, not gathering. Parent piece is auto-owned metadata and has no manual checkbox.","{""quest"": 9033, ""name"": ""Echoes of War"", ""appliesTo"": ""future crafting/turn-in task only""}",,,False,raid_set_step_audit.json
tier3:sections[8].pieces[7].materials[3],tier3,sections[8].pieces[7].materials[3],8_7_m3,material,True,1 Arcane Crystal,no_lock,[],[],same piece materials; tradeable collection independent,"high for collection independence, unconfirmed Forever equivalence","[""https://www.wowhead.com/classic/guide/naxxramas-tier-3-armor-set-wow-classic""]","All existing material rows collect independently. Echoes of War9033 is missing from the current goal; it gates crafting quests, not gathering. Parent piece is auto-owned metadata and has no manual checkbox.","{""quest"": 9033, ""name"": ""Echoes of War"", ""appliesTo"": ""future crafting/turn-in task only""}",,,False,raid_set_step_audit.json
tier3:sections[8].pieces[7].materials[4],tier3,sections[8].pieces[7].materials[4],8_7_m4,material,True,1 Nexus Crystal,no_lock,[],[],same piece materials; tradeable collection independent,"high for collection independence, unconfirmed Forever equivalence","[""https://www.wowhead.com/classic/guide/naxxramas-tier-3-armor-set-wow-classic""]","All existing material rows collect independently. Echoes of War9033 is missing from the current goal; it gates crafting quests, not gathering. Parent piece is auto-owned metadata and has no manual checkbox.","{""quest"": 9033, ""name"": ""Echoes of War"", ""appliesTo"": ""future crafting/turn-in task only""}",,,False,raid_set_step_audit.json
tier3:sections[8].pieces[8],tier3,sections[8].pieces[8],8_8_piece,piece,False,Plagueheart Sandals,no_lock,[],[],same piece materials; tradeable collection independent,"high for collection independence, unconfirmed Forever equivalence","[""https://www.wowhead.com/classic/guide/naxxramas-tier-3-armor-set-wow-classic""]","All existing material rows collect independently. Echoes of War9033 is missing from the current goal; it gates crafting quests, not gathering. Parent piece is auto-owned metadata and has no manual checkbox.","{""quest"": 9033, ""name"": ""Echoes of War"", ""appliesTo"": ""future crafting/turn-in task only""}",,,False,raid_set_step_audit.json
tier3:sections[8].pieces[8].materials[1],tier3,sections[8].pieces[8].materials[1],8_8_m1,material,True,"Desecrated Sandals from Instructor Razuvious, Gothik the Harvester or Gluth",no_lock,[],[],same piece materials; tradeable collection independent,"high for collection independence, unconfirmed Forever equivalence","[""https://www.wowhead.com/classic/guide/naxxramas-tier-3-armor-set-wow-classic""]","All existing material rows collect independently. Echoes of War9033 is missing from the current goal; it gates crafting quests, not gathering. Parent piece is auto-owned metadata and has no manual checkbox.","{""quest"": 9033, ""name"": ""Echoes of War"", ""appliesTo"": ""future crafting/turn-in task only""}",,,False,raid_set_step_audit.json
tier3:sections[8].pieces[8].materials[2],tier3,sections[8].pieces[8].materials[2],8_8_m2,material,True,12 Wartorn Cloth Scraps from Naxxramas trash,no_lock,[],[],same piece materials; tradeable collection independent,"high for collection independence, unconfirmed Forever equivalence","[""https://www.wowhead.com/classic/guide/naxxramas-tier-3-armor-set-wow-classic""]","All existing material rows collect independently. Echoes of War9033 is missing from the current goal; it gates crafting quests, not gathering. Parent piece is auto-owned metadata and has no manual checkbox.","{""quest"": 9033, ""name"": ""Echoes of War"", ""appliesTo"": ""future crafting/turn-in task only""}",,,False,raid_set_step_audit.json
tier3:sections[8].pieces[8].materials[3],tier3,sections[8].pieces[8].materials[3],8_8_m3,material,True,2 Mooncloth,no_lock,[],[],same piece materials; tradeable collection independent,"high for collection independence, unconfirmed Forever equivalence","[""https://www.wowhead.com/classic/guide/naxxramas-tier-3-armor-set-wow-classic""]","All existing material rows collect independently. Echoes of War9033 is missing from the current goal; it gates crafting quests, not gathering. Parent piece is auto-owned metadata and has no manual checkbox.","{""quest"": 9033, ""name"": ""Echoes of War"", ""appliesTo"": ""future crafting/turn-in task only""}",,,False,raid_set_step_audit.json
tier3:sections[8].pieces[8].materials[4],tier3,sections[8].pieces[8].materials[4],8_8_m4,material,True,3 Cured Rugged Hides,no_lock,[],[],same piece materials; tradeable collection independent,"high for collection independence, unconfirmed Forever equivalence","[""https://www.wowhead.com/classic/guide/naxxramas-tier-3-armor-set-wow-classic""]","All existing material rows collect independently. Echoes of War9033 is missing from the current goal; it gates crafting quests, not gathering. Parent piece is auto-owned metadata and has no manual checkbox.","{""quest"": 9033, ""name"": ""Echoes of War"", ""appliesTo"": ""future crafting/turn-in task only""}",,,False,raid_set_step_audit.json
tier3:sections[9].pieces[1],tier3,sections[9].pieces[1],9_1_piece,piece,False,Earthshatter Headpiece,no_lock,[],[],same piece materials; tradeable collection independent,"high for collection independence, unconfirmed Forever equivalence","[""https://www.wowhead.com/classic/guide/naxxramas-tier-3-armor-set-wow-classic""]","All existing material rows collect independently. Echoes of War9033 is missing from the current goal; it gates crafting quests, not gathering. Parent piece is auto-owned metadata and has no manual checkbox.","{""quest"": 9033, ""name"": ""Echoes of War"", ""appliesTo"": ""future crafting/turn-in task only""}",,,False,raid_set_step_audit.json
tier3:sections[9].pieces[1].materials[1],tier3,sections[9].pieces[1].materials[1],9_1_m1,material,True,Desecrated Headpiece from Thaddius,no_lock,[],[],same piece materials; tradeable collection independent,"high for collection independence, unconfirmed Forever equivalence","[""https://www.wowhead.com/classic/guide/naxxramas-tier-3-armor-set-wow-classic""]","All existing material rows collect independently. Echoes of War9033 is missing from the current goal; it gates crafting quests, not gathering. Parent piece is auto-owned metadata and has no manual checkbox.","{""quest"": 9033, ""name"": ""Echoes of War"", ""appliesTo"": ""future crafting/turn-in task only""}",,,False,raid_set_step_audit.json
tier3:sections[9].pieces[1].materials[2],tier3,sections[9].pieces[1].materials[2],9_1_m2,material,True,15 Wartorn Chain Scraps from Naxxramas trash,no_lock,[],[],same piece materials; tradeable collection independent,"high for collection independence, unconfirmed Forever equivalence","[""https://www.wowhead.com/classic/guide/naxxramas-tier-3-armor-set-wow-classic""]","All existing material rows collect independently. Echoes of War9033 is missing from the current goal; it gates crafting quests, not gathering. Parent piece is auto-owned metadata and has no manual checkbox.","{""quest"": 9033, ""name"": ""Echoes of War"", ""appliesTo"": ""future crafting/turn-in task only""}",,,False,raid_set_step_audit.json
tier3:sections[9].pieces[1].materials[3],tier3,sections[9].pieces[1].materials[3],9_1_m3,material,True,4 Arcanite Bars,no_lock,[],[],same piece materials; tradeable collection independent,"high for collection independence, unconfirmed Forever equivalence","[""https://www.wowhead.com/classic/guide/naxxramas-tier-3-armor-set-wow-classic""]","All existing material rows collect independently. Echoes of War9033 is missing from the current goal; it gates crafting quests, not gathering. Parent piece is auto-owned metadata and has no manual checkbox.","{""quest"": 9033, ""name"": ""Echoes of War"", ""appliesTo"": ""future crafting/turn-in task only""}",,,False,raid_set_step_audit.json
tier3:sections[9].pieces[1].materials[4],tier3,sections[9].pieces[1].materials[4],9_1_m4,material,True,2 Nexus Crystals,no_lock,[],[],same piece materials; tradeable collection independent,"high for collection independence, unconfirmed Forever equivalence","[""https://www.wowhead.com/classic/guide/naxxramas-tier-3-armor-set-wow-classic""]","All existing material rows collect independently. Echoes of War9033 is missing from the current goal; it gates crafting quests, not gathering. Parent piece is auto-owned metadata and has no manual checkbox.","{""quest"": 9033, ""name"": ""Echoes of War"", ""appliesTo"": ""future crafting/turn-in task only""}",,,False,raid_set_step_audit.json
tier3:sections[9].pieces[2],tier3,sections[9].pieces[2],9_2_piece,piece,False,Earthshatter Spaulders,no_lock,[],[],same piece materials; tradeable collection independent,"high for collection independence, unconfirmed Forever equivalence","[""https://www.wowhead.com/classic/guide/naxxramas-tier-3-armor-set-wow-classic""]","All existing material rows collect independently. Echoes of War9033 is missing from the current goal; it gates crafting quests, not gathering. Parent piece is auto-owned metadata and has no manual checkbox.","{""quest"": 9033, ""name"": ""Echoes of War"", ""appliesTo"": ""future crafting/turn-in task only""}",,,False,raid_set_step_audit.json
tier3:sections[9].pieces[2].materials[1],tier3,sections[9].pieces[2].materials[1],9_2_m1,material,True,"Desecrated Spaulders from Patchwerk, Grobbulus or Gluth",no_lock,[],[],same piece materials; tradeable collection independent,"high for collection independence, unconfirmed Forever equivalence","[""https://www.wowhead.com/classic/guide/naxxramas-tier-3-armor-set-wow-classic""]","All existing material rows collect independently. Echoes of War9033 is missing from the current goal; it gates crafting quests, not gathering. Parent piece is auto-owned metadata and has no manual checkbox.","{""quest"": 9033, ""name"": ""Echoes of War"", ""appliesTo"": ""future crafting/turn-in task only""}",,,False,raid_set_step_audit.json
tier3:sections[9].pieces[2].materials[2],tier3,sections[9].pieces[2].materials[2],9_2_m2,material,True,12 Wartorn Chain Scraps from Naxxramas trash,no_lock,[],[],same piece materials; tradeable collection independent,"high for collection independence, unconfirmed Forever equivalence","[""https://www.wowhead.com/classic/guide/naxxramas-tier-3-armor-set-wow-classic""]","All existing material rows collect independently. Echoes of War9033 is missing from the current goal; it gates crafting quests, not gathering. Parent piece is auto-owned metadata and has no manual checkbox.","{""quest"": 9033, ""name"": ""Echoes of War"", ""appliesTo"": ""future crafting/turn-in task only""}",,,False,raid_set_step_audit.json
tier3:sections[9].pieces[2].materials[3],tier3,sections[9].pieces[2].materials[3],9_2_m3,material,True,2 Arcanite Bars,no_lock,[],[],same piece materials; tradeable collection independent,"high for collection independence, unconfirmed Forever equivalence","[""https://www.wowhead.com/classic/guide/naxxramas-tier-3-armor-set-wow-classic""]","All existing material rows collect independently. Echoes of War9033 is missing from the current goal; it gates crafting quests, not gathering. Parent piece is auto-owned metadata and has no manual checkbox.","{""quest"": 9033, ""name"": ""Echoes of War"", ""appliesTo"": ""future crafting/turn-in task only""}",,,False,raid_set_step_audit.json
tier3:sections[9].pieces[2].materials[4],tier3,sections[9].pieces[2].materials[4],9_2_m4,material,True,2 Mooncloth,no_lock,[],[],same piece materials; tradeable collection independent,"high for collection independence, unconfirmed Forever equivalence","[""https://www.wowhead.com/classic/guide/naxxramas-tier-3-armor-set-wow-classic""]","All existing material rows collect independently. Echoes of War9033 is missing from the current goal; it gates crafting quests, not gathering. Parent piece is auto-owned metadata and has no manual checkbox.","{""quest"": 9033, ""name"": ""Echoes of War"", ""appliesTo"": ""future crafting/turn-in task only""}",,,False,raid_set_step_audit.json
tier3:sections[9].pieces[3],tier3,sections[9].pieces[3],9_3_piece,piece,False,Earthshatter Tunic,no_lock,[],[],same piece materials; tradeable collection independent,"high for collection independence, unconfirmed Forever equivalence","[""https://www.wowhead.com/classic/guide/naxxramas-tier-3-armor-set-wow-classic""]","All existing material rows collect independently. Echoes of War9033 is missing from the current goal; it gates crafting quests, not gathering. Parent piece is auto-owned metadata and has no manual checkbox.","{""quest"": 9033, ""name"": ""Echoes of War"", ""appliesTo"": ""future crafting/turn-in task only""}",,,False,raid_set_step_audit.json
tier3:sections[9].pieces[3].materials[1],tier3,sections[9].pieces[3].materials[1],9_3_m1,material,True,Desecrated Tunic from the Four Horsemen Chest,no_lock,[],[],same piece materials; tradeable collection independent,"high for collection independence, unconfirmed Forever equivalence","[""https://www.wowhead.com/classic/guide/naxxramas-tier-3-armor-set-wow-classic""]","All existing material rows collect independently. Echoes of War9033 is missing from the current goal; it gates crafting quests, not gathering. Parent piece is auto-owned metadata and has no manual checkbox.","{""quest"": 9033, ""name"": ""Echoes of War"", ""appliesTo"": ""future crafting/turn-in task only""}",,,False,raid_set_step_audit.json
tier3:sections[9].pieces[3].materials[2],tier3,sections[9].pieces[3].materials[2],9_3_m2,material,True,25 Wartorn Chain Scraps from Naxxramas trash,no_lock,[],[],same piece materials; tradeable collection independent,"high for collection independence, unconfirmed Forever equivalence","[""https://www.wowhead.com/classic/guide/naxxramas-tier-3-armor-set-wow-classic""]","All existing material rows collect independently. Echoes of War9033 is missing from the current goal; it gates crafting quests, not gathering. Parent piece is auto-owned metadata and has no manual checkbox.","{""quest"": 9033, ""name"": ""Echoes of War"", ""appliesTo"": ""future crafting/turn-in task only""}",,,False,raid_set_step_audit.json
tier3:sections[9].pieces[3].materials[3],tier3,sections[9].pieces[3].materials[3],9_3_m3,material,True,4 Arcanite Bars,no_lock,[],[],same piece materials; tradeable collection independent,"high for collection independence, unconfirmed Forever equivalence","[""https://www.wowhead.com/classic/guide/naxxramas-tier-3-armor-set-wow-classic""]","All existing material rows collect independently. Echoes of War9033 is missing from the current goal; it gates crafting quests, not gathering. Parent piece is auto-owned metadata and has no manual checkbox.","{""quest"": 9033, ""name"": ""Echoes of War"", ""appliesTo"": ""future crafting/turn-in task only""}",,,False,raid_set_step_audit.json
tier3:sections[9].pieces[3].materials[4],tier3,sections[9].pieces[3].materials[4],9_3_m4,material,True,3 Cured Rugged Hides,no_lock,[],[],same piece materials; tradeable collection independent,"high for collection independence, unconfirmed Forever equivalence","[""https://www.wowhead.com/classic/guide/naxxramas-tier-3-armor-set-wow-classic""]","All existing material rows collect independently. Echoes of War9033 is missing from the current goal; it gates crafting quests, not gathering. Parent piece is auto-owned metadata and has no manual checkbox.","{""quest"": 9033, ""name"": ""Echoes of War"", ""appliesTo"": ""future crafting/turn-in task only""}",,,False,raid_set_step_audit.json
tier3:sections[9].pieces[4],tier3,sections[9].pieces[4],9_4_piece,piece,False,Earthshatter Handguards,no_lock,[],[],same piece materials; tradeable collection independent,"high for collection independence, unconfirmed Forever equivalence","[""https://www.wowhead.com/classic/guide/naxxramas-tier-3-armor-set-wow-classic""]","All existing material rows collect independently. Echoes of War9033 is missing from the current goal; it gates crafting quests, not gathering. Parent piece is auto-owned metadata and has no manual checkbox.","{""quest"": 9033, ""name"": ""Echoes of War"", ""appliesTo"": ""future crafting/turn-in task only""}",,,False,raid_set_step_audit.json
tier3:sections[9].pieces[4].materials[1],tier3,sections[9].pieces[4].materials[1],9_4_m1,material,True,Desecrated Handguards from Maexxna,no_lock,[],[],same piece materials; tradeable collection independent,"high for collection independence, unconfirmed Forever equivalence","[""https://www.wowhead.com/classic/guide/naxxramas-tier-3-armor-set-wow-classic""]","All existing material rows collect independently. Echoes of War9033 is missing from the current goal; it gates crafting quests, not gathering. Parent piece is auto-owned metadata and has no manual checkbox.","{""quest"": 9033, ""name"": ""Echoes of War"", ""appliesTo"": ""future crafting/turn-in task only""}",,,False,raid_set_step_audit.json
tier3:sections[9].pieces[4].materials[2],tier3,sections[9].pieces[4].materials[2],9_4_m2,material,True,8 Wartorn Chain Scraps from Naxxramas trash,no_lock,[],[],same piece materials; tradeable collection independent,"high for collection independence, unconfirmed Forever equivalence","[""https://www.wowhead.com/classic/guide/naxxramas-tier-3-armor-set-wow-classic""]","All existing material rows collect independently. Echoes of War9033 is missing from the current goal; it gates crafting quests, not gathering. Parent piece is auto-owned metadata and has no manual checkbox.","{""quest"": 9033, ""name"": ""Echoes of War"", ""appliesTo"": ""future crafting/turn-in task only""}",,,False,raid_set_step_audit.json
tier3:sections[9].pieces[4].materials[3],tier3,sections[9].pieces[4].materials[3],9_4_m3,material,True,1 Arcanite Bar,no_lock,[],[],same piece materials; tradeable collection independent,"high for collection independence, unconfirmed Forever equivalence","[""https://www.wowhead.com/classic/guide/naxxramas-tier-3-armor-set-wow-classic""]","All existing material rows collect independently. Echoes of War9033 is missing from the current goal; it gates crafting quests, not gathering. Parent piece is auto-owned metadata and has no manual checkbox.","{""quest"": 9033, ""name"": ""Echoes of War"", ""appliesTo"": ""future crafting/turn-in task only""}",,,False,raid_set_step_audit.json
tier3:sections[9].pieces[4].materials[4],tier3,sections[9].pieces[4].materials[4],9_4_m4,material,True,5 Cured Rugged Hides,no_lock,[],[],same piece materials; tradeable collection independent,"high for collection independence, unconfirmed Forever equivalence","[""https://www.wowhead.com/classic/guide/naxxramas-tier-3-armor-set-wow-classic""]","All existing material rows collect independently. Echoes of War9033 is missing from the current goal; it gates crafting quests, not gathering. Parent piece is auto-owned metadata and has no manual checkbox.","{""quest"": 9033, ""name"": ""Echoes of War"", ""appliesTo"": ""future crafting/turn-in task only""}",,,False,raid_set_step_audit.json
tier3:sections[9].pieces[5],tier3,sections[9].pieces[5],9_5_piece,piece,False,Earthshatter Legguards,no_lock,[],[],same piece materials; tradeable collection independent,"high for collection independence, unconfirmed Forever equivalence","[""https://www.wowhead.com/classic/guide/naxxramas-tier-3-armor-set-wow-classic""]","All existing material rows collect independently. Echoes of War9033 is missing from the current goal; it gates crafting quests, not gathering. Parent piece is auto-owned metadata and has no manual checkbox.","{""quest"": 9033, ""name"": ""Echoes of War"", ""appliesTo"": ""future crafting/turn-in task only""}",,,False,raid_set_step_audit.json
tier3:sections[9].pieces[5].materials[1],tier3,sections[9].pieces[5].materials[1],9_5_m1,material,True,Desecrated Legguards from Loatheb,no_lock,[],[],same piece materials; tradeable collection independent,"high for collection independence, unconfirmed Forever equivalence","[""https://www.wowhead.com/classic/guide/naxxramas-tier-3-armor-set-wow-classic""]","All existing material rows collect independently. Echoes of War9033 is missing from the current goal; it gates crafting quests, not gathering. Parent piece is auto-owned metadata and has no manual checkbox.","{""quest"": 9033, ""name"": ""Echoes of War"", ""appliesTo"": ""future crafting/turn-in task only""}",,,False,raid_set_step_audit.json
tier3:sections[9].pieces[5].materials[2],tier3,sections[9].pieces[5].materials[2],9_5_m2,material,True,20 Wartorn Chain Scraps from Naxxramas trash,no_lock,[],[],same piece materials; tradeable collection independent,"high for collection independence, unconfirmed Forever equivalence","[""https://www.wowhead.com/classic/guide/naxxramas-tier-3-armor-set-wow-classic""]","All existing material rows collect independently. Echoes of War9033 is missing from the current goal; it gates crafting quests, not gathering. Parent piece is auto-owned metadata and has no manual checkbox.","{""quest"": 9033, ""name"": ""Echoes of War"", ""appliesTo"": ""future crafting/turn-in task only""}",,,False,raid_set_step_audit.json
tier3:sections[9].pieces[5].materials[3],tier3,sections[9].pieces[5].materials[3],9_5_m3,material,True,3 Arcanite Bars,no_lock,[],[],same piece materials; tradeable collection independent,"high for collection independence, unconfirmed Forever equivalence","[""https://www.wowhead.com/classic/guide/naxxramas-tier-3-armor-set-wow-classic""]","All existing material rows collect independently. Echoes of War9033 is missing from the current goal; it gates crafting quests, not gathering. Parent piece is auto-owned metadata and has no manual checkbox.","{""quest"": 9033, ""name"": ""Echoes of War"", ""appliesTo"": ""future crafting/turn-in task only""}",,,False,raid_set_step_audit.json
tier3:sections[9].pieces[5].materials[4],tier3,sections[9].pieces[5].materials[4],9_5_m4,material,True,5 Cured Rugged Hides,no_lock,[],[],same piece materials; tradeable collection independent,"high for collection independence, unconfirmed Forever equivalence","[""https://www.wowhead.com/classic/guide/naxxramas-tier-3-armor-set-wow-classic""]","All existing material rows collect independently. Echoes of War9033 is missing from the current goal; it gates crafting quests, not gathering. Parent piece is auto-owned metadata and has no manual checkbox.","{""quest"": 9033, ""name"": ""Echoes of War"", ""appliesTo"": ""future crafting/turn-in task only""}",,,False,raid_set_step_audit.json
tier3:sections[9].pieces[6],tier3,sections[9].pieces[6],9_6_piece,piece,False,Earthshatter Girdle,no_lock,[],[],same piece materials; tradeable collection independent,"high for collection independence, unconfirmed Forever equivalence","[""https://www.wowhead.com/classic/guide/naxxramas-tier-3-armor-set-wow-classic""]","All existing material rows collect independently. Echoes of War9033 is missing from the current goal; it gates crafting quests, not gathering. Parent piece is auto-owned metadata and has no manual checkbox.","{""quest"": 9033, ""name"": ""Echoes of War"", ""appliesTo"": ""future crafting/turn-in task only""}",,,False,raid_set_step_audit.json
tier3:sections[9].pieces[6].materials[1],tier3,sections[9].pieces[6].materials[1],9_6_m1,material,True,"Desecrated Girdle from Noth the Plaguebringer, Heigan the Unclean or Gluth",no_lock,[],[],same piece materials; tradeable collection independent,"high for collection independence, unconfirmed Forever equivalence","[""https://www.wowhead.com/classic/guide/naxxramas-tier-3-armor-set-wow-classic""]","All existing material rows collect independently. Echoes of War9033 is missing from the current goal; it gates crafting quests, not gathering. Parent piece is auto-owned metadata and has no manual checkbox.","{""quest"": 9033, ""name"": ""Echoes of War"", ""appliesTo"": ""future crafting/turn-in task only""}",,,False,raid_set_step_audit.json
tier3:sections[9].pieces[6].materials[2],tier3,sections[9].pieces[6].materials[2],9_6_m2,material,True,8 Wartorn Chain Scraps from Naxxramas trash,no_lock,[],[],same piece materials; tradeable collection independent,"high for collection independence, unconfirmed Forever equivalence","[""https://www.wowhead.com/classic/guide/naxxramas-tier-3-armor-set-wow-classic""]","All existing material rows collect independently. Echoes of War9033 is missing from the current goal; it gates crafting quests, not gathering. Parent piece is auto-owned metadata and has no manual checkbox.","{""quest"": 9033, ""name"": ""Echoes of War"", ""appliesTo"": ""future crafting/turn-in task only""}",,,False,raid_set_step_audit.json
tier3:sections[9].pieces[6].materials[3],tier3,sections[9].pieces[6].materials[3],9_6_m3,material,True,1 Arcanite Bar,no_lock,[],[],same piece materials; tradeable collection independent,"high for collection independence, unconfirmed Forever equivalence","[""https://www.wowhead.com/classic/guide/naxxramas-tier-3-armor-set-wow-classic""]","All existing material rows collect independently. Echoes of War9033 is missing from the current goal; it gates crafting quests, not gathering. Parent piece is auto-owned metadata and has no manual checkbox.","{""quest"": 9033, ""name"": ""Echoes of War"", ""appliesTo"": ""future crafting/turn-in task only""}",,,False,raid_set_step_audit.json
tier3:sections[9].pieces[6].materials[4],tier3,sections[9].pieces[6].materials[4],9_6_m4,material,True,3 Nexus Crystals,no_lock,[],[],same piece materials; tradeable collection independent,"high for collection independence, unconfirmed Forever equivalence","[""https://www.wowhead.com/classic/guide/naxxramas-tier-3-armor-set-wow-classic""]","All existing material rows collect independently. Echoes of War9033 is missing from the current goal; it gates crafting quests, not gathering. Parent piece is auto-owned metadata and has no manual checkbox.","{""quest"": 9033, ""name"": ""Echoes of War"", ""appliesTo"": ""future crafting/turn-in task only""}",,,False,raid_set_step_audit.json
tier3:sections[9].pieces[7],tier3,sections[9].pieces[7],9_7_piece,piece,False,Earthshatter Wristguards,no_lock,[],[],same piece materials; tradeable collection independent,"high for collection independence, unconfirmed Forever equivalence","[""https://www.wowhead.com/classic/guide/naxxramas-tier-3-armor-set-wow-classic""]","All existing material rows collect independently. Echoes of War9033 is missing from the current goal; it gates crafting quests, not gathering. Parent piece is auto-owned metadata and has no manual checkbox.","{""quest"": 9033, ""name"": ""Echoes of War"", ""appliesTo"": ""future crafting/turn-in task only""}",,,False,raid_set_step_audit.json
tier3:sections[9].pieces[7].materials[1],tier3,sections[9].pieces[7].materials[1],9_7_m1,material,True,"Desecrated Wristguards from Anub'Rekhan, Grand Widow Faerlina or Gluth",no_lock,[],[],same piece materials; tradeable collection independent,"high for collection independence, unconfirmed Forever equivalence","[""https://www.wowhead.com/classic/guide/naxxramas-tier-3-armor-set-wow-classic""]","All existing material rows collect independently. Echoes of War9033 is missing from the current goal; it gates crafting quests, not gathering. Parent piece is auto-owned metadata and has no manual checkbox.","{""quest"": 9033, ""name"": ""Echoes of War"", ""appliesTo"": ""future crafting/turn-in task only""}",,,False,raid_set_step_audit.json
tier3:sections[9].pieces[7].materials[2],tier3,sections[9].pieces[7].materials[2],9_7_m2,material,True,6 Wartorn Chain Scraps from Naxxramas trash,no_lock,[],[],same piece materials; tradeable collection independent,"high for collection independence, unconfirmed Forever equivalence","[""https://www.wowhead.com/classic/guide/naxxramas-tier-3-armor-set-wow-classic""]","All existing material rows collect independently. Echoes of War9033 is missing from the current goal; it gates crafting quests, not gathering. Parent piece is auto-owned metadata and has no manual checkbox.","{""quest"": 9033, ""name"": ""Echoes of War"", ""appliesTo"": ""future crafting/turn-in task only""}",,,False,raid_set_step_audit.json
tier3:sections[9].pieces[7].materials[3],tier3,sections[9].pieces[7].materials[3],9_7_m3,material,True,1 Arcanite Bar,no_lock,[],[],same piece materials; tradeable collection independent,"high for collection independence, unconfirmed Forever equivalence","[""https://www.wowhead.com/classic/guide/naxxramas-tier-3-armor-set-wow-classic""]","All existing material rows collect independently. Echoes of War9033 is missing from the current goal; it gates crafting quests, not gathering. Parent piece is auto-owned metadata and has no manual checkbox.","{""quest"": 9033, ""name"": ""Echoes of War"", ""appliesTo"": ""future crafting/turn-in task only""}",,,False,raid_set_step_audit.json
tier3:sections[9].pieces[7].materials[4],tier3,sections[9].pieces[7].materials[4],9_7_m4,material,True,2 Cured Rugged Hides,no_lock,[],[],same piece materials; tradeable collection independent,"high for collection independence, unconfirmed Forever equivalence","[""https://www.wowhead.com/classic/guide/naxxramas-tier-3-armor-set-wow-classic""]","All existing material rows collect independently. Echoes of War9033 is missing from the current goal; it gates crafting quests, not gathering. Parent piece is auto-owned metadata and has no manual checkbox.","{""quest"": 9033, ""name"": ""Echoes of War"", ""appliesTo"": ""future crafting/turn-in task only""}",,,False,raid_set_step_audit.json
tier3:sections[9].pieces[8],tier3,sections[9].pieces[8],9_8_piece,piece,False,Earthshatter Boots,no_lock,[],[],same piece materials; tradeable collection independent,"high for collection independence, unconfirmed Forever equivalence","[""https://www.wowhead.com/classic/guide/naxxramas-tier-3-armor-set-wow-classic""]","All existing material rows collect independently. Echoes of War9033 is missing from the current goal; it gates crafting quests, not gathering. Parent piece is auto-owned metadata and has no manual checkbox.","{""quest"": 9033, ""name"": ""Echoes of War"", ""appliesTo"": ""future crafting/turn-in task only""}",,,False,raid_set_step_audit.json
tier3:sections[9].pieces[8].materials[1],tier3,sections[9].pieces[8].materials[1],9_8_m1,material,True,"Desecrated Boots from Instructor Razuvious, Gothik the Harvester or Gluth",no_lock,[],[],same piece materials; tradeable collection independent,"high for collection independence, unconfirmed Forever equivalence","[""https://www.wowhead.com/classic/guide/naxxramas-tier-3-armor-set-wow-classic""]","All existing material rows collect independently. Echoes of War9033 is missing from the current goal; it gates crafting quests, not gathering. Parent piece is auto-owned metadata and has no manual checkbox.","{""quest"": 9033, ""name"": ""Echoes of War"", ""appliesTo"": ""future crafting/turn-in task only""}",,,False,raid_set_step_audit.json
tier3:sections[9].pieces[8].materials[2],tier3,sections[9].pieces[8].materials[2],9_8_m2,material,True,12 Wartorn Chain Scraps from Naxxramas trash,no_lock,[],[],same piece materials; tradeable collection independent,"high for collection independence, unconfirmed Forever equivalence","[""https://www.wowhead.com/classic/guide/naxxramas-tier-3-armor-set-wow-classic""]","All existing material rows collect independently. Echoes of War9033 is missing from the current goal; it gates crafting quests, not gathering. Parent piece is auto-owned metadata and has no manual checkbox.","{""quest"": 9033, ""name"": ""Echoes of War"", ""appliesTo"": ""future crafting/turn-in task only""}",,,False,raid_set_step_audit.json
tier3:sections[9].pieces[8].materials[3],tier3,sections[9].pieces[8].materials[3],9_8_m3,material,True,1 Arcanite Bar,no_lock,[],[],same piece materials; tradeable collection independent,"high for collection independence, unconfirmed Forever equivalence","[""https://www.wowhead.com/classic/guide/naxxramas-tier-3-armor-set-wow-classic""]","All existing material rows collect independently. Echoes of War9033 is missing from the current goal; it gates crafting quests, not gathering. Parent piece is auto-owned metadata and has no manual checkbox.","{""quest"": 9033, ""name"": ""Echoes of War"", ""appliesTo"": ""future crafting/turn-in task only""}",,,False,raid_set_step_audit.json
tier3:sections[9].pieces[8].materials[4],tier3,sections[9].pieces[8].materials[4],9_8_m4,material,True,3 Nexus Crystals,no_lock,[],[],same piece materials; tradeable collection independent,"high for collection independence, unconfirmed Forever equivalence","[""https://www.wowhead.com/classic/guide/naxxramas-tier-3-armor-set-wow-classic""]","All existing material rows collect independently. Echoes of War9033 is missing from the current goal; it gates crafting quests, not gathering. Parent piece is auto-owned metadata and has no manual checkbox.","{""quest"": 9033, ""name"": ""Echoes of War"", ""appliesTo"": ""future crafting/turn-in task only""}",,,False,raid_set_step_audit.json
raid_mc:steps[1],raid_mc,steps[1],1,step,True,Complete {att_mc:Attunement to the Core} in Blackrock Depths.,no_lock,[],[],shared raid instance; personal historical roster ticks are insufficient,"high for collection independence, unconfirmed Forever equivalence","[""https://www.wowhead.com/classic/guide/classic-wow-attunements-and-keys-dungeons-raids""]",Attunement shortcut only; does not hard-gate the boss steps.,,,,False,raid_set_step_audit.json
raid_mc:steps[2],raid_mc,steps[2],2,step,True,Defeat Lucifron.,no_lock,[],[],shared raid instance; personal historical roster ticks are insufficient,"high for collection independence, unconfirmed Forever equivalence","[""https://www.wowhead.com/classic/guide/majordomo-executus-molten-core-strategy-wow-classic""]",No verified hard lock. Normal boss route does not imply a required encounter gate.,,,,False,raid_set_step_audit.json
raid_mc:steps[3],raid_mc,steps[3],3,step,True,Defeat Magmadar.,no_lock,[],[],shared raid instance; personal historical roster ticks are insufficient,"high for collection independence, unconfirmed Forever equivalence","[""https://www.wowhead.com/classic/guide/majordomo-executus-molten-core-strategy-wow-classic""]",No verified hard lock. Normal boss route does not imply a required encounter gate.,,,,False,raid_set_step_audit.json
raid_mc:steps[4],raid_mc,steps[4],4,step,True,Defeat Gehennas.,no_lock,[],[],shared raid instance; personal historical roster ticks are insufficient,"high for collection independence, unconfirmed Forever equivalence","[""https://www.wowhead.com/classic/guide/majordomo-executus-molten-core-strategy-wow-classic""]",No verified hard lock. Normal boss route does not imply a required encounter gate.,,,,False,raid_set_step_audit.json
raid_mc:steps[5],raid_mc,steps[5],5,step,True,Defeat Garr.,no_lock,[],[],shared raid instance; personal historical roster ticks are insufficient,"high for collection independence, unconfirmed Forever equivalence","[""https://www.wowhead.com/classic/guide/majordomo-executus-molten-core-strategy-wow-classic""]",No verified hard lock. Normal boss route does not imply a required encounter gate.,,,,False,raid_set_step_audit.json
raid_mc:steps[6],raid_mc,steps[6],6,step,True,Defeat Shazzrah.,no_lock,[],[],shared raid instance; personal historical roster ticks are insufficient,"high for collection independence, unconfirmed Forever equivalence","[""https://www.wowhead.com/classic/guide/majordomo-executus-molten-core-strategy-wow-classic""]",No verified hard lock. Normal boss route does not imply a required encounter gate.,,,,False,raid_set_step_audit.json
raid_mc:steps[7],raid_mc,steps[7],7,step,True,Defeat Baron Geddon.,no_lock,[],[],shared raid instance; personal historical roster ticks are insufficient,"high for collection independence, unconfirmed Forever equivalence","[""https://www.wowhead.com/classic/guide/majordomo-executus-molten-core-strategy-wow-classic""]",No verified hard lock. Normal boss route does not imply a required encounter gate.,,,,False,raid_set_step_audit.json
raid_mc:steps[8],raid_mc,steps[8],8,step,True,Defeat Golemagg the Incinerator.,no_lock,[],[],shared raid instance; personal historical roster ticks are insufficient,"high for collection independence, unconfirmed Forever equivalence","[""https://www.wowhead.com/classic/guide/majordomo-executus-molten-core-strategy-wow-classic""]",No verified hard lock. Normal boss route does not imply a required encounter gate.,,,,False,raid_set_step_audit.json
raid_mc:steps[9],raid_mc,steps[9],9,step,True,Defeat Sulfuron Harbinger.,no_lock,[],[],shared raid instance; personal historical roster ticks are insufficient,"high for collection independence, unconfirmed Forever equivalence","[""https://www.wowhead.com/classic/guide/majordomo-executus-molten-core-strategy-wow-classic""]",No verified hard lock. Normal boss route does not imply a required encounter gate.,,,,False,raid_set_step_audit.json
raid_mc:steps[10],raid_mc,steps[10],10,step,True,Defeat Majordomo Executus.,candidate,"[""raid_mc:steps[2]"", ""raid_mc:steps[3]"", ""raid_mc:steps[4]"", ""raid_mc:steps[5]"", ""raid_mc:steps[6]"", ""raid_mc:steps[7]"", ""raid_mc:steps[8]"", ""raid_mc:steps[9]""]",[],shared raid instance; personal historical roster ticks are insufficient,Classic-supported; conditional on instance/character evidence,"[""https://www.wowhead.com/classic/guide/majordomo-executus-molten-core-strategy-wow-classic""]",Candidate guide dependency only. A prerequisite may have been completed by the raid before this player joined. Never block recording completed evidence. Dousing runes is additional missing raid-state evidence.,,,,False,raid_set_step_audit.json
raid_mc:steps[11],raid_mc,steps[11],11,step,True,Defeat Ragnaros.,candidate,"[""raid_mc:steps[10]""]",[],shared raid instance; personal historical roster ticks are insufficient,Classic-supported; conditional on instance/character evidence,"[""https://www.wowhead.com/classic/guide/majordomo-executus-molten-core-strategy-wow-classic""]",Candidate guide dependency only. A prerequisite may have been completed by the raid before this player joined. Never block recording completed evidence.,,,,False,raid_set_step_audit.json
raid_ony:steps[1],raid_ony,steps[1],1,step,True,Earn the Drakefire Amulet from the {att_ony:Onyxia attunement}.,no_lock,[],[],shared raid instance; personal historical roster ticks are insufficient,"high for collection independence, unconfirmed Forever equivalence","[""https://www.wowhead.com/classic/news/molten-core-onyxias-lair-attunement-wow-classic-353602""]",No verified hard lock. Normal boss route does not imply a required encounter gate.,,,,False,raid_set_step_audit.json
raid_ony:steps[2],raid_ony,steps[2],2,step,True,Defeat Onyxia in Onyxia's Lair.,candidate,"[""raid_ony:steps[1]""]",[],shared raid instance; personal historical roster ticks are insufficient,Classic-supported; conditional on instance/character evidence,"[""https://www.wowhead.com/classic/news/molten-core-onyxias-lair-attunement-wow-classic-353602""]","Candidate guide dependency only. A prerequisite may have been completed by the raid before this player joined. Never block recording completed evidence. Amulet must belong to the entering character, not merely another roster alt.",,,,False,raid_set_step_audit.json
raid_ony:steps[3],raid_ony,steps[3],3,step,True,Loot the Head of Onyxia and turn it in at your capital city.,candidate,"[""raid_ony:steps[2]""]",[],shared raid instance; personal historical roster ticks are insufficient,Classic-supported; conditional on instance/character evidence,"[""https://www.wowhead.com/classic/news/molten-core-onyxias-lair-attunement-wow-classic-353602""]","Candidate guide dependency only. A prerequisite may have been completed by the raid before this player joined. Never block recording completed evidence. Current step merges head loot and turn-in; auto item rule proves ownership, not quest turn-in.",,,,False,raid_set_step_audit.json
raid_bwl:steps[1],raid_bwl,steps[1],1,step,True,Complete {att_bwl:Blackhand's Command} ({key_ubrs:Upper Blackrock Spire}) for attunement.,no_lock,[],[],shared raid instance; personal historical roster ticks are insufficient,"high for collection independence, unconfirmed Forever equivalence","[""https://www.wowhead.com/classic/guide/classic-wow-attunements-and-keys-dungeons-raids""]",Attunement shortcut only; does not hard-gate the boss steps.,,,,False,raid_set_step_audit.json
raid_bwl:steps[2],raid_bwl,steps[2],2,step,True,Defeat Razorgore the Untamed.,withheld,[],[],shared raid instance; personal historical roster ticks are insufficient,"high for collection independence, unconfirmed Forever equivalence","[""https://www.wowhead.com/classic/guide/blackwing-lair-raid-overview-classic-wow""]",Mostly linear route2->3->4->5->6->7->8->9; individual drake/door required-kill gates unverified. No production lock until verified.,,,,False,raid_set_step_audit.json
raid_bwl:steps[3],raid_bwl,steps[3],3,step,True,Defeat Vaelastrasz the Corrupt.,withheld,[],[],shared raid instance; personal historical roster ticks are insufficient,"high for collection independence, unconfirmed Forever equivalence","[""https://www.wowhead.com/classic/guide/blackwing-lair-raid-overview-classic-wow""]",Mostly linear route2->3->4->5->6->7->8->9; individual drake/door required-kill gates unverified. No production lock until verified.,,,,False,raid_set_step_audit.json
raid_bwl:steps[4],raid_bwl,steps[4],4,step,True,Defeat Broodlord Lashlayer.,withheld,[],[],shared raid instance; personal historical roster ticks are insufficient,"high for collection independence, unconfirmed Forever equivalence","[""https://www.wowhead.com/classic/guide/blackwing-lair-raid-overview-classic-wow""]",Mostly linear route2->3->4->5->6->7->8->9; individual drake/door required-kill gates unverified. No production lock until verified.,,,,False,raid_set_step_audit.json
raid_bwl:steps[5],raid_bwl,steps[5],5,step,True,Defeat Firemaw.,withheld,[],[],shared raid instance; personal historical roster ticks are insufficient,"high for collection independence, unconfirmed Forever equivalence","[""https://www.wowhead.com/classic/guide/blackwing-lair-raid-overview-classic-wow""]",Mostly linear route2->3->4->5->6->7->8->9; individual drake/door required-kill gates unverified. No production lock until verified.,,,,False,raid_set_step_audit.json
raid_bwl:steps[6],raid_bwl,steps[6],6,step,True,Defeat Ebonroc.,withheld,[],[],shared raid instance; personal historical roster ticks are insufficient,"high for collection independence, unconfirmed Forever equivalence","[""https://www.wowhead.com/classic/guide/blackwing-lair-raid-overview-classic-wow""]",Mostly linear route2->3->4->5->6->7->8->9; individual drake/door required-kill gates unverified. No production lock until verified.,,,,False,raid_set_step_audit.json
raid_bwl:steps[7],raid_bwl,steps[7],7,step,True,Defeat Flamegor.,withheld,[],[],shared raid instance; personal historical roster ticks are insufficient,"high for collection independence, unconfirmed Forever equivalence","[""https://www.wowhead.com/classic/guide/blackwing-lair-raid-overview-classic-wow""]",Mostly linear route2->3->4->5->6->7->8->9; individual drake/door required-kill gates unverified. No production lock until verified.,,,,False,raid_set_step_audit.json
raid_bwl:steps[8],raid_bwl,steps[8],8,step,True,Defeat Chromaggus.,withheld,[],[],shared raid instance; personal historical roster ticks are insufficient,"high for collection independence, unconfirmed Forever equivalence","[""https://www.wowhead.com/classic/guide/blackwing-lair-raid-overview-classic-wow""]",Mostly linear route2->3->4->5->6->7->8->9; individual drake/door required-kill gates unverified. No production lock until verified.,,,,False,raid_set_step_audit.json
raid_bwl:steps[9],raid_bwl,steps[9],9,step,True,Defeat Nefarian.,withheld,[],[],shared raid instance; personal historical roster ticks are insufficient,"high for collection independence, unconfirmed Forever equivalence","[""https://www.wowhead.com/classic/guide/blackwing-lair-raid-overview-classic-wow""]",Mostly linear route2->3->4->5->6->7->8->9; individual drake/door required-kill gates unverified. No production lock until verified.,,,,False,raid_set_step_audit.json
raid_zg:steps[1],raid_zg,steps[1],1,step,True,Defeat High Priestess Jeklik.,no_lock,[],[],shared raid instance; personal historical roster ticks are insufficient,"high for collection independence, unconfirmed Forever equivalence","[""https://www.wowhead.com/classic/npc=14834/hakkar-the-soulflayer""]",All current bosses independent for tracker locks. Priest kills weaken Hakkar rather than make him accessible; optional bosses never gate him.,,,,False,raid_set_step_audit.json
raid_zg:steps[2],raid_zg,steps[2],2,step,True,Defeat High Priest Venoxis.,no_lock,[],[],shared raid instance; personal historical roster ticks are insufficient,"high for collection independence, unconfirmed Forever equivalence","[""https://www.wowhead.com/classic/npc=14834/hakkar-the-soulflayer""]",All current bosses independent for tracker locks. Priest kills weaken Hakkar rather than make him accessible; optional bosses never gate him.,,,,False,raid_set_step_audit.json
raid_zg:steps[3],raid_zg,steps[3],3,step,True,Defeat High Priestess Mar'li.,no_lock,[],[],shared raid instance; personal historical roster ticks are insufficient,"high for collection independence, unconfirmed Forever equivalence","[""https://www.wowhead.com/classic/npc=14834/hakkar-the-soulflayer""]",All current bosses independent for tracker locks. Priest kills weaken Hakkar rather than make him accessible; optional bosses never gate him.,,,,False,raid_set_step_audit.json
raid_zg:steps[4],raid_zg,steps[4],4,step,True,Defeat Bloodlord Mandokir.,no_lock,[],[],shared raid instance; personal historical roster ticks are insufficient,"high for collection independence, unconfirmed Forever equivalence","[""https://www.wowhead.com/classic/npc=14834/hakkar-the-soulflayer""]",All current bosses independent for tracker locks. Priest kills weaken Hakkar rather than make him accessible; optional bosses never gate him.,,,,False,raid_set_step_audit.json
raid_zg:steps[5],raid_zg,steps[5],5,step,True,Defeat Edge of Madness.,no_lock,[],[],shared raid instance; personal historical roster ticks are insufficient,"high for collection independence, unconfirmed Forever equivalence","[""https://www.wowhead.com/classic/npc=14834/hakkar-the-soulflayer""]",All current bosses independent for tracker locks. Priest kills weaken Hakkar rather than make him accessible; optional bosses never gate him.,,,,False,raid_set_step_audit.json
raid_zg:steps[6],raid_zg,steps[6],6,step,True,Defeat High Priest Thekal.,no_lock,[],[],shared raid instance; personal historical roster ticks are insufficient,"high for collection independence, unconfirmed Forever equivalence","[""https://www.wowhead.com/classic/npc=14834/hakkar-the-soulflayer""]",All current bosses independent for tracker locks. Priest kills weaken Hakkar rather than make him accessible; optional bosses never gate him.,,,,False,raid_set_step_audit.json
raid_zg:steps[7],raid_zg,steps[7],7,step,True,Defeat Gahz'ranka.,no_lock,[],[],shared raid instance; personal historical roster ticks are insufficient,"high for collection independence, unconfirmed Forever equivalence","[""https://www.wowhead.com/classic/npc=14834/hakkar-the-soulflayer""]",All current bosses independent for tracker locks. Priest kills weaken Hakkar rather than make him accessible; optional bosses never gate him.,,,,False,raid_set_step_audit.json
raid_zg:steps[8],raid_zg,steps[8],8,step,True,Defeat High Priestess Arlokk.,no_lock,[],[],shared raid instance; personal historical roster ticks are insufficient,"high for collection independence, unconfirmed Forever equivalence","[""https://www.wowhead.com/classic/npc=14834/hakkar-the-soulflayer""]",All current bosses independent for tracker locks. Priest kills weaken Hakkar rather than make him accessible; optional bosses never gate him.,,,,False,raid_set_step_audit.json
raid_zg:steps[9],raid_zg,steps[9],9,step,True,Defeat Jin'do the Hexxer.,no_lock,[],[],shared raid instance; personal historical roster ticks are insufficient,"high for collection independence, unconfirmed Forever equivalence","[""https://www.wowhead.com/classic/npc=14834/hakkar-the-soulflayer""]",All current bosses independent for tracker locks. Priest kills weaken Hakkar rather than make him accessible; optional bosses never gate him.,,,,False,raid_set_step_audit.json
raid_zg:steps[10],raid_zg,steps[10],10,step,True,Defeat Hakkar.,no_lock,[],[],shared raid instance; personal historical roster ticks are insufficient,"high for collection independence, unconfirmed Forever equivalence","[""https://www.wowhead.com/classic/npc=14834/hakkar-the-soulflayer""]",All current bosses independent for tracker locks. Priest kills weaken Hakkar rather than make him accessible; optional bosses never gate him.,,,,False,raid_set_step_audit.json
raid_aq20:steps[1],raid_aq20,steps[1],1,step,True,Defeat Kurinnaxx.,no_lock,[],[],shared raid instance; personal historical roster ticks are insufficient,"high for collection independence, unconfirmed Forever equivalence","[""https://www.wowhead.com/classic/zone=3429/ruins-of-ahnqiraj""]",No verified hard lock. Normal boss route does not imply a required encounter gate.,,,,False,raid_set_step_audit.json
raid_aq20:steps[2],raid_aq20,steps[2],2,step,True,Defeat General Rajaxx.,candidate,"[""raid_aq20:steps[1]""]",[],shared raid instance; personal historical roster ticks are insufficient,Classic-supported; conditional on instance/character evidence,"[""https://www.wowhead.com/classic/zone=3429/ruins-of-ahnqiraj""]",Candidate guide dependency only. A prerequisite may have been completed by the raid before this player joined. Never block recording completed evidence.,,,,False,raid_set_step_audit.json
raid_aq20:steps[3],raid_aq20,steps[3],3,step,True,Defeat Moam.,no_lock,[],[],shared raid instance; personal historical roster ticks are insufficient,"high for collection independence, unconfirmed Forever equivalence","[""https://www.wowhead.com/classic/zone=3429/ruins-of-ahnqiraj""]",Optional3/4/5 do not gate6. Exact access after1/2 needs verification; leave unlocked.,,,,False,raid_set_step_audit.json
raid_aq20:steps[4],raid_aq20,steps[4],4,step,True,Defeat Buru the Gorger.,no_lock,[],[],shared raid instance; personal historical roster ticks are insufficient,"high for collection independence, unconfirmed Forever equivalence","[""https://www.wowhead.com/classic/zone=3429/ruins-of-ahnqiraj""]",Optional3/4/5 do not gate6. Exact access after1/2 needs verification; leave unlocked.,,,,False,raid_set_step_audit.json
raid_aq20:steps[5],raid_aq20,steps[5],5,step,True,Defeat Ayamiss the Hunter.,no_lock,[],[],shared raid instance; personal historical roster ticks are insufficient,"high for collection independence, unconfirmed Forever equivalence","[""https://www.wowhead.com/classic/zone=3429/ruins-of-ahnqiraj""]",Optional3/4/5 do not gate6. Exact access after1/2 needs verification; leave unlocked.,,,,False,raid_set_step_audit.json
raid_aq20:steps[6],raid_aq20,steps[6],6,step,True,Defeat Ossirian the Unscarred.,no_lock,[],[],shared raid instance; personal historical roster ticks are insufficient,"high for collection independence, unconfirmed Forever equivalence","[""https://www.wowhead.com/classic/zone=3429/ruins-of-ahnqiraj""]",Optional3/4/5 do not gate6. Exact access after1/2 needs verification; leave unlocked.,,,,False,raid_set_step_audit.json
raid_aq40:steps[1],raid_aq40,steps[1],1,step,True,Defeat The Prophet Skeram.,no_lock,[],[],shared raid instance; personal historical roster ticks are insufficient,"high for collection independence, unconfirmed Forever equivalence","[""https://www.wowhead.com/classic/zone=3428/ahnqiraj""]",Main route1->3->4->6->7->9 is advice; exact physical access gates unverified. Optional2/5/8 never gate9.,,,,False,raid_set_step_audit.json
raid_aq40:steps[2],raid_aq40,steps[2],2,step,True,Defeat Silithid Royalty.,no_lock,[],[],shared raid instance; personal historical roster ticks are insufficient,"high for collection independence, unconfirmed Forever equivalence","[""https://www.wowhead.com/classic/zone=3428/ahnqiraj""]",Main route1->3->4->6->7->9 is advice; exact physical access gates unverified. Optional2/5/8 never gate9.,,,,False,raid_set_step_audit.json
raid_aq40:steps[3],raid_aq40,steps[3],3,step,True,Defeat Battleguard Sartura.,no_lock,[],[],shared raid instance; personal historical roster ticks are insufficient,"high for collection independence, unconfirmed Forever equivalence","[""https://www.wowhead.com/classic/zone=3428/ahnqiraj""]",Main route1->3->4->6->7->9 is advice; exact physical access gates unverified. Optional2/5/8 never gate9.,,,,False,raid_set_step_audit.json
raid_aq40:steps[4],raid_aq40,steps[4],4,step,True,Defeat Fankriss the Unyielding.,no_lock,[],[],shared raid instance; personal historical roster ticks are insufficient,"high for collection independence, unconfirmed Forever equivalence","[""https://www.wowhead.com/classic/zone=3428/ahnqiraj""]",Main route1->3->4->6->7->9 is advice; exact physical access gates unverified. Optional2/5/8 never gate9.,,,,False,raid_set_step_audit.json
raid_aq40:steps[5],raid_aq40,steps[5],5,step,True,Defeat Viscidus.,no_lock,[],[],shared raid instance; personal historical roster ticks are insufficient,"high for collection independence, unconfirmed Forever equivalence","[""https://www.wowhead.com/classic/zone=3428/ahnqiraj""]",Main route1->3->4->6->7->9 is advice; exact physical access gates unverified. Optional2/5/8 never gate9.,,,,False,raid_set_step_audit.json
raid_aq40:steps[6],raid_aq40,steps[6],6,step,True,Defeat Princess Huhuran.,no_lock,[],[],shared raid instance; personal historical roster ticks are insufficient,"high for collection independence, unconfirmed Forever equivalence","[""https://www.wowhead.com/classic/zone=3428/ahnqiraj""]",Main route1->3->4->6->7->9 is advice; exact physical access gates unverified. Optional2/5/8 never gate9.,,,,False,raid_set_step_audit.json
raid_aq40:steps[7],raid_aq40,steps[7],7,step,True,Defeat Twin Emperors.,no_lock,[],[],shared raid instance; personal historical roster ticks are insufficient,"high for collection independence, unconfirmed Forever equivalence","[""https://www.wowhead.com/classic/zone=3428/ahnqiraj""]",Main route1->3->4->6->7->9 is advice; exact physical access gates unverified. Optional2/5/8 never gate9.,,,,False,raid_set_step_audit.json
raid_aq40:steps[8],raid_aq40,steps[8],8,step,True,Defeat Ouro.,no_lock,[],[],shared raid instance; personal historical roster ticks are insufficient,"high for collection independence, unconfirmed Forever equivalence","[""https://www.wowhead.com/classic/zone=3428/ahnqiraj""]",Main route1->3->4->6->7->9 is advice; exact physical access gates unverified. Optional2/5/8 never gate9.,,,,False,raid_set_step_audit.json
raid_aq40:steps[9],raid_aq40,steps[9],9,step,True,Defeat C'Thun.,no_lock,[],[],shared raid instance; personal historical roster ticks are insufficient,"high for collection independence, unconfirmed Forever equivalence","[""https://www.wowhead.com/classic/zone=3428/ahnqiraj""]",Main route1->3->4->6->7->9 is advice; exact physical access gates unverified. Optional2/5/8 never gate9.,,,,False,raid_set_step_audit.json
raid_naxx:steps[1],raid_naxx,steps[1],1,step,True,Get {att_naxx:attuned to Naxxramas} at Light's Hope Chapel.,no_lock,[],[],shared raid instance; personal historical roster ticks are insufficient,"high for collection independence, unconfirmed Forever equivalence","[""https://www.wowhead.com/classic/npc=15989/sapphiron""]",No verified hard lock. Normal boss route does not imply a required encounter gate.,,,,False,raid_set_step_audit.json
raid_naxx:steps[2],raid_naxx,steps[2],2,step,True,Defeat Anub'Rekhan.,candidate,"[""raid_naxx:steps[1]""]",[],shared raid instance; personal historical roster ticks are insufficient,Classic-supported; conditional on instance/character evidence,"[""https://www.wowhead.com/classic/npc=15989/sapphiron""]",Candidate guide dependency only. A prerequisite may have been completed by the raid before this player joined. Never block recording completed evidence.,,,,False,raid_set_step_audit.json
raid_naxx:steps[3],raid_naxx,steps[3],3,step,True,Defeat Grand Widow Faerlina.,no_lock,[],[],shared raid instance; personal historical roster ticks are insufficient,"high for collection independence, unconfirmed Forever equivalence","[""https://www.wowhead.com/classic/npc=15989/sapphiron""]",No verified hard lock. Normal boss route does not imply a required encounter gate.,,,,False,raid_set_step_audit.json
raid_naxx:steps[4],raid_naxx,steps[4],4,step,True,Defeat Maexxna.,no_lock,[],[],shared raid instance; personal historical roster ticks are insufficient,"high for collection independence, unconfirmed Forever equivalence","[""https://www.wowhead.com/classic/npc=15989/sapphiron""]",No verified hard lock. Normal boss route does not imply a required encounter gate.,,,,False,raid_set_step_audit.json
raid_naxx:steps[5],raid_naxx,steps[5],5,step,True,Defeat Noth the Plaguebringer.,candidate,"[""raid_naxx:steps[1]""]",[],shared raid instance; personal historical roster ticks are insufficient,Classic-supported; conditional on instance/character evidence,"[""https://www.wowhead.com/classic/npc=15989/sapphiron""]",Candidate guide dependency only. A prerequisite may have been completed by the raid before this player joined. Never block recording completed evidence.,,,,False,raid_set_step_audit.json
raid_naxx:steps[6],raid_naxx,steps[6],6,step,True,Defeat Heigan the Unclean.,no_lock,[],[],shared raid instance; personal historical roster ticks are insufficient,"high for collection independence, unconfirmed Forever equivalence","[""https://www.wowhead.com/classic/npc=15989/sapphiron""]",No verified hard lock. Normal boss route does not imply a required encounter gate.,,,,False,raid_set_step_audit.json
raid_naxx:steps[7],raid_naxx,steps[7],7,step,True,Defeat Loatheb.,no_lock,[],[],shared raid instance; personal historical roster ticks are insufficient,"high for collection independence, unconfirmed Forever equivalence","[""https://www.wowhead.com/classic/npc=15989/sapphiron""]",No verified hard lock. Normal boss route does not imply a required encounter gate.,,,,False,raid_set_step_audit.json
raid_naxx:steps[8],raid_naxx,steps[8],8,step,True,Defeat Instructor Razuvious.,candidate,"[""raid_naxx:steps[1]""]",[],shared raid instance; personal historical roster ticks are insufficient,Classic-supported; conditional on instance/character evidence,"[""https://www.wowhead.com/classic/npc=15989/sapphiron""]",Candidate guide dependency only. A prerequisite may have been completed by the raid before this player joined. Never block recording completed evidence.,,,,False,raid_set_step_audit.json
raid_naxx:steps[9],raid_naxx,steps[9],9,step,True,Defeat Gothik the Harvester.,no_lock,[],[],shared raid instance; personal historical roster ticks are insufficient,"high for collection independence, unconfirmed Forever equivalence","[""https://www.wowhead.com/classic/npc=15989/sapphiron""]",No verified hard lock. Normal boss route does not imply a required encounter gate.,,,,False,raid_set_step_audit.json
raid_naxx:steps[10],raid_naxx,steps[10],10,step,True,Defeat Four Horsemen.,no_lock,[],[],shared raid instance; personal historical roster ticks are insufficient,"high for collection independence, unconfirmed Forever equivalence","[""https://www.wowhead.com/classic/npc=15989/sapphiron""]",No verified hard lock. Normal boss route does not imply a required encounter gate.,,,,False,raid_set_step_audit.json
raid_naxx:steps[11],raid_naxx,steps[11],11,step,True,Defeat Patchwerk.,candidate,"[""raid_naxx:steps[1]""]",[],shared raid instance; personal historical roster ticks are insufficient,Classic-supported; conditional on instance/character evidence,"[""https://www.wowhead.com/classic/npc=15989/sapphiron""]",Candidate guide dependency only. A prerequisite may have been completed by the raid before this player joined. Never block recording completed evidence.,,,,False,raid_set_step_audit.json
raid_naxx:steps[12],raid_naxx,steps[12],12,step,True,Defeat Grobbulus.,no_lock,[],[],shared raid instance; personal historical roster ticks are insufficient,"high for collection independence, unconfirmed Forever equivalence","[""https://www.wowhead.com/classic/npc=15989/sapphiron""]",No verified hard lock. Normal boss route does not imply a required encounter gate.,,,,False,raid_set_step_audit.json
raid_naxx:steps[13],raid_naxx,steps[13],13,step,True,Defeat Gluth.,no_lock,[],[],shared raid instance; personal historical roster ticks are insufficient,"high for collection independence, unconfirmed Forever equivalence","[""https://www.wowhead.com/classic/npc=15989/sapphiron""]",No verified hard lock. Normal boss route does not imply a required encounter gate.,,,,False,raid_set_step_audit.json
raid_naxx:steps[14],raid_naxx,steps[14],14,step,True,Defeat Thaddius.,no_lock,[],[],shared raid instance; personal historical roster ticks are insufficient,"high for collection independence, unconfirmed Forever equivalence","[""https://www.wowhead.com/classic/npc=15989/sapphiron""]",No verified hard lock. Normal boss route does not imply a required encounter gate.,,,,False,raid_set_step_audit.json
raid_naxx:steps[15],raid_naxx,steps[15],15,step,True,Defeat Sapphiron.,candidate,"[""raid_naxx:steps[4]"", ""raid_naxx:steps[7]"", ""raid_naxx:steps[10]"", ""raid_naxx:steps[14]""]",[],shared raid instance; personal historical roster ticks are insufficient,Classic-supported; conditional on instance/character evidence,"[""https://www.wowhead.com/classic/npc=15989/sapphiron""]",Candidate guide dependency only. A prerequisite may have been completed by the raid before this player joined. Never block recording completed evidence.,,,,False,raid_set_step_audit.json
raid_naxx:steps[16],raid_naxx,steps[16],16,step,True,Defeat Kel'Thuzad.,candidate,"[""raid_naxx:steps[15]""]",[],shared raid instance; personal historical roster ticks are insufficient,Classic-supported; conditional on instance/character evidence,"[""https://www.wowhead.com/classic/npc=15989/sapphiron""]",Candidate guide dependency only. A prerequisite may have been completed by the raid before this player joined. Never block recording completed evidence.,,,,False,raid_set_step_audit.json
raid_hyjal:steps[1],raid_hyjal,steps[1],1,step,True,Defeat The Wild King in Hyjal Summit.,withheld,[],[],shared raid instance; personal historical roster ticks are insufficient,unconfirmed,"[""https://www.wowhead.com/forever/guide/raids-overview-hub-dates-locations""]","Current single known boss; entrance, attunement and preceding encounter gates unknown.",,,,False,raid_set_step_audit.json
raid_barrow:steps[1],raid_barrow,steps[1],1,step,True,Defeat Sonya Darkhallow in the Barrow Deeps.,withheld,[],[],shared raid instance; personal historical roster ticks are insufficient,unconfirmed,"[""https://www.wowhead.com/forever/guide/raids-overview-hub-dates-locations""]","Current single known boss; entrance, attunement and preceding encounter gates unknown.",,,,False,raid_set_step_audit.json
set_tier1:sections[1].pieces[1],set_tier1,sections[1].pieces[1],1_1_piece,piece,True,Helm of Might from Garr.,no_lock,[],[],same class section for sets; independent collection,"high for collection independence, unconfirmed Forever equivalence","[""https://github.com/karl-neiswender/ForeverGoalTracker/blob/main/Library.lua""]",No item-collection prerequisite on another set piece. Auto-completed ownership overrides locks.,,,,False,raid_set_step_audit.json
set_tier1:sections[1].pieces[2],set_tier1,sections[1].pieces[2],1_2_piece,piece,True,Pauldrons of Might from Sulfuron Harbinger.,no_lock,[],[],same class section for sets; independent collection,"high for collection independence, unconfirmed Forever equivalence","[""https://github.com/karl-neiswender/ForeverGoalTracker/blob/main/Library.lua""]",No item-collection prerequisite on another set piece. Auto-completed ownership overrides locks.,,,,False,raid_set_step_audit.json
set_tier1:sections[1].pieces[3],set_tier1,sections[1].pieces[3],1_3_piece,piece,True,Breastplate of Might from Golemagg the Incinerator.,no_lock,[],[],same class section for sets; independent collection,"high for collection independence, unconfirmed Forever equivalence","[""https://github.com/karl-neiswender/ForeverGoalTracker/blob/main/Library.lua""]",No item-collection prerequisite on another set piece. Auto-completed ownership overrides locks.,,,,False,raid_set_step_audit.json
set_tier1:sections[1].pieces[4],set_tier1,sections[1].pieces[4],1_4_piece,piece,True,Gauntlets of Might from Lucifron.,no_lock,[],[],same class section for sets; independent collection,"high for collection independence, unconfirmed Forever equivalence","[""https://github.com/karl-neiswender/ForeverGoalTracker/blob/main/Library.lua""]",No item-collection prerequisite on another set piece. Auto-completed ownership overrides locks.,,,,False,raid_set_step_audit.json
set_tier1:sections[1].pieces[5],set_tier1,sections[1].pieces[5],1_5_piece,piece,True,Legplates of Might from Magmadar.,no_lock,[],[],same class section for sets; independent collection,"high for collection independence, unconfirmed Forever equivalence","[""https://github.com/karl-neiswender/ForeverGoalTracker/blob/main/Library.lua""]",No item-collection prerequisite on another set piece. Auto-completed ownership overrides locks.,,,,False,raid_set_step_audit.json
set_tier1:sections[1].pieces[6],set_tier1,sections[1].pieces[6],1_6_piece,piece,True,Belt of Might from Molten Core trash.,no_lock,[],[],same class section for sets; independent collection,"high for collection independence, unconfirmed Forever equivalence","[""https://github.com/karl-neiswender/ForeverGoalTracker/blob/main/Library.lua""]",No item-collection prerequisite on another set piece. Auto-completed ownership overrides locks.,,,,False,raid_set_step_audit.json
set_tier1:sections[1].pieces[7],set_tier1,sections[1].pieces[7],1_7_piece,piece,True,Bracers of Might from Molten Core trash.,no_lock,[],[],same class section for sets; independent collection,"high for collection independence, unconfirmed Forever equivalence","[""https://github.com/karl-neiswender/ForeverGoalTracker/blob/main/Library.lua""]",No item-collection prerequisite on another set piece. Auto-completed ownership overrides locks.,,,,False,raid_set_step_audit.json
set_tier1:sections[1].pieces[8],set_tier1,sections[1].pieces[8],1_8_piece,piece,True,Sabatons of Might from Gehennas.,no_lock,[],[],same class section for sets; independent collection,"high for collection independence, unconfirmed Forever equivalence","[""https://github.com/karl-neiswender/ForeverGoalTracker/blob/main/Library.lua""]",No item-collection prerequisite on another set piece. Auto-completed ownership overrides locks.,,,,False,raid_set_step_audit.json
set_tier1:sections[2].pieces[1],set_tier1,sections[2].pieces[1],2_1_piece,piece,True,Lawbringer Helm from Garr.,no_lock,[],[],same class section for sets; independent collection,"high for collection independence, unconfirmed Forever equivalence","[""https://github.com/karl-neiswender/ForeverGoalTracker/blob/main/Library.lua""]",No item-collection prerequisite on another set piece. Auto-completed ownership overrides locks.,,,,False,raid_set_step_audit.json
set_tier1:sections[2].pieces[2],set_tier1,sections[2].pieces[2],2_2_piece,piece,True,Lawbringer Spaulders from Baron Geddon.,no_lock,[],[],same class section for sets; independent collection,"high for collection independence, unconfirmed Forever equivalence","[""https://github.com/karl-neiswender/ForeverGoalTracker/blob/main/Library.lua""]",No item-collection prerequisite on another set piece. Auto-completed ownership overrides locks.,,,,False,raid_set_step_audit.json
set_tier1:sections[2].pieces[3],set_tier1,sections[2].pieces[3],2_3_piece,piece,True,Lawbringer Chestguard from Golemagg the Incinerator.,no_lock,[],[],same class section for sets; independent collection,"high for collection independence, unconfirmed Forever equivalence","[""https://github.com/karl-neiswender/ForeverGoalTracker/blob/main/Library.lua""]",No item-collection prerequisite on another set piece. Auto-completed ownership overrides locks.,,,,False,raid_set_step_audit.json
set_tier1:sections[2].pieces[4],set_tier1,sections[2].pieces[4],2_4_piece,piece,True,Lawbringer Gauntlets from Gehennas.,no_lock,[],[],same class section for sets; independent collection,"high for collection independence, unconfirmed Forever equivalence","[""https://github.com/karl-neiswender/ForeverGoalTracker/blob/main/Library.lua""]",No item-collection prerequisite on another set piece. Auto-completed ownership overrides locks.,,,,False,raid_set_step_audit.json
set_tier1:sections[2].pieces[5],set_tier1,sections[2].pieces[5],2_5_piece,piece,True,Lawbringer Legplates from Magmadar.,no_lock,[],[],same class section for sets; independent collection,"high for collection independence, unconfirmed Forever equivalence","[""https://github.com/karl-neiswender/ForeverGoalTracker/blob/main/Library.lua""]",No item-collection prerequisite on another set piece. Auto-completed ownership overrides locks.,,,,False,raid_set_step_audit.json
set_tier1:sections[2].pieces[6],set_tier1,sections[2].pieces[6],2_6_piece,piece,True,Lawbringer Belt from Molten Core trash.,no_lock,[],[],same class section for sets; independent collection,"high for collection independence, unconfirmed Forever equivalence","[""https://github.com/karl-neiswender/ForeverGoalTracker/blob/main/Library.lua""]",No item-collection prerequisite on another set piece. Auto-completed ownership overrides locks.,,,,False,raid_set_step_audit.json
set_tier1:sections[2].pieces[7],set_tier1,sections[2].pieces[7],2_7_piece,piece,True,Lawbringer Bracers from Molten Core trash.,no_lock,[],[],same class section for sets; independent collection,"high for collection independence, unconfirmed Forever equivalence","[""https://github.com/karl-neiswender/ForeverGoalTracker/blob/main/Library.lua""]",No item-collection prerequisite on another set piece. Auto-completed ownership overrides locks.,,,,False,raid_set_step_audit.json
set_tier1:sections[2].pieces[8],set_tier1,sections[2].pieces[8],2_8_piece,piece,True,Lawbringer Boots from Lucifron.,no_lock,[],[],same class section for sets; independent collection,"high for collection independence, unconfirmed Forever equivalence","[""https://github.com/karl-neiswender/ForeverGoalTracker/blob/main/Library.lua""]",No item-collection prerequisite on another set piece. Auto-completed ownership overrides locks.,,,,False,raid_set_step_audit.json
set_tier1:sections[3].pieces[1],set_tier1,sections[3].pieces[1],3_1_piece,piece,True,Giantstalker's Helmet from Garr.,no_lock,[],[],same class section for sets; independent collection,"high for collection independence, unconfirmed Forever equivalence","[""https://github.com/karl-neiswender/ForeverGoalTracker/blob/main/Library.lua""]",No item-collection prerequisite on another set piece. Auto-completed ownership overrides locks.,,,,False,raid_set_step_audit.json
set_tier1:sections[3].pieces[2],set_tier1,sections[3].pieces[2],3_2_piece,piece,True,Giantstalker's Epaulets from Sulfuron Harbinger.,no_lock,[],[],same class section for sets; independent collection,"high for collection independence, unconfirmed Forever equivalence","[""https://github.com/karl-neiswender/ForeverGoalTracker/blob/main/Library.lua""]",No item-collection prerequisite on another set piece. Auto-completed ownership overrides locks.,,,,False,raid_set_step_audit.json
set_tier1:sections[3].pieces[3],set_tier1,sections[3].pieces[3],3_3_piece,piece,True,Giantstalker's Breastplate from Golemagg the Incinerator.,no_lock,[],[],same class section for sets; independent collection,"high for collection independence, unconfirmed Forever equivalence","[""https://github.com/karl-neiswender/ForeverGoalTracker/blob/main/Library.lua""]",No item-collection prerequisite on another set piece. Auto-completed ownership overrides locks.,,,,False,raid_set_step_audit.json
set_tier1:sections[3].pieces[4],set_tier1,sections[3].pieces[4],3_4_piece,piece,True,Giantstalker's Gloves from Shazzrah.,no_lock,[],[],same class section for sets; independent collection,"high for collection independence, unconfirmed Forever equivalence","[""https://github.com/karl-neiswender/ForeverGoalTracker/blob/main/Library.lua""]",No item-collection prerequisite on another set piece. Auto-completed ownership overrides locks.,,,,False,raid_set_step_audit.json
set_tier1:sections[3].pieces[5],set_tier1,sections[3].pieces[5],3_5_piece,piece,True,Giantstalker's Leggings from Magmadar.,no_lock,[],[],same class section for sets; independent collection,"high for collection independence, unconfirmed Forever equivalence","[""https://github.com/karl-neiswender/ForeverGoalTracker/blob/main/Library.lua""]",No item-collection prerequisite on another set piece. Auto-completed ownership overrides locks.,,,,False,raid_set_step_audit.json
set_tier1:sections[3].pieces[6],set_tier1,sections[3].pieces[6],3_6_piece,piece,True,Giantstalker's Belt from Molten Core trash.,no_lock,[],[],same class section for sets; independent collection,"high for collection independence, unconfirmed Forever equivalence","[""https://github.com/karl-neiswender/ForeverGoalTracker/blob/main/Library.lua""]",No item-collection prerequisite on another set piece. Auto-completed ownership overrides locks.,,,,False,raid_set_step_audit.json
set_tier1:sections[3].pieces[7],set_tier1,sections[3].pieces[7],3_7_piece,piece,True,Giantstalker's Bracers from Molten Core trash.,no_lock,[],[],same class section for sets; independent collection,"high for collection independence, unconfirmed Forever equivalence","[""https://github.com/karl-neiswender/ForeverGoalTracker/blob/main/Library.lua""]",No item-collection prerequisite on another set piece. Auto-completed ownership overrides locks.,,,,False,raid_set_step_audit.json
set_tier1:sections[3].pieces[8],set_tier1,sections[3].pieces[8],3_8_piece,piece,True,Giantstalker's Boots from Gehennas.,no_lock,[],[],same class section for sets; independent collection,"high for collection independence, unconfirmed Forever equivalence","[""https://github.com/karl-neiswender/ForeverGoalTracker/blob/main/Library.lua""]",No item-collection prerequisite on another set piece. Auto-completed ownership overrides locks.,,,,False,raid_set_step_audit.json
set_tier1:sections[4].pieces[1],set_tier1,sections[4].pieces[1],4_1_piece,piece,True,Nightslayer Cover from Garr.,no_lock,[],[],same class section for sets; independent collection,"high for collection independence, unconfirmed Forever equivalence","[""https://github.com/karl-neiswender/ForeverGoalTracker/blob/main/Library.lua""]",No item-collection prerequisite on another set piece. Auto-completed ownership overrides locks.,,,,False,raid_set_step_audit.json
set_tier1:sections[4].pieces[2],set_tier1,sections[4].pieces[2],4_2_piece,piece,True,Nightslayer Shoulder Pads from Sulfuron Harbinger.,no_lock,[],[],same class section for sets; independent collection,"high for collection independence, unconfirmed Forever equivalence","[""https://github.com/karl-neiswender/ForeverGoalTracker/blob/main/Library.lua""]",No item-collection prerequisite on another set piece. Auto-completed ownership overrides locks.,,,,False,raid_set_step_audit.json
set_tier1:sections[4].pieces[3],set_tier1,sections[4].pieces[3],4_3_piece,piece,True,Nightslayer Chestpiece from Golemagg the Incinerator.,no_lock,[],[],same class section for sets; independent collection,"high for collection independence, unconfirmed Forever equivalence","[""https://github.com/karl-neiswender/ForeverGoalTracker/blob/main/Library.lua""]",No item-collection prerequisite on another set piece. Auto-completed ownership overrides locks.,,,,False,raid_set_step_audit.json
set_tier1:sections[4].pieces[4],set_tier1,sections[4].pieces[4],4_4_piece,piece,True,Nightslayer Gloves from Gehennas.,no_lock,[],[],same class section for sets; independent collection,"high for collection independence, unconfirmed Forever equivalence","[""https://github.com/karl-neiswender/ForeverGoalTracker/blob/main/Library.lua""]",No item-collection prerequisite on another set piece. Auto-completed ownership overrides locks.,,,,False,raid_set_step_audit.json
set_tier1:sections[4].pieces[5],set_tier1,sections[4].pieces[5],4_5_piece,piece,True,Nightslayer Pants from Magmadar.,no_lock,[],[],same class section for sets; independent collection,"high for collection independence, unconfirmed Forever equivalence","[""https://github.com/karl-neiswender/ForeverGoalTracker/blob/main/Library.lua""]",No item-collection prerequisite on another set piece. Auto-completed ownership overrides locks.,,,,False,raid_set_step_audit.json
set_tier1:sections[4].pieces[6],set_tier1,sections[4].pieces[6],4_6_piece,piece,True,Nightslayer Belt from Molten Core trash.,no_lock,[],[],same class section for sets; independent collection,"high for collection independence, unconfirmed Forever equivalence","[""https://github.com/karl-neiswender/ForeverGoalTracker/blob/main/Library.lua""]",No item-collection prerequisite on another set piece. Auto-completed ownership overrides locks.,,,,False,raid_set_step_audit.json
set_tier1:sections[4].pieces[7],set_tier1,sections[4].pieces[7],4_7_piece,piece,True,Nightslayer Bracelets from Molten Core trash.,no_lock,[],[],same class section for sets; independent collection,"high for collection independence, unconfirmed Forever equivalence","[""https://github.com/karl-neiswender/ForeverGoalTracker/blob/main/Library.lua""]",No item-collection prerequisite on another set piece. Auto-completed ownership overrides locks.,,,,False,raid_set_step_audit.json
set_tier1:sections[4].pieces[8],set_tier1,sections[4].pieces[8],4_8_piece,piece,True,Nightslayer Boots from Shazzrah.,no_lock,[],[],same class section for sets; independent collection,"high for collection independence, unconfirmed Forever equivalence","[""https://github.com/karl-neiswender/ForeverGoalTracker/blob/main/Library.lua""]",No item-collection prerequisite on another set piece. Auto-completed ownership overrides locks.,,,,False,raid_set_step_audit.json
set_tier1:sections[5].pieces[1],set_tier1,sections[5].pieces[1],5_1_piece,piece,True,Circlet of Prophecy from Garr.,no_lock,[],[],same class section for sets; independent collection,"high for collection independence, unconfirmed Forever equivalence","[""https://github.com/karl-neiswender/ForeverGoalTracker/blob/main/Library.lua""]",No item-collection prerequisite on another set piece. Auto-completed ownership overrides locks.,,,,False,raid_set_step_audit.json
set_tier1:sections[5].pieces[2],set_tier1,sections[5].pieces[2],5_2_piece,piece,True,Mantle of Prophecy from Sulfuron Harbinger.,no_lock,[],[],same class section for sets; independent collection,"high for collection independence, unconfirmed Forever equivalence","[""https://github.com/karl-neiswender/ForeverGoalTracker/blob/main/Library.lua""]",No item-collection prerequisite on another set piece. Auto-completed ownership overrides locks.,,,,False,raid_set_step_audit.json
set_tier1:sections[5].pieces[3],set_tier1,sections[5].pieces[3],5_3_piece,piece,True,Robes of Prophecy from Golemagg the Incinerator.,no_lock,[],[],same class section for sets; independent collection,"high for collection independence, unconfirmed Forever equivalence","[""https://github.com/karl-neiswender/ForeverGoalTracker/blob/main/Library.lua""]",No item-collection prerequisite on another set piece. Auto-completed ownership overrides locks.,,,,False,raid_set_step_audit.json
set_tier1:sections[5].pieces[4],set_tier1,sections[5].pieces[4],5_4_piece,piece,True,Gloves of Prophecy from Gehennas.,no_lock,[],[],same class section for sets; independent collection,"high for collection independence, unconfirmed Forever equivalence","[""https://github.com/karl-neiswender/ForeverGoalTracker/blob/main/Library.lua""]",No item-collection prerequisite on another set piece. Auto-completed ownership overrides locks.,,,,False,raid_set_step_audit.json
set_tier1:sections[5].pieces[5],set_tier1,sections[5].pieces[5],5_5_piece,piece,True,Pants of Prophecy from Magmadar.,no_lock,[],[],same class section for sets; independent collection,"high for collection independence, unconfirmed Forever equivalence","[""https://github.com/karl-neiswender/ForeverGoalTracker/blob/main/Library.lua""]",No item-collection prerequisite on another set piece. Auto-completed ownership overrides locks.,,,,False,raid_set_step_audit.json
set_tier1:sections[5].pieces[6],set_tier1,sections[5].pieces[6],5_6_piece,piece,True,Girdle of Prophecy from Molten Core trash.,no_lock,[],[],same class section for sets; independent collection,"high for collection independence, unconfirmed Forever equivalence","[""https://github.com/karl-neiswender/ForeverGoalTracker/blob/main/Library.lua""]",No item-collection prerequisite on another set piece. Auto-completed ownership overrides locks.,,,,False,raid_set_step_audit.json
set_tier1:sections[5].pieces[7],set_tier1,sections[5].pieces[7],5_7_piece,piece,True,Vambraces of Prophecy from Molten Core trash.,no_lock,[],[],same class section for sets; independent collection,"high for collection independence, unconfirmed Forever equivalence","[""https://github.com/karl-neiswender/ForeverGoalTracker/blob/main/Library.lua""]",No item-collection prerequisite on another set piece. Auto-completed ownership overrides locks.,,,,False,raid_set_step_audit.json
set_tier1:sections[5].pieces[8],set_tier1,sections[5].pieces[8],5_8_piece,piece,True,Boots of Prophecy from Shazzrah.,no_lock,[],[],same class section for sets; independent collection,"high for collection independence, unconfirmed Forever equivalence","[""https://github.com/karl-neiswender/ForeverGoalTracker/blob/main/Library.lua""]",No item-collection prerequisite on another set piece. Auto-completed ownership overrides locks.,,,,False,raid_set_step_audit.json
set_tier1:sections[6].pieces[1],set_tier1,sections[6].pieces[1],6_1_piece,piece,True,Earthfury Helmet from Garr.,no_lock,[],[],same class section for sets; independent collection,"high for collection independence, unconfirmed Forever equivalence","[""https://github.com/karl-neiswender/ForeverGoalTracker/blob/main/Library.lua""]",No item-collection prerequisite on another set piece. Auto-completed ownership overrides locks.,,,,False,raid_set_step_audit.json
set_tier1:sections[6].pieces[2],set_tier1,sections[6].pieces[2],6_2_piece,piece,True,Earthfury Epaulets from Baron Geddon.,no_lock,[],[],same class section for sets; independent collection,"high for collection independence, unconfirmed Forever equivalence","[""https://github.com/karl-neiswender/ForeverGoalTracker/blob/main/Library.lua""]",No item-collection prerequisite on another set piece. Auto-completed ownership overrides locks.,,,,False,raid_set_step_audit.json
set_tier1:sections[6].pieces[3],set_tier1,sections[6].pieces[3],6_3_piece,piece,True,Earthfury Vestments from Golemagg the Incinerator.,no_lock,[],[],same class section for sets; independent collection,"high for collection independence, unconfirmed Forever equivalence","[""https://github.com/karl-neiswender/ForeverGoalTracker/blob/main/Library.lua""]",No item-collection prerequisite on another set piece. Auto-completed ownership overrides locks.,,,,False,raid_set_step_audit.json
set_tier1:sections[6].pieces[4],set_tier1,sections[6].pieces[4],6_4_piece,piece,True,Earthfury Gauntlets from Gehennas.,no_lock,[],[],same class section for sets; independent collection,"high for collection independence, unconfirmed Forever equivalence","[""https://github.com/karl-neiswender/ForeverGoalTracker/blob/main/Library.lua""]",No item-collection prerequisite on another set piece. Auto-completed ownership overrides locks.,,,,False,raid_set_step_audit.json
set_tier1:sections[6].pieces[5],set_tier1,sections[6].pieces[5],6_5_piece,piece,True,Earthfury Legguards from Magmadar.,no_lock,[],[],same class section for sets; independent collection,"high for collection independence, unconfirmed Forever equivalence","[""https://github.com/karl-neiswender/ForeverGoalTracker/blob/main/Library.lua""]",No item-collection prerequisite on another set piece. Auto-completed ownership overrides locks.,,,,False,raid_set_step_audit.json
set_tier1:sections[6].pieces[6],set_tier1,sections[6].pieces[6],6_6_piece,piece,True,Earthfury Belt from Molten Core trash.,no_lock,[],[],same class section for sets; independent collection,"high for collection independence, unconfirmed Forever equivalence","[""https://github.com/karl-neiswender/ForeverGoalTracker/blob/main/Library.lua""]",No item-collection prerequisite on another set piece. Auto-completed ownership overrides locks.,,,,False,raid_set_step_audit.json
set_tier1:sections[6].pieces[7],set_tier1,sections[6].pieces[7],6_7_piece,piece,True,Earthfury Bracers from Molten Core trash.,no_lock,[],[],same class section for sets; independent collection,"high for collection independence, unconfirmed Forever equivalence","[""https://github.com/karl-neiswender/ForeverGoalTracker/blob/main/Library.lua""]",No item-collection prerequisite on another set piece. Auto-completed ownership overrides locks.,,,,False,raid_set_step_audit.json
set_tier1:sections[6].pieces[8],set_tier1,sections[6].pieces[8],6_8_piece,piece,True,Earthfury Boots from Lucifron.,no_lock,[],[],same class section for sets; independent collection,"high for collection independence, unconfirmed Forever equivalence","[""https://github.com/karl-neiswender/ForeverGoalTracker/blob/main/Library.lua""]",No item-collection prerequisite on another set piece. Auto-completed ownership overrides locks.,,,,False,raid_set_step_audit.json
set_tier1:sections[7].pieces[1],set_tier1,sections[7].pieces[1],7_1_piece,piece,True,Arcanist Crown from Garr.,no_lock,[],[],same class section for sets; independent collection,"high for collection independence, unconfirmed Forever equivalence","[""https://github.com/karl-neiswender/ForeverGoalTracker/blob/main/Library.lua""]",No item-collection prerequisite on another set piece. Auto-completed ownership overrides locks.,,,,False,raid_set_step_audit.json
set_tier1:sections[7].pieces[2],set_tier1,sections[7].pieces[2],7_2_piece,piece,True,Arcanist Mantle from Baron Geddon.,no_lock,[],[],same class section for sets; independent collection,"high for collection independence, unconfirmed Forever equivalence","[""https://github.com/karl-neiswender/ForeverGoalTracker/blob/main/Library.lua""]",No item-collection prerequisite on another set piece. Auto-completed ownership overrides locks.,,,,False,raid_set_step_audit.json
set_tier1:sections[7].pieces[3],set_tier1,sections[7].pieces[3],7_3_piece,piece,True,Arcanist Robes from Golemagg the Incinerator.,no_lock,[],[],same class section for sets; independent collection,"high for collection independence, unconfirmed Forever equivalence","[""https://github.com/karl-neiswender/ForeverGoalTracker/blob/main/Library.lua""]",No item-collection prerequisite on another set piece. Auto-completed ownership overrides locks.,,,,False,raid_set_step_audit.json
set_tier1:sections[7].pieces[4],set_tier1,sections[7].pieces[4],7_4_piece,piece,True,Arcanist Gloves from Shazzrah.,no_lock,[],[],same class section for sets; independent collection,"high for collection independence, unconfirmed Forever equivalence","[""https://github.com/karl-neiswender/ForeverGoalTracker/blob/main/Library.lua""]",No item-collection prerequisite on another set piece. Auto-completed ownership overrides locks.,,,,False,raid_set_step_audit.json
set_tier1:sections[7].pieces[5],set_tier1,sections[7].pieces[5],7_5_piece,piece,True,Arcanist Leggings from Magmadar.,no_lock,[],[],same class section for sets; independent collection,"high for collection independence, unconfirmed Forever equivalence","[""https://github.com/karl-neiswender/ForeverGoalTracker/blob/main/Library.lua""]",No item-collection prerequisite on another set piece. Auto-completed ownership overrides locks.,,,,False,raid_set_step_audit.json
set_tier1:sections[7].pieces[6],set_tier1,sections[7].pieces[6],7_6_piece,piece,True,Arcanist Belt from Molten Core trash.,no_lock,[],[],same class section for sets; independent collection,"high for collection independence, unconfirmed Forever equivalence","[""https://github.com/karl-neiswender/ForeverGoalTracker/blob/main/Library.lua""]",No item-collection prerequisite on another set piece. Auto-completed ownership overrides locks.,,,,False,raid_set_step_audit.json
set_tier1:sections[7].pieces[7],set_tier1,sections[7].pieces[7],7_7_piece,piece,True,Arcanist Bindings from Molten Core trash.,no_lock,[],[],same class section for sets; independent collection,"high for collection independence, unconfirmed Forever equivalence","[""https://github.com/karl-neiswender/ForeverGoalTracker/blob/main/Library.lua""]",No item-collection prerequisite on another set piece. Auto-completed ownership overrides locks.,,,,False,raid_set_step_audit.json
set_tier1:sections[7].pieces[8],set_tier1,sections[7].pieces[8],7_8_piece,piece,True,Arcanist Boots from Lucifron.,no_lock,[],[],same class section for sets; independent collection,"high for collection independence, unconfirmed Forever equivalence","[""https://github.com/karl-neiswender/ForeverGoalTracker/blob/main/Library.lua""]",No item-collection prerequisite on another set piece. Auto-completed ownership overrides locks.,,,,False,raid_set_step_audit.json
set_tier1:sections[8].pieces[1],set_tier1,sections[8].pieces[1],8_1_piece,piece,True,Felheart Horns from Garr.,no_lock,[],[],same class section for sets; independent collection,"high for collection independence, unconfirmed Forever equivalence","[""https://github.com/karl-neiswender/ForeverGoalTracker/blob/main/Library.lua""]",No item-collection prerequisite on another set piece. Auto-completed ownership overrides locks.,,,,False,raid_set_step_audit.json
set_tier1:sections[8].pieces[2],set_tier1,sections[8].pieces[2],8_2_piece,piece,True,Felheart Shoulder Pads from Baron Geddon.,no_lock,[],[],same class section for sets; independent collection,"high for collection independence, unconfirmed Forever equivalence","[""https://github.com/karl-neiswender/ForeverGoalTracker/blob/main/Library.lua""]",No item-collection prerequisite on another set piece. Auto-completed ownership overrides locks.,,,,False,raid_set_step_audit.json
set_tier1:sections[8].pieces[3],set_tier1,sections[8].pieces[3],8_3_piece,piece,True,Felheart Robes from Golemagg the Incinerator.,no_lock,[],[],same class section for sets; independent collection,"high for collection independence, unconfirmed Forever equivalence","[""https://github.com/karl-neiswender/ForeverGoalTracker/blob/main/Library.lua""]",No item-collection prerequisite on another set piece. Auto-completed ownership overrides locks.,,,,False,raid_set_step_audit.json
set_tier1:sections[8].pieces[4],set_tier1,sections[8].pieces[4],8_4_piece,piece,True,Felheart Gloves from Lucifron.,no_lock,[],[],same class section for sets; independent collection,"high for collection independence, unconfirmed Forever equivalence","[""https://github.com/karl-neiswender/ForeverGoalTracker/blob/main/Library.lua""]",No item-collection prerequisite on another set piece. Auto-completed ownership overrides locks.,,,,False,raid_set_step_audit.json
set_tier1:sections[8].pieces[5],set_tier1,sections[8].pieces[5],8_5_piece,piece,True,Felheart Pants from Magmadar.,no_lock,[],[],same class section for sets; independent collection,"high for collection independence, unconfirmed Forever equivalence","[""https://github.com/karl-neiswender/ForeverGoalTracker/blob/main/Library.lua""]",No item-collection prerequisite on another set piece. Auto-completed ownership overrides locks.,,,,False,raid_set_step_audit.json
set_tier1:sections[8].pieces[6],set_tier1,sections[8].pieces[6],8_6_piece,piece,True,Felheart Belt from Molten Core trash.,no_lock,[],[],same class section for sets; independent collection,"high for collection independence, unconfirmed Forever equivalence","[""https://github.com/karl-neiswender/ForeverGoalTracker/blob/main/Library.lua""]",No item-collection prerequisite on another set piece. Auto-completed ownership overrides locks.,,,,False,raid_set_step_audit.json
set_tier1:sections[8].pieces[7],set_tier1,sections[8].pieces[7],8_7_piece,piece,True,Felheart Bracers from Molten Core trash.,no_lock,[],[],same class section for sets; independent collection,"high for collection independence, unconfirmed Forever equivalence","[""https://github.com/karl-neiswender/ForeverGoalTracker/blob/main/Library.lua""]",No item-collection prerequisite on another set piece. Auto-completed ownership overrides locks.,,,,False,raid_set_step_audit.json
set_tier1:sections[8].pieces[8],set_tier1,sections[8].pieces[8],8_8_piece,piece,True,Felheart Slippers from Shazzrah.,no_lock,[],[],same class section for sets; independent collection,"high for collection independence, unconfirmed Forever equivalence","[""https://github.com/karl-neiswender/ForeverGoalTracker/blob/main/Library.lua""]",No item-collection prerequisite on another set piece. Auto-completed ownership overrides locks.,,,,False,raid_set_step_audit.json
set_tier1:sections[9].pieces[1],set_tier1,sections[9].pieces[1],9_1_piece,piece,True,Cenarion Helm from Garr.,no_lock,[],[],same class section for sets; independent collection,"high for collection independence, unconfirmed Forever equivalence","[""https://github.com/karl-neiswender/ForeverGoalTracker/blob/main/Library.lua""]",No item-collection prerequisite on another set piece. Auto-completed ownership overrides locks.,,,,False,raid_set_step_audit.json
set_tier1:sections[9].pieces[2],set_tier1,sections[9].pieces[2],9_2_piece,piece,True,Cenarion Spaulders from Baron Geddon.,no_lock,[],[],same class section for sets; independent collection,"high for collection independence, unconfirmed Forever equivalence","[""https://github.com/karl-neiswender/ForeverGoalTracker/blob/main/Library.lua""]",No item-collection prerequisite on another set piece. Auto-completed ownership overrides locks.,,,,False,raid_set_step_audit.json
set_tier1:sections[9].pieces[3],set_tier1,sections[9].pieces[3],9_3_piece,piece,True,Cenarion Vestments from Golemagg the Incinerator.,no_lock,[],[],same class section for sets; independent collection,"high for collection independence, unconfirmed Forever equivalence","[""https://github.com/karl-neiswender/ForeverGoalTracker/blob/main/Library.lua""]",No item-collection prerequisite on another set piece. Auto-completed ownership overrides locks.,,,,False,raid_set_step_audit.json
set_tier1:sections[9].pieces[4],set_tier1,sections[9].pieces[4],9_4_piece,piece,True,Cenarion Gloves from Shazzrah.,no_lock,[],[],same class section for sets; independent collection,"high for collection independence, unconfirmed Forever equivalence","[""https://github.com/karl-neiswender/ForeverGoalTracker/blob/main/Library.lua""]",No item-collection prerequisite on another set piece. Auto-completed ownership overrides locks.,,,,False,raid_set_step_audit.json
set_tier1:sections[9].pieces[5],set_tier1,sections[9].pieces[5],9_5_piece,piece,True,Cenarion Leggings from Magmadar.,no_lock,[],[],same class section for sets; independent collection,"high for collection independence, unconfirmed Forever equivalence","[""https://github.com/karl-neiswender/ForeverGoalTracker/blob/main/Library.lua""]",No item-collection prerequisite on another set piece. Auto-completed ownership overrides locks.,,,,False,raid_set_step_audit.json
set_tier1:sections[9].pieces[6],set_tier1,sections[9].pieces[6],9_6_piece,piece,True,Cenarion Belt from Molten Core trash.,no_lock,[],[],same class section for sets; independent collection,"high for collection independence, unconfirmed Forever equivalence","[""https://github.com/karl-neiswender/ForeverGoalTracker/blob/main/Library.lua""]",No item-collection prerequisite on another set piece. Auto-completed ownership overrides locks.,,,,False,raid_set_step_audit.json
set_tier1:sections[9].pieces[7],set_tier1,sections[9].pieces[7],9_7_piece,piece,True,Cenarion Bracers from Molten Core trash.,no_lock,[],[],same class section for sets; independent collection,"high for collection independence, unconfirmed Forever equivalence","[""https://github.com/karl-neiswender/ForeverGoalTracker/blob/main/Library.lua""]",No item-collection prerequisite on another set piece. Auto-completed ownership overrides locks.,,,,False,raid_set_step_audit.json
set_tier1:sections[9].pieces[8],set_tier1,sections[9].pieces[8],9_8_piece,piece,True,Cenarion Boots from Lucifron.,no_lock,[],[],same class section for sets; independent collection,"high for collection independence, unconfirmed Forever equivalence","[""https://github.com/karl-neiswender/ForeverGoalTracker/blob/main/Library.lua""]",No item-collection prerequisite on another set piece. Auto-completed ownership overrides locks.,,,,False,raid_set_step_audit.json
set_tier2:sections[1].pieces[1],set_tier2,sections[1].pieces[1],1_1_piece,piece,True,Helm of Wrath from Onyxia.,no_lock,[],[],same class section for sets; independent collection,"high for collection independence, unconfirmed Forever equivalence","[""https://github.com/karl-neiswender/ForeverGoalTracker/blob/main/Library.lua""]",No item-collection prerequisite on another set piece. Auto-completed ownership overrides locks.,,,,False,raid_set_step_audit.json
set_tier2:sections[1].pieces[2],set_tier2,sections[1].pieces[2],1_2_piece,piece,True,Pauldrons of Wrath from Chromaggus.,no_lock,[],[],same class section for sets; independent collection,"high for collection independence, unconfirmed Forever equivalence","[""https://github.com/karl-neiswender/ForeverGoalTracker/blob/main/Library.lua""]",No item-collection prerequisite on another set piece. Auto-completed ownership overrides locks.,,,,False,raid_set_step_audit.json
set_tier2:sections[1].pieces[3],set_tier2,sections[1].pieces[3],1_3_piece,piece,True,Breastplate of Wrath from Nefarian.,no_lock,[],[],same class section for sets; independent collection,"high for collection independence, unconfirmed Forever equivalence","[""https://github.com/karl-neiswender/ForeverGoalTracker/blob/main/Library.lua""]",No item-collection prerequisite on another set piece. Auto-completed ownership overrides locks.,,,,False,raid_set_step_audit.json
set_tier2:sections[1].pieces[4],set_tier2,sections[1].pieces[4],1_4_piece,piece,True,"Gauntlets of Wrath from Firemaw, Ebonroc or Flamegor.",no_lock,[],[],same class section for sets; independent collection,"high for collection independence, unconfirmed Forever equivalence","[""https://github.com/karl-neiswender/ForeverGoalTracker/blob/main/Library.lua""]",No item-collection prerequisite on another set piece. Auto-completed ownership overrides locks.,,,,False,raid_set_step_audit.json
set_tier2:sections[1].pieces[5],set_tier2,sections[1].pieces[5],1_5_piece,piece,True,Legplates of Wrath from Ragnaros.,no_lock,[],[],same class section for sets; independent collection,"high for collection independence, unconfirmed Forever equivalence","[""https://github.com/karl-neiswender/ForeverGoalTracker/blob/main/Library.lua""]",No item-collection prerequisite on another set piece. Auto-completed ownership overrides locks.,,,,False,raid_set_step_audit.json
set_tier2:sections[1].pieces[6],set_tier2,sections[1].pieces[6],1_6_piece,piece,True,Waistband of Wrath from Vaelastrasz the Corrupt.,no_lock,[],[],same class section for sets; independent collection,"high for collection independence, unconfirmed Forever equivalence","[""https://github.com/karl-neiswender/ForeverGoalTracker/blob/main/Library.lua""]",No item-collection prerequisite on another set piece. Auto-completed ownership overrides locks.,,,,False,raid_set_step_audit.json
set_tier2:sections[1].pieces[7],set_tier2,sections[1].pieces[7],1_7_piece,piece,True,Bracelets of Wrath from Razorgore the Untamed.,no_lock,[],[],same class section for sets; independent collection,"high for collection independence, unconfirmed Forever equivalence","[""https://github.com/karl-neiswender/ForeverGoalTracker/blob/main/Library.lua""]",No item-collection prerequisite on another set piece. Auto-completed ownership overrides locks.,,,,False,raid_set_step_audit.json
set_tier2:sections[1].pieces[8],set_tier2,sections[1].pieces[8],1_8_piece,piece,True,Sabatons of Wrath from Broodlord Lashlayer.,no_lock,[],[],same class section for sets; independent collection,"high for collection independence, unconfirmed Forever equivalence","[""https://github.com/karl-neiswender/ForeverGoalTracker/blob/main/Library.lua""]",No item-collection prerequisite on another set piece. Auto-completed ownership overrides locks.,,,,False,raid_set_step_audit.json
set_tier2:sections[2].pieces[1],set_tier2,sections[2].pieces[1],2_1_piece,piece,True,Judgement Crown from Onyxia.,no_lock,[],[],same class section for sets; independent collection,"high for collection independence, unconfirmed Forever equivalence","[""https://github.com/karl-neiswender/ForeverGoalTracker/blob/main/Library.lua""]",No item-collection prerequisite on another set piece. Auto-completed ownership overrides locks.,,,,False,raid_set_step_audit.json
set_tier2:sections[2].pieces[2],set_tier2,sections[2].pieces[2],2_2_piece,piece,True,Judgement Spaulders from Chromaggus.,no_lock,[],[],same class section for sets; independent collection,"high for collection independence, unconfirmed Forever equivalence","[""https://github.com/karl-neiswender/ForeverGoalTracker/blob/main/Library.lua""]",No item-collection prerequisite on another set piece. Auto-completed ownership overrides locks.,,,,False,raid_set_step_audit.json
set_tier2:sections[2].pieces[3],set_tier2,sections[2].pieces[3],2_3_piece,piece,True,Judgement Breastplate from Nefarian.,no_lock,[],[],same class section for sets; independent collection,"high for collection independence, unconfirmed Forever equivalence","[""https://github.com/karl-neiswender/ForeverGoalTracker/blob/main/Library.lua""]",No item-collection prerequisite on another set piece. Auto-completed ownership overrides locks.,,,,False,raid_set_step_audit.json
set_tier2:sections[2].pieces[4],set_tier2,sections[2].pieces[4],2_4_piece,piece,True,"Judgement Gauntlets from Firemaw, Ebonroc or Flamegor.",no_lock,[],[],same class section for sets; independent collection,"high for collection independence, unconfirmed Forever equivalence","[""https://github.com/karl-neiswender/ForeverGoalTracker/blob/main/Library.lua""]",No item-collection prerequisite on another set piece. Auto-completed ownership overrides locks.,,,,False,raid_set_step_audit.json
set_tier2:sections[2].pieces[5],set_tier2,sections[2].pieces[5],2_5_piece,piece,True,Judgement Legplates from Ragnaros.,no_lock,[],[],same class section for sets; independent collection,"high for collection independence, unconfirmed Forever equivalence","[""https://github.com/karl-neiswender/ForeverGoalTracker/blob/main/Library.lua""]",No item-collection prerequisite on another set piece. Auto-completed ownership overrides locks.,,,,False,raid_set_step_audit.json
set_tier2:sections[2].pieces[6],set_tier2,sections[2].pieces[6],2_6_piece,piece,True,Judgement Belt from Vaelastrasz the Corrupt.,no_lock,[],[],same class section for sets; independent collection,"high for collection independence, unconfirmed Forever equivalence","[""https://github.com/karl-neiswender/ForeverGoalTracker/blob/main/Library.lua""]",No item-collection prerequisite on another set piece. Auto-completed ownership overrides locks.,,,,False,raid_set_step_audit.json
set_tier2:sections[2].pieces[7],set_tier2,sections[2].pieces[7],2_7_piece,piece,True,Judgement Bindings from Razorgore the Untamed.,no_lock,[],[],same class section for sets; independent collection,"high for collection independence, unconfirmed Forever equivalence","[""https://github.com/karl-neiswender/ForeverGoalTracker/blob/main/Library.lua""]",No item-collection prerequisite on another set piece. Auto-completed ownership overrides locks.,,,,False,raid_set_step_audit.json
set_tier2:sections[2].pieces[8],set_tier2,sections[2].pieces[8],2_8_piece,piece,True,Judgement Sabatons from Broodlord Lashlayer.,no_lock,[],[],same class section for sets; independent collection,"high for collection independence, unconfirmed Forever equivalence","[""https://github.com/karl-neiswender/ForeverGoalTracker/blob/main/Library.lua""]",No item-collection prerequisite on another set piece. Auto-completed ownership overrides locks.,,,,False,raid_set_step_audit.json
set_tier2:sections[3].pieces[1],set_tier2,sections[3].pieces[1],3_1_piece,piece,True,Dragonstalker's Helm from Onyxia.,no_lock,[],[],same class section for sets; independent collection,"high for collection independence, unconfirmed Forever equivalence","[""https://github.com/karl-neiswender/ForeverGoalTracker/blob/main/Library.lua""]",No item-collection prerequisite on another set piece. Auto-completed ownership overrides locks.,,,,False,raid_set_step_audit.json
set_tier2:sections[3].pieces[2],set_tier2,sections[3].pieces[2],3_2_piece,piece,True,Dragonstalker's Spaulders from Chromaggus.,no_lock,[],[],same class section for sets; independent collection,"high for collection independence, unconfirmed Forever equivalence","[""https://github.com/karl-neiswender/ForeverGoalTracker/blob/main/Library.lua""]",No item-collection prerequisite on another set piece. Auto-completed ownership overrides locks.,,,,False,raid_set_step_audit.json
set_tier2:sections[3].pieces[3],set_tier2,sections[3].pieces[3],3_3_piece,piece,True,Dragonstalker's Breastplate from Nefarian.,no_lock,[],[],same class section for sets; independent collection,"high for collection independence, unconfirmed Forever equivalence","[""https://github.com/karl-neiswender/ForeverGoalTracker/blob/main/Library.lua""]",No item-collection prerequisite on another set piece. Auto-completed ownership overrides locks.,,,,False,raid_set_step_audit.json
set_tier2:sections[3].pieces[4],set_tier2,sections[3].pieces[4],3_4_piece,piece,True,"Dragonstalker's Gauntlets from Firemaw, Ebonroc or Flamegor.",no_lock,[],[],same class section for sets; independent collection,"high for collection independence, unconfirmed Forever equivalence","[""https://github.com/karl-neiswender/ForeverGoalTracker/blob/main/Library.lua""]",No item-collection prerequisite on another set piece. Auto-completed ownership overrides locks.,,,,False,raid_set_step_audit.json
set_tier2:sections[3].pieces[5],set_tier2,sections[3].pieces[5],3_5_piece,piece,True,Dragonstalker's Legguards from Ragnaros.,no_lock,[],[],same class section for sets; independent collection,"high for collection independence, unconfirmed Forever equivalence","[""https://github.com/karl-neiswender/ForeverGoalTracker/blob/main/Library.lua""]",No item-collection prerequisite on another set piece. Auto-completed ownership overrides locks.,,,,False,raid_set_step_audit.json
set_tier2:sections[3].pieces[6],set_tier2,sections[3].pieces[6],3_6_piece,piece,True,Dragonstalker's Belt from Vaelastrasz the Corrupt.,no_lock,[],[],same class section for sets; independent collection,"high for collection independence, unconfirmed Forever equivalence","[""https://github.com/karl-neiswender/ForeverGoalTracker/blob/main/Library.lua""]",No item-collection prerequisite on another set piece. Auto-completed ownership overrides locks.,,,,False,raid_set_step_audit.json
set_tier2:sections[3].pieces[7],set_tier2,sections[3].pieces[7],3_7_piece,piece,True,Dragonstalker's Bracers from Razorgore the Untamed.,no_lock,[],[],same class section for sets; independent collection,"high for collection independence, unconfirmed Forever equivalence","[""https://github.com/karl-neiswender/ForeverGoalTracker/blob/main/Library.lua""]",No item-collection prerequisite on another set piece. Auto-completed ownership overrides locks.,,,,False,raid_set_step_audit.json
set_tier2:sections[3].pieces[8],set_tier2,sections[3].pieces[8],3_8_piece,piece,True,Dragonstalker's Greaves from Broodlord Lashlayer.,no_lock,[],[],same class section for sets; independent collection,"high for collection independence, unconfirmed Forever equivalence","[""https://github.com/karl-neiswender/ForeverGoalTracker/blob/main/Library.lua""]",No item-collection prerequisite on another set piece. Auto-completed ownership overrides locks.,,,,False,raid_set_step_audit.json
set_tier2:sections[4].pieces[1],set_tier2,sections[4].pieces[1],4_1_piece,piece,True,Bloodfang Hood from Onyxia.,no_lock,[],[],same class section for sets; independent collection,"high for collection independence, unconfirmed Forever equivalence","[""https://github.com/karl-neiswender/ForeverGoalTracker/blob/main/Library.lua""]",No item-collection prerequisite on another set piece. Auto-completed ownership overrides locks.,,,,False,raid_set_step_audit.json
set_tier2:sections[4].pieces[2],set_tier2,sections[4].pieces[2],4_2_piece,piece,True,Bloodfang Spaulders from Chromaggus.,no_lock,[],[],same class section for sets; independent collection,"high for collection independence, unconfirmed Forever equivalence","[""https://github.com/karl-neiswender/ForeverGoalTracker/blob/main/Library.lua""]",No item-collection prerequisite on another set piece. Auto-completed ownership overrides locks.,,,,False,raid_set_step_audit.json
set_tier2:sections[4].pieces[3],set_tier2,sections[4].pieces[3],4_3_piece,piece,True,Bloodfang Chestpiece from Nefarian.,no_lock,[],[],same class section for sets; independent collection,"high for collection independence, unconfirmed Forever equivalence","[""https://github.com/karl-neiswender/ForeverGoalTracker/blob/main/Library.lua""]",No item-collection prerequisite on another set piece. Auto-completed ownership overrides locks.,,,,False,raid_set_step_audit.json
set_tier2:sections[4].pieces[4],set_tier2,sections[4].pieces[4],4_4_piece,piece,True,"Bloodfang Gloves from Firemaw, Ebonroc or Flamegor.",no_lock,[],[],same class section for sets; independent collection,"high for collection independence, unconfirmed Forever equivalence","[""https://github.com/karl-neiswender/ForeverGoalTracker/blob/main/Library.lua""]",No item-collection prerequisite on another set piece. Auto-completed ownership overrides locks.,,,,False,raid_set_step_audit.json
set_tier2:sections[4].pieces[5],set_tier2,sections[4].pieces[5],4_5_piece,piece,True,Bloodfang Pants from Ragnaros.,no_lock,[],[],same class section for sets; independent collection,"high for collection independence, unconfirmed Forever equivalence","[""https://github.com/karl-neiswender/ForeverGoalTracker/blob/main/Library.lua""]",No item-collection prerequisite on another set piece. Auto-completed ownership overrides locks.,,,,False,raid_set_step_audit.json
set_tier2:sections[4].pieces[6],set_tier2,sections[4].pieces[6],4_6_piece,piece,True,Bloodfang Belt from Vaelastrasz the Corrupt.,no_lock,[],[],same class section for sets; independent collection,"high for collection independence, unconfirmed Forever equivalence","[""https://github.com/karl-neiswender/ForeverGoalTracker/blob/main/Library.lua""]",No item-collection prerequisite on another set piece. Auto-completed ownership overrides locks.,,,,False,raid_set_step_audit.json
set_tier2:sections[4].pieces[7],set_tier2,sections[4].pieces[7],4_7_piece,piece,True,Bloodfang Bracers from Razorgore the Untamed.,no_lock,[],[],same class section for sets; independent collection,"high for collection independence, unconfirmed Forever equivalence","[""https://github.com/karl-neiswender/ForeverGoalTracker/blob/main/Library.lua""]",No item-collection prerequisite on another set piece. Auto-completed ownership overrides locks.,,,,False,raid_set_step_audit.json
set_tier2:sections[4].pieces[8],set_tier2,sections[4].pieces[8],4_8_piece,piece,True,Bloodfang Boots from Broodlord Lashlayer.,no_lock,[],[],same class section for sets; independent collection,"high for collection independence, unconfirmed Forever equivalence","[""https://github.com/karl-neiswender/ForeverGoalTracker/blob/main/Library.lua""]",No item-collection prerequisite on another set piece. Auto-completed ownership overrides locks.,,,,False,raid_set_step_audit.json
set_tier2:sections[5].pieces[1],set_tier2,sections[5].pieces[1],5_1_piece,piece,True,Halo of Transcendence from Onyxia.,no_lock,[],[],same class section for sets; independent collection,"high for collection independence, unconfirmed Forever equivalence","[""https://github.com/karl-neiswender/ForeverGoalTracker/blob/main/Library.lua""]",No item-collection prerequisite on another set piece. Auto-completed ownership overrides locks.,,,,False,raid_set_step_audit.json
set_tier2:sections[5].pieces[2],set_tier2,sections[5].pieces[2],5_2_piece,piece,True,Pauldrons of Transcendence from Chromaggus.,no_lock,[],[],same class section for sets; independent collection,"high for collection independence, unconfirmed Forever equivalence","[""https://github.com/karl-neiswender/ForeverGoalTracker/blob/main/Library.lua""]",No item-collection prerequisite on another set piece. Auto-completed ownership overrides locks.,,,,False,raid_set_step_audit.json
set_tier2:sections[5].pieces[3],set_tier2,sections[5].pieces[3],5_3_piece,piece,True,Robes of Transcendence from Nefarian.,no_lock,[],[],same class section for sets; independent collection,"high for collection independence, unconfirmed Forever equivalence","[""https://github.com/karl-neiswender/ForeverGoalTracker/blob/main/Library.lua""]",No item-collection prerequisite on another set piece. Auto-completed ownership overrides locks.,,,,False,raid_set_step_audit.json
set_tier2:sections[5].pieces[4],set_tier2,sections[5].pieces[4],5_4_piece,piece,True,"Handguards of Transcendence from Firemaw, Ebonroc or Flamegor.",no_lock,[],[],same class section for sets; independent collection,"high for collection independence, unconfirmed Forever equivalence","[""https://github.com/karl-neiswender/ForeverGoalTracker/blob/main/Library.lua""]",No item-collection prerequisite on another set piece. Auto-completed ownership overrides locks.,,,,False,raid_set_step_audit.json
set_tier2:sections[5].pieces[5],set_tier2,sections[5].pieces[5],5_5_piece,piece,True,Leggings of Transcendence from Ragnaros.,no_lock,[],[],same class section for sets; independent collection,"high for collection independence, unconfirmed Forever equivalence","[""https://github.com/karl-neiswender/ForeverGoalTracker/blob/main/Library.lua""]",No item-collection prerequisite on another set piece. Auto-completed ownership overrides locks.,,,,False,raid_set_step_audit.json
set_tier2:sections[5].pieces[6],set_tier2,sections[5].pieces[6],5_6_piece,piece,True,Belt of Transcendence from Vaelastrasz the Corrupt.,no_lock,[],[],same class section for sets; independent collection,"high for collection independence, unconfirmed Forever equivalence","[""https://github.com/karl-neiswender/ForeverGoalTracker/blob/main/Library.lua""]",No item-collection prerequisite on another set piece. Auto-completed ownership overrides locks.,,,,False,raid_set_step_audit.json
set_tier2:sections[5].pieces[7],set_tier2,sections[5].pieces[7],5_7_piece,piece,True,Bindings of Transcendence from Razorgore the Untamed.,no_lock,[],[],same class section for sets; independent collection,"high for collection independence, unconfirmed Forever equivalence","[""https://github.com/karl-neiswender/ForeverGoalTracker/blob/main/Library.lua""]",No item-collection prerequisite on another set piece. Auto-completed ownership overrides locks.,,,,False,raid_set_step_audit.json
set_tier2:sections[5].pieces[8],set_tier2,sections[5].pieces[8],5_8_piece,piece,True,Boots of Transcendence from Broodlord Lashlayer.,no_lock,[],[],same class section for sets; independent collection,"high for collection independence, unconfirmed Forever equivalence","[""https://github.com/karl-neiswender/ForeverGoalTracker/blob/main/Library.lua""]",No item-collection prerequisite on another set piece. Auto-completed ownership overrides locks.,,,,False,raid_set_step_audit.json
set_tier2:sections[6].pieces[1],set_tier2,sections[6].pieces[1],6_1_piece,piece,True,Helmet of Ten Storms from Onyxia.,no_lock,[],[],same class section for sets; independent collection,"high for collection independence, unconfirmed Forever equivalence","[""https://github.com/karl-neiswender/ForeverGoalTracker/blob/main/Library.lua""]",No item-collection prerequisite on another set piece. Auto-completed ownership overrides locks.,,,,False,raid_set_step_audit.json
set_tier2:sections[6].pieces[2],set_tier2,sections[6].pieces[2],6_2_piece,piece,True,Epaulets of Ten Storms from Chromaggus.,no_lock,[],[],same class section for sets; independent collection,"high for collection independence, unconfirmed Forever equivalence","[""https://github.com/karl-neiswender/ForeverGoalTracker/blob/main/Library.lua""]",No item-collection prerequisite on another set piece. Auto-completed ownership overrides locks.,,,,False,raid_set_step_audit.json
set_tier2:sections[6].pieces[3],set_tier2,sections[6].pieces[3],6_3_piece,piece,True,Breastplate of Ten Storms from Nefarian.,no_lock,[],[],same class section for sets; independent collection,"high for collection independence, unconfirmed Forever equivalence","[""https://github.com/karl-neiswender/ForeverGoalTracker/blob/main/Library.lua""]",No item-collection prerequisite on another set piece. Auto-completed ownership overrides locks.,,,,False,raid_set_step_audit.json
set_tier2:sections[6].pieces[4],set_tier2,sections[6].pieces[4],6_4_piece,piece,True,"Gauntlets of Ten Storms from Firemaw, Ebonroc or Flamegor.",no_lock,[],[],same class section for sets; independent collection,"high for collection independence, unconfirmed Forever equivalence","[""https://github.com/karl-neiswender/ForeverGoalTracker/blob/main/Library.lua""]",No item-collection prerequisite on another set piece. Auto-completed ownership overrides locks.,,,,False,raid_set_step_audit.json
set_tier2:sections[6].pieces[5],set_tier2,sections[6].pieces[5],6_5_piece,piece,True,Legplates of Ten Storms from Ragnaros.,no_lock,[],[],same class section for sets; independent collection,"high for collection independence, unconfirmed Forever equivalence","[""https://github.com/karl-neiswender/ForeverGoalTracker/blob/main/Library.lua""]",No item-collection prerequisite on another set piece. Auto-completed ownership overrides locks.,,,,False,raid_set_step_audit.json
set_tier2:sections[6].pieces[6],set_tier2,sections[6].pieces[6],6_6_piece,piece,True,Belt of Ten Storms from Vaelastrasz the Corrupt.,no_lock,[],[],same class section for sets; independent collection,"high for collection independence, unconfirmed Forever equivalence","[""https://github.com/karl-neiswender/ForeverGoalTracker/blob/main/Library.lua""]",No item-collection prerequisite on another set piece. Auto-completed ownership overrides locks.,,,,False,raid_set_step_audit.json
set_tier2:sections[6].pieces[7],set_tier2,sections[6].pieces[7],6_7_piece,piece,True,Bracers of Ten Storms from Razorgore the Untamed.,no_lock,[],[],same class section for sets; independent collection,"high for collection independence, unconfirmed Forever equivalence","[""https://github.com/karl-neiswender/ForeverGoalTracker/blob/main/Library.lua""]",No item-collection prerequisite on another set piece. Auto-completed ownership overrides locks.,,,,False,raid_set_step_audit.json
set_tier2:sections[6].pieces[8],set_tier2,sections[6].pieces[8],6_8_piece,piece,True,Greaves of Ten Storms from Broodlord Lashlayer.,no_lock,[],[],same class section for sets; independent collection,"high for collection independence, unconfirmed Forever equivalence","[""https://github.com/karl-neiswender/ForeverGoalTracker/blob/main/Library.lua""]",No item-collection prerequisite on another set piece. Auto-completed ownership overrides locks.,,,,False,raid_set_step_audit.json
set_tier2:sections[7].pieces[1],set_tier2,sections[7].pieces[1],7_1_piece,piece,True,Netherwind Crown from Onyxia.,no_lock,[],[],same class section for sets; independent collection,"high for collection independence, unconfirmed Forever equivalence","[""https://github.com/karl-neiswender/ForeverGoalTracker/blob/main/Library.lua""]",No item-collection prerequisite on another set piece. Auto-completed ownership overrides locks.,,,,False,raid_set_step_audit.json
set_tier2:sections[7].pieces[2],set_tier2,sections[7].pieces[2],7_2_piece,piece,True,Netherwind Mantle from Chromaggus.,no_lock,[],[],same class section for sets; independent collection,"high for collection independence, unconfirmed Forever equivalence","[""https://github.com/karl-neiswender/ForeverGoalTracker/blob/main/Library.lua""]",No item-collection prerequisite on another set piece. Auto-completed ownership overrides locks.,,,,False,raid_set_step_audit.json
set_tier2:sections[7].pieces[3],set_tier2,sections[7].pieces[3],7_3_piece,piece,True,Netherwind Robes from Nefarian.,no_lock,[],[],same class section for sets; independent collection,"high for collection independence, unconfirmed Forever equivalence","[""https://github.com/karl-neiswender/ForeverGoalTracker/blob/main/Library.lua""]",No item-collection prerequisite on another set piece. Auto-completed ownership overrides locks.,,,,False,raid_set_step_audit.json
set_tier2:sections[7].pieces[4],set_tier2,sections[7].pieces[4],7_4_piece,piece,True,"Netherwind Gloves from Firemaw, Ebonroc or Flamegor.",no_lock,[],[],same class section for sets; independent collection,"high for collection independence, unconfirmed Forever equivalence","[""https://github.com/karl-neiswender/ForeverGoalTracker/blob/main/Library.lua""]",No item-collection prerequisite on another set piece. Auto-completed ownership overrides locks.,,,,False,raid_set_step_audit.json
set_tier2:sections[7].pieces[5],set_tier2,sections[7].pieces[5],7_5_piece,piece,True,Netherwind Pants from Ragnaros.,no_lock,[],[],same class section for sets; independent collection,"high for collection independence, unconfirmed Forever equivalence","[""https://github.com/karl-neiswender/ForeverGoalTracker/blob/main/Library.lua""]",No item-collection prerequisite on another set piece. Auto-completed ownership overrides locks.,,,,False,raid_set_step_audit.json
set_tier2:sections[7].pieces[6],set_tier2,sections[7].pieces[6],7_6_piece,piece,True,Netherwind Belt from Vaelastrasz the Corrupt.,no_lock,[],[],same class section for sets; independent collection,"high for collection independence, unconfirmed Forever equivalence","[""https://github.com/karl-neiswender/ForeverGoalTracker/blob/main/Library.lua""]",No item-collection prerequisite on another set piece. Auto-completed ownership overrides locks.,,,,False,raid_set_step_audit.json
set_tier2:sections[7].pieces[7],set_tier2,sections[7].pieces[7],7_7_piece,piece,True,Netherwind Bindings from Razorgore the Untamed.,no_lock,[],[],same class section for sets; independent collection,"high for collection independence, unconfirmed Forever equivalence","[""https://github.com/karl-neiswender/ForeverGoalTracker/blob/main/Library.lua""]",No item-collection prerequisite on another set piece. Auto-completed ownership overrides locks.,,,,False,raid_set_step_audit.json
set_tier2:sections[7].pieces[8],set_tier2,sections[7].pieces[8],7_8_piece,piece,True,Netherwind Boots from Broodlord Lashlayer.,no_lock,[],[],same class section for sets; independent collection,"high for collection independence, unconfirmed Forever equivalence","[""https://github.com/karl-neiswender/ForeverGoalTracker/blob/main/Library.lua""]",No item-collection prerequisite on another set piece. Auto-completed ownership overrides locks.,,,,False,raid_set_step_audit.json
set_tier2:sections[8].pieces[1],set_tier2,sections[8].pieces[1],8_1_piece,piece,True,Nemesis Skullcap from Onyxia.,no_lock,[],[],same class section for sets; independent collection,"high for collection independence, unconfirmed Forever equivalence","[""https://github.com/karl-neiswender/ForeverGoalTracker/blob/main/Library.lua""]",No item-collection prerequisite on another set piece. Auto-completed ownership overrides locks.,,,,False,raid_set_step_audit.json
set_tier2:sections[8].pieces[2],set_tier2,sections[8].pieces[2],8_2_piece,piece,True,Nemesis Spaulders from Chromaggus.,no_lock,[],[],same class section for sets; independent collection,"high for collection independence, unconfirmed Forever equivalence","[""https://github.com/karl-neiswender/ForeverGoalTracker/blob/main/Library.lua""]",No item-collection prerequisite on another set piece. Auto-completed ownership overrides locks.,,,,False,raid_set_step_audit.json
set_tier2:sections[8].pieces[3],set_tier2,sections[8].pieces[3],8_3_piece,piece,True,Nemesis Robes from Nefarian.,no_lock,[],[],same class section for sets; independent collection,"high for collection independence, unconfirmed Forever equivalence","[""https://github.com/karl-neiswender/ForeverGoalTracker/blob/main/Library.lua""]",No item-collection prerequisite on another set piece. Auto-completed ownership overrides locks.,,,,False,raid_set_step_audit.json
set_tier2:sections[8].pieces[4],set_tier2,sections[8].pieces[4],8_4_piece,piece,True,"Nemesis Gloves from Firemaw, Ebonroc or Flamegor.",no_lock,[],[],same class section for sets; independent collection,"high for collection independence, unconfirmed Forever equivalence","[""https://github.com/karl-neiswender/ForeverGoalTracker/blob/main/Library.lua""]",No item-collection prerequisite on another set piece. Auto-completed ownership overrides locks.,,,,False,raid_set_step_audit.json
set_tier2:sections[8].pieces[5],set_tier2,sections[8].pieces[5],8_5_piece,piece,True,Nemesis Leggings from Ragnaros.,no_lock,[],[],same class section for sets; independent collection,"high for collection independence, unconfirmed Forever equivalence","[""https://github.com/karl-neiswender/ForeverGoalTracker/blob/main/Library.lua""]",No item-collection prerequisite on another set piece. Auto-completed ownership overrides locks.,,,,False,raid_set_step_audit.json
set_tier2:sections[8].pieces[6],set_tier2,sections[8].pieces[6],8_6_piece,piece,True,Nemesis Belt from Vaelastrasz the Corrupt.,no_lock,[],[],same class section for sets; independent collection,"high for collection independence, unconfirmed Forever equivalence","[""https://github.com/karl-neiswender/ForeverGoalTracker/blob/main/Library.lua""]",No item-collection prerequisite on another set piece. Auto-completed ownership overrides locks.,,,,False,raid_set_step_audit.json
set_tier2:sections[8].pieces[7],set_tier2,sections[8].pieces[7],8_7_piece,piece,True,Nemesis Bracers from Razorgore the Untamed.,no_lock,[],[],same class section for sets; independent collection,"high for collection independence, unconfirmed Forever equivalence","[""https://github.com/karl-neiswender/ForeverGoalTracker/blob/main/Library.lua""]",No item-collection prerequisite on another set piece. Auto-completed ownership overrides locks.,,,,False,raid_set_step_audit.json
set_tier2:sections[8].pieces[8],set_tier2,sections[8].pieces[8],8_8_piece,piece,True,Nemesis Boots from Broodlord Lashlayer.,no_lock,[],[],same class section for sets; independent collection,"high for collection independence, unconfirmed Forever equivalence","[""https://github.com/karl-neiswender/ForeverGoalTracker/blob/main/Library.lua""]",No item-collection prerequisite on another set piece. Auto-completed ownership overrides locks.,,,,False,raid_set_step_audit.json
set_tier2:sections[9].pieces[1],set_tier2,sections[9].pieces[1],9_1_piece,piece,True,Stormrage Cover from Onyxia.,no_lock,[],[],same class section for sets; independent collection,"high for collection independence, unconfirmed Forever equivalence","[""https://github.com/karl-neiswender/ForeverGoalTracker/blob/main/Library.lua""]",No item-collection prerequisite on another set piece. Auto-completed ownership overrides locks.,,,,False,raid_set_step_audit.json
set_tier2:sections[9].pieces[2],set_tier2,sections[9].pieces[2],9_2_piece,piece,True,Stormrage Pauldrons from Chromaggus.,no_lock,[],[],same class section for sets; independent collection,"high for collection independence, unconfirmed Forever equivalence","[""https://github.com/karl-neiswender/ForeverGoalTracker/blob/main/Library.lua""]",No item-collection prerequisite on another set piece. Auto-completed ownership overrides locks.,,,,False,raid_set_step_audit.json
set_tier2:sections[9].pieces[3],set_tier2,sections[9].pieces[3],9_3_piece,piece,True,Stormrage Chestguard from Nefarian.,no_lock,[],[],same class section for sets; independent collection,"high for collection independence, unconfirmed Forever equivalence","[""https://github.com/karl-neiswender/ForeverGoalTracker/blob/main/Library.lua""]",No item-collection prerequisite on another set piece. Auto-completed ownership overrides locks.,,,,False,raid_set_step_audit.json
set_tier2:sections[9].pieces[4],set_tier2,sections[9].pieces[4],9_4_piece,piece,True,"Stormrage Handguards from Firemaw, Ebonroc or Flamegor.",no_lock,[],[],same class section for sets; independent collection,"high for collection independence, unconfirmed Forever equivalence","[""https://github.com/karl-neiswender/ForeverGoalTracker/blob/main/Library.lua""]",No item-collection prerequisite on another set piece. Auto-completed ownership overrides locks.,,,,False,raid_set_step_audit.json
set_tier2:sections[9].pieces[5],set_tier2,sections[9].pieces[5],9_5_piece,piece,True,Stormrage Legguards from Ragnaros.,no_lock,[],[],same class section for sets; independent collection,"high for collection independence, unconfirmed Forever equivalence","[""https://github.com/karl-neiswender/ForeverGoalTracker/blob/main/Library.lua""]",No item-collection prerequisite on another set piece. Auto-completed ownership overrides locks.,,,,False,raid_set_step_audit.json
set_tier2:sections[9].pieces[6],set_tier2,sections[9].pieces[6],9_6_piece,piece,True,Stormrage Belt from Vaelastrasz the Corrupt.,no_lock,[],[],same class section for sets; independent collection,"high for collection independence, unconfirmed Forever equivalence","[""https://github.com/karl-neiswender/ForeverGoalTracker/blob/main/Library.lua""]",No item-collection prerequisite on another set piece. Auto-completed ownership overrides locks.,,,,False,raid_set_step_audit.json
set_tier2:sections[9].pieces[7],set_tier2,sections[9].pieces[7],9_7_piece,piece,True,Stormrage Bracers from Razorgore the Untamed.,no_lock,[],[],same class section for sets; independent collection,"high for collection independence, unconfirmed Forever equivalence","[""https://github.com/karl-neiswender/ForeverGoalTracker/blob/main/Library.lua""]",No item-collection prerequisite on another set piece. Auto-completed ownership overrides locks.,,,,False,raid_set_step_audit.json
set_tier2:sections[9].pieces[8],set_tier2,sections[9].pieces[8],9_8_piece,piece,True,Stormrage Boots from Broodlord Lashlayer.,no_lock,[],[],same class section for sets; independent collection,"high for collection independence, unconfirmed Forever equivalence","[""https://github.com/karl-neiswender/ForeverGoalTracker/blob/main/Library.lua""]",No item-collection prerequisite on another set piece. Auto-completed ownership overrides locks.,,,,False,raid_set_step_audit.json
set_dungeon1:sections[1].pieces[1],set_dungeon1,sections[1].pieces[1],1_1_piece,piece,True,Helm of Valor from Darkmaster Gandling (Scholomance).,no_lock,[],[],same class section for sets; independent collection,"high for collection independence, unconfirmed Forever equivalence","[""https://www.wowhead.com/classic/guide/dungeon-sets-1-2-quests-wow-classic""]",No item-collection prerequisite on another set piece. Auto-completed ownership overrides locks.,,,,False,raid_set_step_audit.json
set_dungeon1:sections[1].pieces[2],set_dungeon1,sections[1].pieces[2],1_2_piece,piece,True,Spaulders of Valor from Warchief Rend Blackhand (Upper Blackrock Spire).,no_lock,[],[],same class section for sets; independent collection,"high for collection independence, unconfirmed Forever equivalence","[""https://www.wowhead.com/classic/guide/dungeon-sets-1-2-quests-wow-classic""]",No item-collection prerequisite on another set piece. Auto-completed ownership overrides locks.,,,,False,raid_set_step_audit.json
set_dungeon1:sections[1].pieces[3],set_dungeon1,sections[1].pieces[3],1_3_piece,piece,True,Breastplate of Valor from General Drakkisath (Upper Blackrock Spire).,no_lock,[],[],same class section for sets; independent collection,"high for collection independence, unconfirmed Forever equivalence","[""https://www.wowhead.com/classic/guide/dungeon-sets-1-2-quests-wow-classic""]",No item-collection prerequisite on another set piece. Auto-completed ownership overrides locks.,,,,False,raid_set_step_audit.json
set_dungeon1:sections[1].pieces[4],set_dungeon1,sections[1].pieces[4],1_4_piece,piece,True,Gauntlets of Valor from Ramstein the Gorger (Stratholme).,no_lock,[],[],same class section for sets; independent collection,"high for collection independence, unconfirmed Forever equivalence","[""https://www.wowhead.com/classic/guide/dungeon-sets-1-2-quests-wow-classic""]",No item-collection prerequisite on another set piece. Auto-completed ownership overrides locks.,,,,False,raid_set_step_audit.json
set_dungeon1:sections[1].pieces[5],set_dungeon1,sections[1].pieces[5],1_5_piece,piece,True,Legplates of Valor from Baron Rivendare (Stratholme).,no_lock,[],[],same class section for sets; independent collection,"high for collection independence, unconfirmed Forever equivalence","[""https://www.wowhead.com/classic/guide/dungeon-sets-1-2-quests-wow-classic""]",No item-collection prerequisite on another set piece. Auto-completed ownership overrides locks.,,,,False,raid_set_step_audit.json
set_dungeon1:sections[1].pieces[6],set_dungeon1,sections[1].pieces[6],1_6_piece,piece,True,"Belt of Valor from random dungeon trash (Stratholme, Scholomance, Blackrock Spire).",no_lock,[],[],same class section for sets; independent collection,"high for collection independence, unconfirmed Forever equivalence","[""https://www.wowhead.com/classic/guide/dungeon-sets-1-2-quests-wow-classic""]",No item-collection prerequisite on another set piece. Auto-completed ownership overrides locks.,,,,False,raid_set_step_audit.json
set_dungeon1:sections[1].pieces[7],set_dungeon1,sections[1].pieces[7],1_7_piece,piece,True,"Bracers of Valor from random dungeon trash (Stratholme, Scholomance, Blackrock Spire).",no_lock,[],[],same class section for sets; independent collection,"high for collection independence, unconfirmed Forever equivalence","[""https://www.wowhead.com/classic/guide/dungeon-sets-1-2-quests-wow-classic""]",No item-collection prerequisite on another set piece. Auto-completed ownership overrides locks.,,,,False,raid_set_step_audit.json
set_dungeon1:sections[1].pieces[8],set_dungeon1,sections[1].pieces[8],1_8_piece,piece,True,Boots of Valor from Kirtonos the Herald (Scholomance).,no_lock,[],[],same class section for sets; independent collection,"high for collection independence, unconfirmed Forever equivalence","[""https://www.wowhead.com/classic/guide/dungeon-sets-1-2-quests-wow-classic""]",No item-collection prerequisite on another set piece. Auto-completed ownership overrides locks.,,,,False,raid_set_step_audit.json
set_dungeon1:sections[2].pieces[1],set_dungeon1,sections[2].pieces[1],2_1_piece,piece,True,Lightforge Helm from Darkmaster Gandling (Scholomance).,no_lock,[],[],same class section for sets; independent collection,"high for collection independence, unconfirmed Forever equivalence","[""https://www.wowhead.com/classic/guide/dungeon-sets-1-2-quests-wow-classic""]",No item-collection prerequisite on another set piece. Auto-completed ownership overrides locks.,,,,False,raid_set_step_audit.json
set_dungeon1:sections[2].pieces[2],set_dungeon1,sections[2].pieces[2],2_2_piece,piece,True,Lightforge Spaulders from The Beast (Upper Blackrock Spire).,no_lock,[],[],same class section for sets; independent collection,"high for collection independence, unconfirmed Forever equivalence","[""https://www.wowhead.com/classic/guide/dungeon-sets-1-2-quests-wow-classic""]",No item-collection prerequisite on another set piece. Auto-completed ownership overrides locks.,,,,False,raid_set_step_audit.json
set_dungeon1:sections[2].pieces[3],set_dungeon1,sections[2].pieces[3],2_3_piece,piece,True,Lightforge Breastplate from General Drakkisath (Upper Blackrock Spire).,no_lock,[],[],same class section for sets; independent collection,"high for collection independence, unconfirmed Forever equivalence","[""https://www.wowhead.com/classic/guide/dungeon-sets-1-2-quests-wow-classic""]",No item-collection prerequisite on another set piece. Auto-completed ownership overrides locks.,,,,False,raid_set_step_audit.json
set_dungeon1:sections[2].pieces[4],set_dungeon1,sections[2].pieces[4],2_4_piece,piece,True,Lightforge Gauntlets from Timmy the Cruel (Stratholme).,no_lock,[],[],same class section for sets; independent collection,"high for collection independence, unconfirmed Forever equivalence","[""https://www.wowhead.com/classic/guide/dungeon-sets-1-2-quests-wow-classic""]",No item-collection prerequisite on another set piece. Auto-completed ownership overrides locks.,,,,False,raid_set_step_audit.json
set_dungeon1:sections[2].pieces[5],set_dungeon1,sections[2].pieces[5],2_5_piece,piece,True,Lightforge Legplates from Baron Rivendare (Stratholme).,no_lock,[],[],same class section for sets; independent collection,"high for collection independence, unconfirmed Forever equivalence","[""https://www.wowhead.com/classic/guide/dungeon-sets-1-2-quests-wow-classic""]",No item-collection prerequisite on another set piece. Auto-completed ownership overrides locks.,,,,False,raid_set_step_audit.json
set_dungeon1:sections[2].pieces[6],set_dungeon1,sections[2].pieces[6],2_6_piece,piece,True,"Lightforge Belt from random dungeon trash (Stratholme, Scholomance, Blackrock Spire).",no_lock,[],[],same class section for sets; independent collection,"high for collection independence, unconfirmed Forever equivalence","[""https://www.wowhead.com/classic/guide/dungeon-sets-1-2-quests-wow-classic""]",No item-collection prerequisite on another set piece. Auto-completed ownership overrides locks.,,,,False,raid_set_step_audit.json
set_dungeon1:sections[2].pieces[7],set_dungeon1,sections[2].pieces[7],2_7_piece,piece,True,Lightforge Bracers from Lord Alexei Barov or trash in Scholomance.,no_lock,[],[],same class section for sets; independent collection,"high for collection independence, unconfirmed Forever equivalence","[""https://www.wowhead.com/classic/guide/dungeon-sets-1-2-quests-wow-classic""]",No item-collection prerequisite on another set piece. Auto-completed ownership overrides locks.,,,,False,raid_set_step_audit.json
set_dungeon1:sections[2].pieces[8],set_dungeon1,sections[2].pieces[8],2_8_piece,piece,True,Lightforge Boots from Grand Crusader Dathrohan (Stratholme).,no_lock,[],[],same class section for sets; independent collection,"high for collection independence, unconfirmed Forever equivalence","[""https://www.wowhead.com/classic/guide/dungeon-sets-1-2-quests-wow-classic""]",No item-collection prerequisite on another set piece. Auto-completed ownership overrides locks.,,,,False,raid_set_step_audit.json
set_dungeon1:sections[3].pieces[1],set_dungeon1,sections[3].pieces[1],3_1_piece,piece,True,Beaststalker's Cap from Darkmaster Gandling (Scholomance).,no_lock,[],[],same class section for sets; independent collection,"high for collection independence, unconfirmed Forever equivalence","[""https://www.wowhead.com/classic/guide/dungeon-sets-1-2-quests-wow-classic""]",No item-collection prerequisite on another set piece. Auto-completed ownership overrides locks.,,,,False,raid_set_step_audit.json
set_dungeon1:sections[3].pieces[2],set_dungeon1,sections[3].pieces[2],3_2_piece,piece,True,Beaststalker's Mantle from Overlord Wyrmthalak (Lower Blackrock Spire).,no_lock,[],[],same class section for sets; independent collection,"high for collection independence, unconfirmed Forever equivalence","[""https://www.wowhead.com/classic/guide/dungeon-sets-1-2-quests-wow-classic""]",No item-collection prerequisite on another set piece. Auto-completed ownership overrides locks.,,,,False,raid_set_step_audit.json
set_dungeon1:sections[3].pieces[3],set_dungeon1,sections[3].pieces[3],3_3_piece,piece,True,Beaststalker's Tunic from General Drakkisath (Upper Blackrock Spire).,no_lock,[],[],same class section for sets; independent collection,"high for collection independence, unconfirmed Forever equivalence","[""https://www.wowhead.com/classic/guide/dungeon-sets-1-2-quests-wow-classic""]",No item-collection prerequisite on another set piece. Auto-completed ownership overrides locks.,,,,False,raid_set_step_audit.json
set_dungeon1:sections[3].pieces[4],set_dungeon1,sections[3].pieces[4],3_4_piece,piece,True,Beaststalker's Gloves from War Master Voone (Lower Blackrock Spire).,no_lock,[],[],same class section for sets; independent collection,"high for collection independence, unconfirmed Forever equivalence","[""https://www.wowhead.com/classic/guide/dungeon-sets-1-2-quests-wow-classic""]",No item-collection prerequisite on another set piece. Auto-completed ownership overrides locks.,,,,False,raid_set_step_audit.json
set_dungeon1:sections[3].pieces[5],set_dungeon1,sections[3].pieces[5],3_5_piece,piece,True,Beaststalker's Pants from Baron Rivendare (Stratholme).,no_lock,[],[],same class section for sets; independent collection,"high for collection independence, unconfirmed Forever equivalence","[""https://www.wowhead.com/classic/guide/dungeon-sets-1-2-quests-wow-classic""]",No item-collection prerequisite on another set piece. Auto-completed ownership overrides locks.,,,,False,raid_set_step_audit.json
set_dungeon1:sections[3].pieces[6],set_dungeon1,sections[3].pieces[6],3_6_piece,piece,True,"Beaststalker's Belt from random dungeon trash (Stratholme, Scholomance, Blackrock Spire).",no_lock,[],[],same class section for sets; independent collection,"high for collection independence, unconfirmed Forever equivalence","[""https://www.wowhead.com/classic/guide/dungeon-sets-1-2-quests-wow-classic""]",No item-collection prerequisite on another set piece. Auto-completed ownership overrides locks.,,,,False,raid_set_step_audit.json
set_dungeon1:sections[3].pieces[7],set_dungeon1,sections[3].pieces[7],3_7_piece,piece,True,"Beaststalker's Bindings from random dungeon trash (Stratholme, Scholomance, Blackrock Spire).",no_lock,[],[],same class section for sets; independent collection,"high for collection independence, unconfirmed Forever equivalence","[""https://www.wowhead.com/classic/guide/dungeon-sets-1-2-quests-wow-classic""]",No item-collection prerequisite on another set piece. Auto-completed ownership overrides locks.,,,,False,raid_set_step_audit.json
set_dungeon1:sections[3].pieces[8],set_dungeon1,sections[3].pieces[8],3_8_piece,piece,True,Beaststalker's Boots from Nerub'enkan (Stratholme).,no_lock,[],[],same class section for sets; independent collection,"high for collection independence, unconfirmed Forever equivalence","[""https://www.wowhead.com/classic/guide/dungeon-sets-1-2-quests-wow-classic""]",No item-collection prerequisite on another set piece. Auto-completed ownership overrides locks.,,,,False,raid_set_step_audit.json
set_dungeon1:sections[4].pieces[1],set_dungeon1,sections[4].pieces[1],4_1_piece,piece,True,Shadowcraft Cap from Darkmaster Gandling (Scholomance).,no_lock,[],[],same class section for sets; independent collection,"high for collection independence, unconfirmed Forever equivalence","[""https://www.wowhead.com/classic/guide/dungeon-sets-1-2-quests-wow-classic""]",No item-collection prerequisite on another set piece. Auto-completed ownership overrides locks.,,,,False,raid_set_step_audit.json
set_dungeon1:sections[4].pieces[2],set_dungeon1,sections[4].pieces[2],4_2_piece,piece,True,Shadowcraft Spaulders from Cannon Master Willey (Stratholme).,no_lock,[],[],same class section for sets; independent collection,"high for collection independence, unconfirmed Forever equivalence","[""https://www.wowhead.com/classic/guide/dungeon-sets-1-2-quests-wow-classic""]",No item-collection prerequisite on another set piece. Auto-completed ownership overrides locks.,,,,False,raid_set_step_audit.json
set_dungeon1:sections[4].pieces[3],set_dungeon1,sections[4].pieces[3],4_3_piece,piece,True,Shadowcraft Tunic from General Drakkisath (Upper Blackrock Spire).,no_lock,[],[],same class section for sets; independent collection,"high for collection independence, unconfirmed Forever equivalence","[""https://www.wowhead.com/classic/guide/dungeon-sets-1-2-quests-wow-classic""]",No item-collection prerequisite on another set piece. Auto-completed ownership overrides locks.,,,,False,raid_set_step_audit.json
set_dungeon1:sections[4].pieces[4],set_dungeon1,sections[4].pieces[4],4_4_piece,piece,True,Shadowcraft Gloves from Shadow Hunter Vosh'gajin (Lower Blackrock Spire).,no_lock,[],[],same class section for sets; independent collection,"high for collection independence, unconfirmed Forever equivalence","[""https://www.wowhead.com/classic/guide/dungeon-sets-1-2-quests-wow-classic""]",No item-collection prerequisite on another set piece. Auto-completed ownership overrides locks.,,,,False,raid_set_step_audit.json
set_dungeon1:sections[4].pieces[5],set_dungeon1,sections[4].pieces[5],4_5_piece,piece,True,Shadowcraft Pants from Baron Rivendare (Stratholme).,no_lock,[],[],same class section for sets; independent collection,"high for collection independence, unconfirmed Forever equivalence","[""https://www.wowhead.com/classic/guide/dungeon-sets-1-2-quests-wow-classic""]",No item-collection prerequisite on another set piece. Auto-completed ownership overrides locks.,,,,False,raid_set_step_audit.json
set_dungeon1:sections[4].pieces[6],set_dungeon1,sections[4].pieces[6],4_6_piece,piece,True,"Shadowcraft Belt from random dungeon trash (Stratholme, Scholomance, Blackrock Spire).",no_lock,[],[],same class section for sets; independent collection,"high for collection independence, unconfirmed Forever equivalence","[""https://www.wowhead.com/classic/guide/dungeon-sets-1-2-quests-wow-classic""]",No item-collection prerequisite on another set piece. Auto-completed ownership overrides locks.,,,,False,raid_set_step_audit.json
set_dungeon1:sections[4].pieces[7],set_dungeon1,sections[4].pieces[7],4_7_piece,piece,True,"Shadowcraft Bracers from random dungeon trash (Stratholme, Scholomance, Blackrock Spire).",no_lock,[],[],same class section for sets; independent collection,"high for collection independence, unconfirmed Forever equivalence","[""https://www.wowhead.com/classic/guide/dungeon-sets-1-2-quests-wow-classic""]",No item-collection prerequisite on another set piece. Auto-completed ownership overrides locks.,,,,False,raid_set_step_audit.json
set_dungeon1:sections[4].pieces[8],set_dungeon1,sections[4].pieces[8],4_8_piece,piece,True,Shadowcraft Boots from Rattlegore (Scholomance).,no_lock,[],[],same class section for sets; independent collection,"high for collection independence, unconfirmed Forever equivalence","[""https://www.wowhead.com/classic/guide/dungeon-sets-1-2-quests-wow-classic""]",No item-collection prerequisite on another set piece. Auto-completed ownership overrides locks.,,,,False,raid_set_step_audit.json
set_dungeon1:sections[5].pieces[1],set_dungeon1,sections[5].pieces[1],5_1_piece,piece,True,Devout Crown from Darkmaster Gandling (Scholomance).,no_lock,[],[],same class section for sets; independent collection,"high for collection independence, unconfirmed Forever equivalence","[""https://www.wowhead.com/classic/guide/dungeon-sets-1-2-quests-wow-classic""]",No item-collection prerequisite on another set piece. Auto-completed ownership overrides locks.,,,,False,raid_set_step_audit.json
set_dungeon1:sections[5].pieces[2],set_dungeon1,sections[5].pieces[2],5_2_piece,piece,True,Devout Mantle from Solakar Flamewreath (Upper Blackrock Spire).,no_lock,[],[],same class section for sets; independent collection,"high for collection independence, unconfirmed Forever equivalence","[""https://www.wowhead.com/classic/guide/dungeon-sets-1-2-quests-wow-classic""]",No item-collection prerequisite on another set piece. Auto-completed ownership overrides locks.,,,,False,raid_set_step_audit.json
set_dungeon1:sections[5].pieces[3],set_dungeon1,sections[5].pieces[3],5_3_piece,piece,True,Devout Robe from General Drakkisath (Upper Blackrock Spire).,no_lock,[],[],same class section for sets; independent collection,"high for collection independence, unconfirmed Forever equivalence","[""https://www.wowhead.com/classic/guide/dungeon-sets-1-2-quests-wow-classic""]",No item-collection prerequisite on another set piece. Auto-completed ownership overrides locks.,,,,False,raid_set_step_audit.json
set_dungeon1:sections[5].pieces[4],set_dungeon1,sections[5].pieces[4],5_4_piece,piece,True,Devout Gloves from Archivist Galford (Stratholme).,no_lock,[],[],same class section for sets; independent collection,"high for collection independence, unconfirmed Forever equivalence","[""https://www.wowhead.com/classic/guide/dungeon-sets-1-2-quests-wow-classic""]",No item-collection prerequisite on another set piece. Auto-completed ownership overrides locks.,,,,False,raid_set_step_audit.json
set_dungeon1:sections[5].pieces[5],set_dungeon1,sections[5].pieces[5],5_5_piece,piece,True,Devout Skirt from Baron Rivendare (Stratholme).,no_lock,[],[],same class section for sets; independent collection,"high for collection independence, unconfirmed Forever equivalence","[""https://www.wowhead.com/classic/guide/dungeon-sets-1-2-quests-wow-classic""]",No item-collection prerequisite on another set piece. Auto-completed ownership overrides locks.,,,,False,raid_set_step_audit.json
set_dungeon1:sections[5].pieces[6],set_dungeon1,sections[5].pieces[6],5_6_piece,piece,True,"Devout Belt from random dungeon trash (Stratholme, Scholomance, Blackrock Spire).",no_lock,[],[],same class section for sets; independent collection,"high for collection independence, unconfirmed Forever equivalence","[""https://www.wowhead.com/classic/guide/dungeon-sets-1-2-quests-wow-classic""]",No item-collection prerequisite on another set piece. Auto-completed ownership overrides locks.,,,,False,raid_set_step_audit.json
set_dungeon1:sections[5].pieces[7],set_dungeon1,sections[5].pieces[7],5_7_piece,piece,True,"Devout Bracers from random dungeon trash (Stratholme, Scholomance, Blackrock Spire).",no_lock,[],[],same class section for sets; independent collection,"high for collection independence, unconfirmed Forever equivalence","[""https://www.wowhead.com/classic/guide/dungeon-sets-1-2-quests-wow-classic""]",No item-collection prerequisite on another set piece. Auto-completed ownership overrides locks.,,,,False,raid_set_step_audit.json
set_dungeon1:sections[5].pieces[8],set_dungeon1,sections[5].pieces[8],5_8_piece,piece,True,Devout Sandals from Maleki the Pallid (Stratholme).,no_lock,[],[],same class section for sets; independent collection,"high for collection independence, unconfirmed Forever equivalence","[""https://www.wowhead.com/classic/guide/dungeon-sets-1-2-quests-wow-classic""]",No item-collection prerequisite on another set piece. Auto-completed ownership overrides locks.,,,,False,raid_set_step_audit.json
set_dungeon1:sections[6].pieces[1],set_dungeon1,sections[6].pieces[1],6_1_piece,piece,True,Coif of Elements from Darkmaster Gandling (Scholomance).,no_lock,[],[],same class section for sets; independent collection,"high for collection independence, unconfirmed Forever equivalence","[""https://www.wowhead.com/classic/guide/dungeon-sets-1-2-quests-wow-classic""]",No item-collection prerequisite on another set piece. Auto-completed ownership overrides locks.,,,,False,raid_set_step_audit.json
set_dungeon1:sections[6].pieces[2],set_dungeon1,sections[6].pieces[2],6_2_piece,piece,True,Pauldrons of Elements from Gyth (Upper Blackrock Spire).,no_lock,[],[],same class section for sets; independent collection,"high for collection independence, unconfirmed Forever equivalence","[""https://www.wowhead.com/classic/guide/dungeon-sets-1-2-quests-wow-classic""]",No item-collection prerequisite on another set piece. Auto-completed ownership overrides locks.,,,,False,raid_set_step_audit.json
set_dungeon1:sections[6].pieces[3],set_dungeon1,sections[6].pieces[3],6_3_piece,piece,True,Vest of Elements from General Drakkisath (Upper Blackrock Spire).,no_lock,[],[],same class section for sets; independent collection,"high for collection independence, unconfirmed Forever equivalence","[""https://www.wowhead.com/classic/guide/dungeon-sets-1-2-quests-wow-classic""]",No item-collection prerequisite on another set piece. Auto-completed ownership overrides locks.,,,,False,raid_set_step_audit.json
set_dungeon1:sections[6].pieces[4],set_dungeon1,sections[6].pieces[4],6_4_piece,piece,True,Gauntlets of Elements from Pyroguard Emberseer (Upper Blackrock Spire).,no_lock,[],[],same class section for sets; independent collection,"high for collection independence, unconfirmed Forever equivalence","[""https://www.wowhead.com/classic/guide/dungeon-sets-1-2-quests-wow-classic""]",No item-collection prerequisite on another set piece. Auto-completed ownership overrides locks.,,,,False,raid_set_step_audit.json
set_dungeon1:sections[6].pieces[5],set_dungeon1,sections[6].pieces[5],6_5_piece,piece,True,Kilt of Elements from Baron Rivendare (Stratholme).,no_lock,[],[],same class section for sets; independent collection,"high for collection independence, unconfirmed Forever equivalence","[""https://www.wowhead.com/classic/guide/dungeon-sets-1-2-quests-wow-classic""]",No item-collection prerequisite on another set piece. Auto-completed ownership overrides locks.,,,,False,raid_set_step_audit.json
set_dungeon1:sections[6].pieces[6],set_dungeon1,sections[6].pieces[6],6_6_piece,piece,True,"Cord of Elements from random dungeon trash (Stratholme, Scholomance, Blackrock Spire).",no_lock,[],[],same class section for sets; independent collection,"high for collection independence, unconfirmed Forever equivalence","[""https://www.wowhead.com/classic/guide/dungeon-sets-1-2-quests-wow-classic""]",No item-collection prerequisite on another set piece. Auto-completed ownership overrides locks.,,,,False,raid_set_step_audit.json
set_dungeon1:sections[6].pieces[7],set_dungeon1,sections[6].pieces[7],6_7_piece,piece,True,"Bindings of Elements from random dungeon trash (Stratholme, Scholomance, Blackrock Spire).",no_lock,[],[],same class section for sets; independent collection,"high for collection independence, unconfirmed Forever equivalence","[""https://www.wowhead.com/classic/guide/dungeon-sets-1-2-quests-wow-classic""]",No item-collection prerequisite on another set piece. Auto-completed ownership overrides locks.,,,,False,raid_set_step_audit.json
set_dungeon1:sections[6].pieces[8],set_dungeon1,sections[6].pieces[8],6_8_piece,piece,True,Boots of Elements from Highlord Omokk (Lower Blackrock Spire).,no_lock,[],[],same class section for sets; independent collection,"high for collection independence, unconfirmed Forever equivalence","[""https://www.wowhead.com/classic/guide/dungeon-sets-1-2-quests-wow-classic""]",No item-collection prerequisite on another set piece. Auto-completed ownership overrides locks.,,,,False,raid_set_step_audit.json
set_dungeon1:sections[7].pieces[1],set_dungeon1,sections[7].pieces[1],7_1_piece,piece,True,Magister's Crown from Darkmaster Gandling (Scholomance).,no_lock,[],[],same class section for sets; independent collection,"high for collection independence, unconfirmed Forever equivalence","[""https://www.wowhead.com/classic/guide/dungeon-sets-1-2-quests-wow-classic""]",No item-collection prerequisite on another set piece. Auto-completed ownership overrides locks.,,,,False,raid_set_step_audit.json
set_dungeon1:sections[7].pieces[2],set_dungeon1,sections[7].pieces[2],7_2_piece,piece,True,Magister's Mantle from Ras Frostwhisper (Scholomance).,no_lock,[],[],same class section for sets; independent collection,"high for collection independence, unconfirmed Forever equivalence","[""https://www.wowhead.com/classic/guide/dungeon-sets-1-2-quests-wow-classic""]",No item-collection prerequisite on another set piece. Auto-completed ownership overrides locks.,,,,False,raid_set_step_audit.json
set_dungeon1:sections[7].pieces[3],set_dungeon1,sections[7].pieces[3],7_3_piece,piece,True,Magister's Robes from General Drakkisath (Upper Blackrock Spire).,no_lock,[],[],same class section for sets; independent collection,"high for collection independence, unconfirmed Forever equivalence","[""https://www.wowhead.com/classic/guide/dungeon-sets-1-2-quests-wow-classic""]",No item-collection prerequisite on another set piece. Auto-completed ownership overrides locks.,,,,False,raid_set_step_audit.json
set_dungeon1:sections[7].pieces[4],set_dungeon1,sections[7].pieces[4],7_4_piece,piece,True,Magister's Gloves from Doctor Theolen Krastinov (Scholomance).,no_lock,[],[],same class section for sets; independent collection,"high for collection independence, unconfirmed Forever equivalence","[""https://www.wowhead.com/classic/guide/dungeon-sets-1-2-quests-wow-classic""]",No item-collection prerequisite on another set piece. Auto-completed ownership overrides locks.,,,,False,raid_set_step_audit.json
set_dungeon1:sections[7].pieces[5],set_dungeon1,sections[7].pieces[5],7_5_piece,piece,True,Magister's Leggings from Baron Rivendare (Stratholme).,no_lock,[],[],same class section for sets; independent collection,"high for collection independence, unconfirmed Forever equivalence","[""https://www.wowhead.com/classic/guide/dungeon-sets-1-2-quests-wow-classic""]",No item-collection prerequisite on another set piece. Auto-completed ownership overrides locks.,,,,False,raid_set_step_audit.json
set_dungeon1:sections[7].pieces[6],set_dungeon1,sections[7].pieces[6],7_6_piece,piece,True,"Magister's Belt from random dungeon trash (Stratholme, Scholomance, Blackrock Spire).",no_lock,[],[],same class section for sets; independent collection,"high for collection independence, unconfirmed Forever equivalence","[""https://www.wowhead.com/classic/guide/dungeon-sets-1-2-quests-wow-classic""]",No item-collection prerequisite on another set piece. Auto-completed ownership overrides locks.,,,,False,raid_set_step_audit.json
set_dungeon1:sections[7].pieces[7],set_dungeon1,sections[7].pieces[7],7_7_piece,piece,True,"Magister's Bindings from random dungeon trash (Stratholme, Scholomance, Blackrock Spire).",no_lock,[],[],same class section for sets; independent collection,"high for collection independence, unconfirmed Forever equivalence","[""https://www.wowhead.com/classic/guide/dungeon-sets-1-2-quests-wow-classic""]",No item-collection prerequisite on another set piece. Auto-completed ownership overrides locks.,,,,False,raid_set_step_audit.json
set_dungeon1:sections[7].pieces[8],set_dungeon1,sections[7].pieces[8],7_8_piece,piece,True,Magister's Boots from Hearthsinger Forresten (Stratholme).,no_lock,[],[],same class section for sets; independent collection,"high for collection independence, unconfirmed Forever equivalence","[""https://www.wowhead.com/classic/guide/dungeon-sets-1-2-quests-wow-classic""]",No item-collection prerequisite on another set piece. Auto-completed ownership overrides locks.,,,,False,raid_set_step_audit.json
set_dungeon1:sections[8].pieces[1],set_dungeon1,sections[8].pieces[1],8_1_piece,piece,True,Dreadmist Mask from Darkmaster Gandling (Scholomance).,no_lock,[],[],same class section for sets; independent collection,"high for collection independence, unconfirmed Forever equivalence","[""https://www.wowhead.com/classic/guide/dungeon-sets-1-2-quests-wow-classic""]",No item-collection prerequisite on another set piece. Auto-completed ownership overrides locks.,,,,False,raid_set_step_audit.json
set_dungeon1:sections[8].pieces[2],set_dungeon1,sections[8].pieces[2],8_2_piece,piece,True,Dreadmist Mantle from Jandice Barov (Scholomance).,no_lock,[],[],same class section for sets; independent collection,"high for collection independence, unconfirmed Forever equivalence","[""https://www.wowhead.com/classic/guide/dungeon-sets-1-2-quests-wow-classic""]",No item-collection prerequisite on another set piece. Auto-completed ownership overrides locks.,,,,False,raid_set_step_audit.json
set_dungeon1:sections[8].pieces[3],set_dungeon1,sections[8].pieces[3],8_3_piece,piece,True,Dreadmist Robe from General Drakkisath (Upper Blackrock Spire).,no_lock,[],[],same class section for sets; independent collection,"high for collection independence, unconfirmed Forever equivalence","[""https://www.wowhead.com/classic/guide/dungeon-sets-1-2-quests-wow-classic""]",No item-collection prerequisite on another set piece. Auto-completed ownership overrides locks.,,,,False,raid_set_step_audit.json
set_dungeon1:sections[8].pieces[4],set_dungeon1,sections[8].pieces[4],8_4_piece,piece,True,Dreadmist Wraps from Lorekeeper Polkelt (Scholomance).,no_lock,[],[],same class section for sets; independent collection,"high for collection independence, unconfirmed Forever equivalence","[""https://www.wowhead.com/classic/guide/dungeon-sets-1-2-quests-wow-classic""]",No item-collection prerequisite on another set piece. Auto-completed ownership overrides locks.,,,,False,raid_set_step_audit.json
set_dungeon1:sections[8].pieces[5],set_dungeon1,sections[8].pieces[5],8_5_piece,piece,True,Dreadmist Leggings from Baron Rivendare (Stratholme).,no_lock,[],[],same class section for sets; independent collection,"high for collection independence, unconfirmed Forever equivalence","[""https://www.wowhead.com/classic/guide/dungeon-sets-1-2-quests-wow-classic""]",No item-collection prerequisite on another set piece. Auto-completed ownership overrides locks.,,,,False,raid_set_step_audit.json
set_dungeon1:sections[8].pieces[6],set_dungeon1,sections[8].pieces[6],8_6_piece,piece,True,"Dreadmist Belt from random dungeon trash (Stratholme, Scholomance, Blackrock Spire).",no_lock,[],[],same class section for sets; independent collection,"high for collection independence, unconfirmed Forever equivalence","[""https://www.wowhead.com/classic/guide/dungeon-sets-1-2-quests-wow-classic""]",No item-collection prerequisite on another set piece. Auto-completed ownership overrides locks.,,,,False,raid_set_step_audit.json
set_dungeon1:sections[8].pieces[7],set_dungeon1,sections[8].pieces[7],8_7_piece,piece,True,"Dreadmist Bracers from random dungeon trash (Stratholme, Scholomance, Blackrock Spire).",no_lock,[],[],same class section for sets; independent collection,"high for collection independence, unconfirmed Forever equivalence","[""https://www.wowhead.com/classic/guide/dungeon-sets-1-2-quests-wow-classic""]",No item-collection prerequisite on another set piece. Auto-completed ownership overrides locks.,,,,False,raid_set_step_audit.json
set_dungeon1:sections[8].pieces[8],set_dungeon1,sections[8].pieces[8],8_8_piece,piece,True,Dreadmist Sandals from Baroness Anastari (Stratholme).,no_lock,[],[],same class section for sets; independent collection,"high for collection independence, unconfirmed Forever equivalence","[""https://www.wowhead.com/classic/guide/dungeon-sets-1-2-quests-wow-classic""]",No item-collection prerequisite on another set piece. Auto-completed ownership overrides locks.,,,,False,raid_set_step_audit.json
set_dungeon1:sections[9].pieces[1],set_dungeon1,sections[9].pieces[1],9_1_piece,piece,True,Wildheart Cowl from Darkmaster Gandling (Scholomance).,no_lock,[],[],same class section for sets; independent collection,"high for collection independence, unconfirmed Forever equivalence","[""https://www.wowhead.com/classic/guide/dungeon-sets-1-2-quests-wow-classic""]",No item-collection prerequisite on another set piece. Auto-completed ownership overrides locks.,,,,False,raid_set_step_audit.json
set_dungeon1:sections[9].pieces[2],set_dungeon1,sections[9].pieces[2],9_2_piece,piece,True,Wildheart Spaulders from Gizrul the Slavener (Lower Blackrock Spire).,no_lock,[],[],same class section for sets; independent collection,"high for collection independence, unconfirmed Forever equivalence","[""https://www.wowhead.com/classic/guide/dungeon-sets-1-2-quests-wow-classic""]",No item-collection prerequisite on another set piece. Auto-completed ownership overrides locks.,,,,False,raid_set_step_audit.json
set_dungeon1:sections[9].pieces[3],set_dungeon1,sections[9].pieces[3],9_3_piece,piece,True,Wildheart Vest from General Drakkisath (Upper Blackrock Spire).,no_lock,[],[],same class section for sets; independent collection,"high for collection independence, unconfirmed Forever equivalence","[""https://www.wowhead.com/classic/guide/dungeon-sets-1-2-quests-wow-classic""]",No item-collection prerequisite on another set piece. Auto-completed ownership overrides locks.,,,,False,raid_set_step_audit.json
set_dungeon1:sections[9].pieces[4],set_dungeon1,sections[9].pieces[4],9_4_piece,piece,True,Wildheart Gloves from The Unforgiven (Stratholme).,no_lock,[],[],same class section for sets; independent collection,"high for collection independence, unconfirmed Forever equivalence","[""https://www.wowhead.com/classic/guide/dungeon-sets-1-2-quests-wow-classic""]",No item-collection prerequisite on another set piece. Auto-completed ownership overrides locks.,,,,False,raid_set_step_audit.json
set_dungeon1:sections[9].pieces[5],set_dungeon1,sections[9].pieces[5],9_5_piece,piece,True,Wildheart Kilt from Baron Rivendare (Stratholme).,no_lock,[],[],same class section for sets; independent collection,"high for collection independence, unconfirmed Forever equivalence","[""https://www.wowhead.com/classic/guide/dungeon-sets-1-2-quests-wow-classic""]",No item-collection prerequisite on another set piece. Auto-completed ownership overrides locks.,,,,False,raid_set_step_audit.json
set_dungeon1:sections[9].pieces[6],set_dungeon1,sections[9].pieces[6],9_6_piece,piece,True,Wildheart Belt from The Ravenian (Scholomance).,no_lock,[],[],same class section for sets; independent collection,"high for collection independence, unconfirmed Forever equivalence","[""https://www.wowhead.com/classic/guide/dungeon-sets-1-2-quests-wow-classic""]",No item-collection prerequisite on another set piece. Auto-completed ownership overrides locks.,,,,False,raid_set_step_audit.json
set_dungeon1:sections[9].pieces[7],set_dungeon1,sections[9].pieces[7],9_7_piece,piece,True,"Wildheart Bracers from random dungeon trash (Stratholme, Scholomance, Blackrock Spire).",no_lock,[],[],same class section for sets; independent collection,"high for collection independence, unconfirmed Forever equivalence","[""https://www.wowhead.com/classic/guide/dungeon-sets-1-2-quests-wow-classic""]",No item-collection prerequisite on another set piece. Auto-completed ownership overrides locks.,,,,False,raid_set_step_audit.json
set_dungeon1:sections[9].pieces[8],set_dungeon1,sections[9].pieces[8],9_8_piece,piece,True,Wildheart Boots from Mother Smolderweb (Lower Blackrock Spire).,no_lock,[],[],same class section for sets; independent collection,"high for collection independence, unconfirmed Forever equivalence","[""https://www.wowhead.com/classic/guide/dungeon-sets-1-2-quests-wow-classic""]",No item-collection prerequisite on another set piece. Auto-completed ownership overrides locks.,,,,False,raid_set_step_audit.json
set_dungeon2:sections[1].pieces[1],set_dungeon2,sections[1].pieces[1],1_1_piece,piece,True,Helm of Heroism from the quest 'Saving the Best for Last'.,candidate,"[""set_dungeon2:sections[1].pieces[2]"", ""set_dungeon2:sections[1].pieces[5]"", ""set_dungeon2:sections[1].pieces[8]""]",[],"same class AND same questing character, faction-specific variants",Classic stage sequence supported; quest IDs/evidence missing,"[""https://www.wowhead.com/classic/guide/dungeon-sets-1-2-quests-wow-classic"", ""https://www.wowhead.com/classic/quest=8906/an-earnest-proposition"", ""https://www.wowhead.com/classic/quest=8931/just-compensation"", ""https://www.wowhead.com/classic/quest=8952/anthions-parting-words"", ""https://www.wowhead.com/classic/quest=9000/saving-the-best-for-last""]","Conditional reward-stage guidance only. Quest completion, not item possession, proves eligibility. Matching D1 slot is consumed. Full D1 set is unnecessary; same-stage rewards unlock together.","{""questStage"": 4, ""questVariantIds"": ""not enumerated"", ""matchingDungeon1Piece"": ""set_dungeon1:1_1_piece""}",,,False,raid_set_step_audit.json
set_dungeon2:sections[1].pieces[2],set_dungeon2,sections[1].pieces[2],1_2_piece,piece,True,Spaulders of Heroism from the quest 'Anthion's Parting Words'.,candidate,"[""set_dungeon2:sections[1].pieces[4]"", ""set_dungeon2:sections[1].pieces[6]""]",[],"same class AND same questing character, faction-specific variants",Classic stage sequence supported; quest IDs/evidence missing,"[""https://www.wowhead.com/classic/guide/dungeon-sets-1-2-quests-wow-classic"", ""https://www.wowhead.com/classic/quest=8906/an-earnest-proposition"", ""https://www.wowhead.com/classic/quest=8931/just-compensation"", ""https://www.wowhead.com/classic/quest=8952/anthions-parting-words"", ""https://www.wowhead.com/classic/quest=9000/saving-the-best-for-last""]","Conditional reward-stage guidance only. Quest completion, not item possession, proves eligibility. Matching D1 slot is consumed. Full D1 set is unnecessary; same-stage rewards unlock together.","{""questStage"": 3, ""questVariantIds"": ""not enumerated"", ""matchingDungeon1Piece"": ""set_dungeon1:1_2_piece""}",,,False,raid_set_step_audit.json
set_dungeon2:sections[1].pieces[3],set_dungeon2,sections[1].pieces[3],1_3_piece,piece,True,Breastplate of Heroism from the quest 'Saving the Best for Last'.,candidate,"[""set_dungeon2:sections[1].pieces[2]"", ""set_dungeon2:sections[1].pieces[5]"", ""set_dungeon2:sections[1].pieces[8]""]",[],"same class AND same questing character, faction-specific variants",Classic stage sequence supported; quest IDs/evidence missing,"[""https://www.wowhead.com/classic/guide/dungeon-sets-1-2-quests-wow-classic"", ""https://www.wowhead.com/classic/quest=8906/an-earnest-proposition"", ""https://www.wowhead.com/classic/quest=8931/just-compensation"", ""https://www.wowhead.com/classic/quest=8952/anthions-parting-words"", ""https://www.wowhead.com/classic/quest=9000/saving-the-best-for-last""]","Conditional reward-stage guidance only. Quest completion, not item possession, proves eligibility. Matching D1 slot is consumed. Full D1 set is unnecessary; same-stage rewards unlock together.","{""questStage"": 4, ""questVariantIds"": ""not enumerated"", ""matchingDungeon1Piece"": ""set_dungeon1:1_3_piece""}",,,False,raid_set_step_audit.json
set_dungeon2:sections[1].pieces[4],set_dungeon2,sections[1].pieces[4],1_4_piece,piece,True,Gauntlets of Heroism from the quest 'Just Compensation'.,candidate,"[""set_dungeon2:sections[1].pieces[7]""]",[],"same class AND same questing character, faction-specific variants",Classic stage sequence supported; quest IDs/evidence missing,"[""https://www.wowhead.com/classic/guide/dungeon-sets-1-2-quests-wow-classic"", ""https://www.wowhead.com/classic/quest=8906/an-earnest-proposition"", ""https://www.wowhead.com/classic/quest=8931/just-compensation"", ""https://www.wowhead.com/classic/quest=8952/anthions-parting-words"", ""https://www.wowhead.com/classic/quest=9000/saving-the-best-for-last""]","Conditional reward-stage guidance only. Quest completion, not item possession, proves eligibility. Matching D1 slot is consumed. Full D1 set is unnecessary; same-stage rewards unlock together.","{""questStage"": 2, ""questVariantIds"": ""not enumerated"", ""matchingDungeon1Piece"": ""set_dungeon1:1_4_piece""}",,,False,raid_set_step_audit.json
set_dungeon2:sections[1].pieces[5],set_dungeon2,sections[1].pieces[5],1_5_piece,piece,True,Legplates of Heroism from the quest 'Anthion's Parting Words'.,candidate,"[""set_dungeon2:sections[1].pieces[4]"", ""set_dungeon2:sections[1].pieces[6]""]",[],"same class AND same questing character, faction-specific variants",Classic stage sequence supported; quest IDs/evidence missing,"[""https://www.wowhead.com/classic/guide/dungeon-sets-1-2-quests-wow-classic"", ""https://www.wowhead.com/classic/quest=8906/an-earnest-proposition"", ""https://www.wowhead.com/classic/quest=8931/just-compensation"", ""https://www.wowhead.com/classic/quest=8952/anthions-parting-words"", ""https://www.wowhead.com/classic/quest=9000/saving-the-best-for-last""]","Conditional reward-stage guidance only. Quest completion, not item possession, proves eligibility. Matching D1 slot is consumed. Full D1 set is unnecessary; same-stage rewards unlock together.","{""questStage"": 3, ""questVariantIds"": ""not enumerated"", ""matchingDungeon1Piece"": ""set_dungeon1:1_5_piece""}",,,False,raid_set_step_audit.json
set_dungeon2:sections[1].pieces[6],set_dungeon2,sections[1].pieces[6],1_6_piece,piece,True,Belt of Heroism from the quest 'Just Compensation'.,candidate,"[""set_dungeon2:sections[1].pieces[7]""]",[],"same class AND same questing character, faction-specific variants",Classic stage sequence supported; quest IDs/evidence missing,"[""https://www.wowhead.com/classic/guide/dungeon-sets-1-2-quests-wow-classic"", ""https://www.wowhead.com/classic/quest=8906/an-earnest-proposition"", ""https://www.wowhead.com/classic/quest=8931/just-compensation"", ""https://www.wowhead.com/classic/quest=8952/anthions-parting-words"", ""https://www.wowhead.com/classic/quest=9000/saving-the-best-for-last""]","Conditional reward-stage guidance only. Quest completion, not item possession, proves eligibility. Matching D1 slot is consumed. Full D1 set is unnecessary; same-stage rewards unlock together.","{""questStage"": 2, ""questVariantIds"": ""not enumerated"", ""matchingDungeon1Piece"": ""set_dungeon1:1_6_piece""}",,,False,raid_set_step_audit.json
set_dungeon2:sections[1].pieces[7],set_dungeon2,sections[1].pieces[7],1_7_piece,piece,True,Bracers of Heroism from the quest 'An Earnest Proposition'.,no_lock,[],[],"same class AND same questing character, faction-specific variants",Classic stage sequence supported; quest IDs/evidence missing,"[""https://www.wowhead.com/classic/guide/dungeon-sets-1-2-quests-wow-classic"", ""https://www.wowhead.com/classic/quest=8906/an-earnest-proposition"", ""https://www.wowhead.com/classic/quest=8931/just-compensation"", ""https://www.wowhead.com/classic/quest=8952/anthions-parting-words"", ""https://www.wowhead.com/classic/quest=9000/saving-the-best-for-last""]","Conditional reward-stage guidance only. Quest completion, not item possession, proves eligibility. Matching D1 slot is consumed. Full D1 set is unnecessary; same-stage rewards unlock together.","{""questStage"": 1, ""questVariantIds"": ""not enumerated"", ""matchingDungeon1Piece"": ""set_dungeon1:1_7_piece""}",,,False,raid_set_step_audit.json
set_dungeon2:sections[1].pieces[8],set_dungeon2,sections[1].pieces[8],1_8_piece,piece,True,Boots of Heroism from the quest 'Anthion's Parting Words'.,candidate,"[""set_dungeon2:sections[1].pieces[4]"", ""set_dungeon2:sections[1].pieces[6]""]",[],"same class AND same questing character, faction-specific variants",Classic stage sequence supported; quest IDs/evidence missing,"[""https://www.wowhead.com/classic/guide/dungeon-sets-1-2-quests-wow-classic"", ""https://www.wowhead.com/classic/quest=8906/an-earnest-proposition"", ""https://www.wowhead.com/classic/quest=8931/just-compensation"", ""https://www.wowhead.com/classic/quest=8952/anthions-parting-words"", ""https://www.wowhead.com/classic/quest=9000/saving-the-best-for-last""]","Conditional reward-stage guidance only. Quest completion, not item possession, proves eligibility. Matching D1 slot is consumed. Full D1 set is unnecessary; same-stage rewards unlock together.","{""questStage"": 3, ""questVariantIds"": ""not enumerated"", ""matchingDungeon1Piece"": ""set_dungeon1:1_8_piece""}",,,False,raid_set_step_audit.json
set_dungeon2:sections[2].pieces[1],set_dungeon2,sections[2].pieces[1],2_1_piece,piece,True,Soulforge Helm from the quest 'Saving the Best for Last'.,candidate,"[""set_dungeon2:sections[2].pieces[2]"", ""set_dungeon2:sections[2].pieces[5]"", ""set_dungeon2:sections[2].pieces[8]""]",[],"same class AND same questing character, faction-specific variants",Classic stage sequence supported; quest IDs/evidence missing,"[""https://www.wowhead.com/classic/guide/dungeon-sets-1-2-quests-wow-classic"", ""https://www.wowhead.com/classic/quest=8906/an-earnest-proposition"", ""https://www.wowhead.com/classic/quest=8931/just-compensation"", ""https://www.wowhead.com/classic/quest=8952/anthions-parting-words"", ""https://www.wowhead.com/classic/quest=9000/saving-the-best-for-last""]","Conditional reward-stage guidance only. Quest completion, not item possession, proves eligibility. Matching D1 slot is consumed. Full D1 set is unnecessary; same-stage rewards unlock together.","{""questStage"": 4, ""questVariantIds"": ""not enumerated"", ""matchingDungeon1Piece"": ""set_dungeon1:2_1_piece""}",,,False,raid_set_step_audit.json
set_dungeon2:sections[2].pieces[2],set_dungeon2,sections[2].pieces[2],2_2_piece,piece,True,Soulforge Spaulders from the quest 'Anthion's Parting Words'.,candidate,"[""set_dungeon2:sections[2].pieces[4]"", ""set_dungeon2:sections[2].pieces[6]""]",[],"same class AND same questing character, faction-specific variants",Classic stage sequence supported; quest IDs/evidence missing,"[""https://www.wowhead.com/classic/guide/dungeon-sets-1-2-quests-wow-classic"", ""https://www.wowhead.com/classic/quest=8906/an-earnest-proposition"", ""https://www.wowhead.com/classic/quest=8931/just-compensation"", ""https://www.wowhead.com/classic/quest=8952/anthions-parting-words"", ""https://www.wowhead.com/classic/quest=9000/saving-the-best-for-last""]","Conditional reward-stage guidance only. Quest completion, not item possession, proves eligibility. Matching D1 slot is consumed. Full D1 set is unnecessary; same-stage rewards unlock together.","{""questStage"": 3, ""questVariantIds"": ""not enumerated"", ""matchingDungeon1Piece"": ""set_dungeon1:2_2_piece""}",,,False,raid_set_step_audit.json
set_dungeon2:sections[2].pieces[3],set_dungeon2,sections[2].pieces[3],2_3_piece,piece,True,Soulforge Breastplate from the quest 'Saving the Best for Last'.,candidate,"[""set_dungeon2:sections[2].pieces[2]"", ""set_dungeon2:sections[2].pieces[5]"", ""set_dungeon2:sections[2].pieces[8]""]",[],"same class AND same questing character, faction-specific variants",Classic stage sequence supported; quest IDs/evidence missing,"[""https://www.wowhead.com/classic/guide/dungeon-sets-1-2-quests-wow-classic"", ""https://www.wowhead.com/classic/quest=8906/an-earnest-proposition"", ""https://www.wowhead.com/classic/quest=8931/just-compensation"", ""https://www.wowhead.com/classic/quest=8952/anthions-parting-words"", ""https://www.wowhead.com/classic/quest=9000/saving-the-best-for-last""]","Conditional reward-stage guidance only. Quest completion, not item possession, proves eligibility. Matching D1 slot is consumed. Full D1 set is unnecessary; same-stage rewards unlock together.","{""questStage"": 4, ""questVariantIds"": ""not enumerated"", ""matchingDungeon1Piece"": ""set_dungeon1:2_3_piece""}",,,False,raid_set_step_audit.json
set_dungeon2:sections[2].pieces[4],set_dungeon2,sections[2].pieces[4],2_4_piece,piece,True,Soulforge Gauntlets from the quest 'Just Compensation'.,candidate,"[""set_dungeon2:sections[2].pieces[7]""]",[],"same class AND same questing character, faction-specific variants",Classic stage sequence supported; quest IDs/evidence missing,"[""https://www.wowhead.com/classic/guide/dungeon-sets-1-2-quests-wow-classic"", ""https://www.wowhead.com/classic/quest=8906/an-earnest-proposition"", ""https://www.wowhead.com/classic/quest=8931/just-compensation"", ""https://www.wowhead.com/classic/quest=8952/anthions-parting-words"", ""https://www.wowhead.com/classic/quest=9000/saving-the-best-for-last""]","Conditional reward-stage guidance only. Quest completion, not item possession, proves eligibility. Matching D1 slot is consumed. Full D1 set is unnecessary; same-stage rewards unlock together.","{""questStage"": 2, ""questVariantIds"": ""not enumerated"", ""matchingDungeon1Piece"": ""set_dungeon1:2_4_piece""}",,,False,raid_set_step_audit.json
set_dungeon2:sections[2].pieces[5],set_dungeon2,sections[2].pieces[5],2_5_piece,piece,True,Soulforge Legplates from the quest 'Anthion's Parting Words'.,candidate,"[""set_dungeon2:sections[2].pieces[4]"", ""set_dungeon2:sections[2].pieces[6]""]",[],"same class AND same questing character, faction-specific variants",Classic stage sequence supported; quest IDs/evidence missing,"[""https://www.wowhead.com/classic/guide/dungeon-sets-1-2-quests-wow-classic"", ""https://www.wowhead.com/classic/quest=8906/an-earnest-proposition"", ""https://www.wowhead.com/classic/quest=8931/just-compensation"", ""https://www.wowhead.com/classic/quest=8952/anthions-parting-words"", ""https://www.wowhead.com/classic/quest=9000/saving-the-best-for-last""]","Conditional reward-stage guidance only. Quest completion, not item possession, proves eligibility. Matching D1 slot is consumed. Full D1 set is unnecessary; same-stage rewards unlock together.","{""questStage"": 3, ""questVariantIds"": ""not enumerated"", ""matchingDungeon1Piece"": ""set_dungeon1:2_5_piece""}",,,False,raid_set_step_audit.json
set_dungeon2:sections[2].pieces[6],set_dungeon2,sections[2].pieces[6],2_6_piece,piece,True,Soulforge Belt from the quest 'Just Compensation'.,candidate,"[""set_dungeon2:sections[2].pieces[7]""]",[],"same class AND same questing character, faction-specific variants",Classic stage sequence supported; quest IDs/evidence missing,"[""https://www.wowhead.com/classic/guide/dungeon-sets-1-2-quests-wow-classic"", ""https://www.wowhead.com/classic/quest=8906/an-earnest-proposition"", ""https://www.wowhead.com/classic/quest=8931/just-compensation"", ""https://www.wowhead.com/classic/quest=8952/anthions-parting-words"", ""https://www.wowhead.com/classic/quest=9000/saving-the-best-for-last""]","Conditional reward-stage guidance only. Quest completion, not item possession, proves eligibility. Matching D1 slot is consumed. Full D1 set is unnecessary; same-stage rewards unlock together.","{""questStage"": 2, ""questVariantIds"": ""not enumerated"", ""matchingDungeon1Piece"": ""set_dungeon1:2_6_piece""}",,,False,raid_set_step_audit.json
set_dungeon2:sections[2].pieces[7],set_dungeon2,sections[2].pieces[7],2_7_piece,piece,True,Soulforge Bracers from the quest 'An Earnest Proposition'.,no_lock,[],[],"same class AND same questing character, faction-specific variants",Classic stage sequence supported; quest IDs/evidence missing,"[""https://www.wowhead.com/classic/guide/dungeon-sets-1-2-quests-wow-classic"", ""https://www.wowhead.com/classic/quest=8906/an-earnest-proposition"", ""https://www.wowhead.com/classic/quest=8931/just-compensation"", ""https://www.wowhead.com/classic/quest=8952/anthions-parting-words"", ""https://www.wowhead.com/classic/quest=9000/saving-the-best-for-last""]","Conditional reward-stage guidance only. Quest completion, not item possession, proves eligibility. Matching D1 slot is consumed. Full D1 set is unnecessary; same-stage rewards unlock together.","{""questStage"": 1, ""questVariantIds"": ""not enumerated"", ""matchingDungeon1Piece"": ""set_dungeon1:2_7_piece""}",,,False,raid_set_step_audit.json
set_dungeon2:sections[2].pieces[8],set_dungeon2,sections[2].pieces[8],2_8_piece,piece,True,Soulforge Boots from the quest 'Anthion's Parting Words'.,candidate,"[""set_dungeon2:sections[2].pieces[4]"", ""set_dungeon2:sections[2].pieces[6]""]",[],"same class AND same questing character, faction-specific variants",Classic stage sequence supported; quest IDs/evidence missing,"[""https://www.wowhead.com/classic/guide/dungeon-sets-1-2-quests-wow-classic"", ""https://www.wowhead.com/classic/quest=8906/an-earnest-proposition"", ""https://www.wowhead.com/classic/quest=8931/just-compensation"", ""https://www.wowhead.com/classic/quest=8952/anthions-parting-words"", ""https://www.wowhead.com/classic/quest=9000/saving-the-best-for-last""]","Conditional reward-stage guidance only. Quest completion, not item possession, proves eligibility. Matching D1 slot is consumed. Full D1 set is unnecessary; same-stage rewards unlock together.","{""questStage"": 3, ""questVariantIds"": ""not enumerated"", ""matchingDungeon1Piece"": ""set_dungeon1:2_8_piece""}",,,False,raid_set_step_audit.json
set_dungeon2:sections[3].pieces[1],set_dungeon2,sections[3].pieces[1],3_1_piece,piece,True,Beastmaster's Cap from the quest 'Saving the Best for Last'.,candidate,"[""set_dungeon2:sections[3].pieces[2]"", ""set_dungeon2:sections[3].pieces[5]"", ""set_dungeon2:sections[3].pieces[8]""]",[],"same class AND same questing character, faction-specific variants",Classic stage sequence supported; quest IDs/evidence missing,"[""https://www.wowhead.com/classic/guide/dungeon-sets-1-2-quests-wow-classic"", ""https://www.wowhead.com/classic/quest=8906/an-earnest-proposition"", ""https://www.wowhead.com/classic/quest=8931/just-compensation"", ""https://www.wowhead.com/classic/quest=8952/anthions-parting-words"", ""https://www.wowhead.com/classic/quest=9000/saving-the-best-for-last""]","Conditional reward-stage guidance only. Quest completion, not item possession, proves eligibility. Matching D1 slot is consumed. Full D1 set is unnecessary; same-stage rewards unlock together.","{""questStage"": 4, ""questVariantIds"": ""not enumerated"", ""matchingDungeon1Piece"": ""set_dungeon1:3_1_piece""}",,,False,raid_set_step_audit.json
set_dungeon2:sections[3].pieces[2],set_dungeon2,sections[3].pieces[2],3_2_piece,piece,True,Beastmaster's Mantle from the quest 'Anthion's Parting Words'.,candidate,"[""set_dungeon2:sections[3].pieces[4]"", ""set_dungeon2:sections[3].pieces[6]""]",[],"same class AND same questing character, faction-specific variants",Classic stage sequence supported; quest IDs/evidence missing,"[""https://www.wowhead.com/classic/guide/dungeon-sets-1-2-quests-wow-classic"", ""https://www.wowhead.com/classic/quest=8906/an-earnest-proposition"", ""https://www.wowhead.com/classic/quest=8931/just-compensation"", ""https://www.wowhead.com/classic/quest=8952/anthions-parting-words"", ""https://www.wowhead.com/classic/quest=9000/saving-the-best-for-last""]","Conditional reward-stage guidance only. Quest completion, not item possession, proves eligibility. Matching D1 slot is consumed. Full D1 set is unnecessary; same-stage rewards unlock together.","{""questStage"": 3, ""questVariantIds"": ""not enumerated"", ""matchingDungeon1Piece"": ""set_dungeon1:3_2_piece""}",,,False,raid_set_step_audit.json
set_dungeon2:sections[3].pieces[3],set_dungeon2,sections[3].pieces[3],3_3_piece,piece,True,Beastmaster's Tunic from the quest 'Saving the Best for Last'.,candidate,"[""set_dungeon2:sections[3].pieces[2]"", ""set_dungeon2:sections[3].pieces[5]"", ""set_dungeon2:sections[3].pieces[8]""]",[],"same class AND same questing character, faction-specific variants",Classic stage sequence supported; quest IDs/evidence missing,"[""https://www.wowhead.com/classic/guide/dungeon-sets-1-2-quests-wow-classic"", ""https://www.wowhead.com/classic/quest=8906/an-earnest-proposition"", ""https://www.wowhead.com/classic/quest=8931/just-compensation"", ""https://www.wowhead.com/classic/quest=8952/anthions-parting-words"", ""https://www.wowhead.com/classic/quest=9000/saving-the-best-for-last""]","Conditional reward-stage guidance only. Quest completion, not item possession, proves eligibility. Matching D1 slot is consumed. Full D1 set is unnecessary; same-stage rewards unlock together.","{""questStage"": 4, ""questVariantIds"": ""not enumerated"", ""matchingDungeon1Piece"": ""set_dungeon1:3_3_piece""}",,,False,raid_set_step_audit.json
set_dungeon2:sections[3].pieces[4],set_dungeon2,sections[3].pieces[4],3_4_piece,piece,True,Beastmaster's Gloves from the quest 'Just Compensation'.,candidate,"[""set_dungeon2:sections[3].pieces[7]""]",[],"same class AND same questing character, faction-specific variants",Classic stage sequence supported; quest IDs/evidence missing,"[""https://www.wowhead.com/classic/guide/dungeon-sets-1-2-quests-wow-classic"", ""https://www.wowhead.com/classic/quest=8906/an-earnest-proposition"", ""https://www.wowhead.com/classic/quest=8931/just-compensation"", ""https://www.wowhead.com/classic/quest=8952/anthions-parting-words"", ""https://www.wowhead.com/classic/quest=9000/saving-the-best-for-last""]","Conditional reward-stage guidance only. Quest completion, not item possession, proves eligibility. Matching D1 slot is consumed. Full D1 set is unnecessary; same-stage rewards unlock together.","{""questStage"": 2, ""questVariantIds"": ""not enumerated"", ""matchingDungeon1Piece"": ""set_dungeon1:3_4_piece""}",,,False,raid_set_step_audit.json
set_dungeon2:sections[3].pieces[5],set_dungeon2,sections[3].pieces[5],3_5_piece,piece,True,Beastmaster's Pants from the quest 'Anthion's Parting Words'.,candidate,"[""set_dungeon2:sections[3].pieces[4]"", ""set_dungeon2:sections[3].pieces[6]""]",[],"same class AND same questing character, faction-specific variants",Classic stage sequence supported; quest IDs/evidence missing,"[""https://www.wowhead.com/classic/guide/dungeon-sets-1-2-quests-wow-classic"", ""https://www.wowhead.com/classic/quest=8906/an-earnest-proposition"", ""https://www.wowhead.com/classic/quest=8931/just-compensation"", ""https://www.wowhead.com/classic/quest=8952/anthions-parting-words"", ""https://www.wowhead.com/classic/quest=9000/saving-the-best-for-last""]","Conditional reward-stage guidance only. Quest completion, not item possession, proves eligibility. Matching D1 slot is consumed. Full D1 set is unnecessary; same-stage rewards unlock together.","{""questStage"": 3, ""questVariantIds"": ""not enumerated"", ""matchingDungeon1Piece"": ""set_dungeon1:3_5_piece""}",,,False,raid_set_step_audit.json
set_dungeon2:sections[3].pieces[6],set_dungeon2,sections[3].pieces[6],3_6_piece,piece,True,Beastmaster's Belt from the quest 'Just Compensation'.,candidate,"[""set_dungeon2:sections[3].pieces[7]""]",[],"same class AND same questing character, faction-specific variants",Classic stage sequence supported; quest IDs/evidence missing,"[""https://www.wowhead.com/classic/guide/dungeon-sets-1-2-quests-wow-classic"", ""https://www.wowhead.com/classic/quest=8906/an-earnest-proposition"", ""https://www.wowhead.com/classic/quest=8931/just-compensation"", ""https://www.wowhead.com/classic/quest=8952/anthions-parting-words"", ""https://www.wowhead.com/classic/quest=9000/saving-the-best-for-last""]","Conditional reward-stage guidance only. Quest completion, not item possession, proves eligibility. Matching D1 slot is consumed. Full D1 set is unnecessary; same-stage rewards unlock together.","{""questStage"": 2, ""questVariantIds"": ""not enumerated"", ""matchingDungeon1Piece"": ""set_dungeon1:3_6_piece""}",,,False,raid_set_step_audit.json
set_dungeon2:sections[3].pieces[7],set_dungeon2,sections[3].pieces[7],3_7_piece,piece,True,Beastmaster's Bindings from the quest 'An Earnest Proposition'.,no_lock,[],[],"same class AND same questing character, faction-specific variants",Classic stage sequence supported; quest IDs/evidence missing,"[""https://www.wowhead.com/classic/guide/dungeon-sets-1-2-quests-wow-classic"", ""https://www.wowhead.com/classic/quest=8906/an-earnest-proposition"", ""https://www.wowhead.com/classic/quest=8931/just-compensation"", ""https://www.wowhead.com/classic/quest=8952/anthions-parting-words"", ""https://www.wowhead.com/classic/quest=9000/saving-the-best-for-last""]","Conditional reward-stage guidance only. Quest completion, not item possession, proves eligibility. Matching D1 slot is consumed. Full D1 set is unnecessary; same-stage rewards unlock together.","{""questStage"": 1, ""questVariantIds"": ""not enumerated"", ""matchingDungeon1Piece"": ""set_dungeon1:3_7_piece""}",,,False,raid_set_step_audit.json
set_dungeon2:sections[3].pieces[8],set_dungeon2,sections[3].pieces[8],3_8_piece,piece,True,Beastmaster's Boots from the quest 'Anthion's Parting Words'.,candidate,"[""set_dungeon2:sections[3].pieces[4]"", ""set_dungeon2:sections[3].pieces[6]""]",[],"same class AND same questing character, faction-specific variants",Classic stage sequence supported; quest IDs/evidence missing,"[""https://www.wowhead.com/classic/guide/dungeon-sets-1-2-quests-wow-classic"", ""https://www.wowhead.com/classic/quest=8906/an-earnest-proposition"", ""https://www.wowhead.com/classic/quest=8931/just-compensation"", ""https://www.wowhead.com/classic/quest=8952/anthions-parting-words"", ""https://www.wowhead.com/classic/quest=9000/saving-the-best-for-last""]","Conditional reward-stage guidance only. Quest completion, not item possession, proves eligibility. Matching D1 slot is consumed. Full D1 set is unnecessary; same-stage rewards unlock together.","{""questStage"": 3, ""questVariantIds"": ""not enumerated"", ""matchingDungeon1Piece"": ""set_dungeon1:3_8_piece""}",,,False,raid_set_step_audit.json
set_dungeon2:sections[4].pieces[1],set_dungeon2,sections[4].pieces[1],4_1_piece,piece,True,Darkmantle Cap from the quest 'Saving the Best for Last'.,candidate,"[""set_dungeon2:sections[4].pieces[2]"", ""set_dungeon2:sections[4].pieces[5]"", ""set_dungeon2:sections[4].pieces[8]""]",[],"same class AND same questing character, faction-specific variants",Classic stage sequence supported; quest IDs/evidence missing,"[""https://www.wowhead.com/classic/guide/dungeon-sets-1-2-quests-wow-classic"", ""https://www.wowhead.com/classic/quest=8906/an-earnest-proposition"", ""https://www.wowhead.com/classic/quest=8931/just-compensation"", ""https://www.wowhead.com/classic/quest=8952/anthions-parting-words"", ""https://www.wowhead.com/classic/quest=9000/saving-the-best-for-last""]","Conditional reward-stage guidance only. Quest completion, not item possession, proves eligibility. Matching D1 slot is consumed. Full D1 set is unnecessary; same-stage rewards unlock together.","{""questStage"": 4, ""questVariantIds"": ""not enumerated"", ""matchingDungeon1Piece"": ""set_dungeon1:4_1_piece""}",,,False,raid_set_step_audit.json
set_dungeon2:sections[4].pieces[2],set_dungeon2,sections[4].pieces[2],4_2_piece,piece,True,Darkmantle Spaulders from the quest 'Anthion's Parting Words'.,candidate,"[""set_dungeon2:sections[4].pieces[4]"", ""set_dungeon2:sections[4].pieces[6]""]",[],"same class AND same questing character, faction-specific variants",Classic stage sequence supported; quest IDs/evidence missing,"[""https://www.wowhead.com/classic/guide/dungeon-sets-1-2-quests-wow-classic"", ""https://www.wowhead.com/classic/quest=8906/an-earnest-proposition"", ""https://www.wowhead.com/classic/quest=8931/just-compensation"", ""https://www.wowhead.com/classic/quest=8952/anthions-parting-words"", ""https://www.wowhead.com/classic/quest=9000/saving-the-best-for-last""]","Conditional reward-stage guidance only. Quest completion, not item possession, proves eligibility. Matching D1 slot is consumed. Full D1 set is unnecessary; same-stage rewards unlock together.","{""questStage"": 3, ""questVariantIds"": ""not enumerated"", ""matchingDungeon1Piece"": ""set_dungeon1:4_2_piece""}",,,False,raid_set_step_audit.json
set_dungeon2:sections[4].pieces[3],set_dungeon2,sections[4].pieces[3],4_3_piece,piece,True,Darkmantle Tunic from the quest 'Saving the Best for Last'.,candidate,"[""set_dungeon2:sections[4].pieces[2]"", ""set_dungeon2:sections[4].pieces[5]"", ""set_dungeon2:sections[4].pieces[8]""]",[],"same class AND same questing character, faction-specific variants",Classic stage sequence supported; quest IDs/evidence missing,"[""https://www.wowhead.com/classic/guide/dungeon-sets-1-2-quests-wow-classic"", ""https://www.wowhead.com/classic/quest=8906/an-earnest-proposition"", ""https://www.wowhead.com/classic/quest=8931/just-compensation"", ""https://www.wowhead.com/classic/quest=8952/anthions-parting-words"", ""https://www.wowhead.com/classic/quest=9000/saving-the-best-for-last""]","Conditional reward-stage guidance only. Quest completion, not item possession, proves eligibility. Matching D1 slot is consumed. Full D1 set is unnecessary; same-stage rewards unlock together.","{""questStage"": 4, ""questVariantIds"": ""not enumerated"", ""matchingDungeon1Piece"": ""set_dungeon1:4_3_piece""}",,,False,raid_set_step_audit.json
set_dungeon2:sections[4].pieces[4],set_dungeon2,sections[4].pieces[4],4_4_piece,piece,True,Darkmantle Gloves from the quest 'Just Compensation'.,candidate,"[""set_dungeon2:sections[4].pieces[7]""]",[],"same class AND same questing character, faction-specific variants",Classic stage sequence supported; quest IDs/evidence missing,"[""https://www.wowhead.com/classic/guide/dungeon-sets-1-2-quests-wow-classic"", ""https://www.wowhead.com/classic/quest=8906/an-earnest-proposition"", ""https://www.wowhead.com/classic/quest=8931/just-compensation"", ""https://www.wowhead.com/classic/quest=8952/anthions-parting-words"", ""https://www.wowhead.com/classic/quest=9000/saving-the-best-for-last""]","Conditional reward-stage guidance only. Quest completion, not item possession, proves eligibility. Matching D1 slot is consumed. Full D1 set is unnecessary; same-stage rewards unlock together.","{""questStage"": 2, ""questVariantIds"": ""not enumerated"", ""matchingDungeon1Piece"": ""set_dungeon1:4_4_piece""}",,,False,raid_set_step_audit.json
set_dungeon2:sections[4].pieces[5],set_dungeon2,sections[4].pieces[5],4_5_piece,piece,True,Darkmantle Pants from the quest 'Anthion's Parting Words'.,candidate,"[""set_dungeon2:sections[4].pieces[4]"", ""set_dungeon2:sections[4].pieces[6]""]",[],"same class AND same questing character, faction-specific variants",Classic stage sequence supported; quest IDs/evidence missing,"[""https://www.wowhead.com/classic/guide/dungeon-sets-1-2-quests-wow-classic"", ""https://www.wowhead.com/classic/quest=8906/an-earnest-proposition"", ""https://www.wowhead.com/classic/quest=8931/just-compensation"", ""https://www.wowhead.com/classic/quest=8952/anthions-parting-words"", ""https://www.wowhead.com/classic/quest=9000/saving-the-best-for-last""]","Conditional reward-stage guidance only. Quest completion, not item possession, proves eligibility. Matching D1 slot is consumed. Full D1 set is unnecessary; same-stage rewards unlock together.","{""questStage"": 3, ""questVariantIds"": ""not enumerated"", ""matchingDungeon1Piece"": ""set_dungeon1:4_5_piece""}",,,False,raid_set_step_audit.json
set_dungeon2:sections[4].pieces[6],set_dungeon2,sections[4].pieces[6],4_6_piece,piece,True,Darkmantle Belt from the quest 'Just Compensation'.,candidate,"[""set_dungeon2:sections[4].pieces[7]""]",[],"same class AND same questing character, faction-specific variants",Classic stage sequence supported; quest IDs/evidence missing,"[""https://www.wowhead.com/classic/guide/dungeon-sets-1-2-quests-wow-classic"", ""https://www.wowhead.com/classic/quest=8906/an-earnest-proposition"", ""https://www.wowhead.com/classic/quest=8931/just-compensation"", ""https://www.wowhead.com/classic/quest=8952/anthions-parting-words"", ""https://www.wowhead.com/classic/quest=9000/saving-the-best-for-last""]","Conditional reward-stage guidance only. Quest completion, not item possession, proves eligibility. Matching D1 slot is consumed. Full D1 set is unnecessary; same-stage rewards unlock together.","{""questStage"": 2, ""questVariantIds"": ""not enumerated"", ""matchingDungeon1Piece"": ""set_dungeon1:4_6_piece""}",,,False,raid_set_step_audit.json
set_dungeon2:sections[4].pieces[7],set_dungeon2,sections[4].pieces[7],4_7_piece,piece,True,Darkmantle Bracers from the quest 'An Earnest Proposition'.,no_lock,[],[],"same class AND same questing character, faction-specific variants",Classic stage sequence supported; quest IDs/evidence missing,"[""https://www.wowhead.com/classic/guide/dungeon-sets-1-2-quests-wow-classic"", ""https://www.wowhead.com/classic/quest=8906/an-earnest-proposition"", ""https://www.wowhead.com/classic/quest=8931/just-compensation"", ""https://www.wowhead.com/classic/quest=8952/anthions-parting-words"", ""https://www.wowhead.com/classic/quest=9000/saving-the-best-for-last""]","Conditional reward-stage guidance only. Quest completion, not item possession, proves eligibility. Matching D1 slot is consumed. Full D1 set is unnecessary; same-stage rewards unlock together.","{""questStage"": 1, ""questVariantIds"": ""not enumerated"", ""matchingDungeon1Piece"": ""set_dungeon1:4_7_piece""}",,,False,raid_set_step_audit.json
set_dungeon2:sections[4].pieces[8],set_dungeon2,sections[4].pieces[8],4_8_piece,piece,True,Darkmantle Boots from the quest 'Anthion's Parting Words'.,candidate,"[""set_dungeon2:sections[4].pieces[4]"", ""set_dungeon2:sections[4].pieces[6]""]",[],"same class AND same questing character, faction-specific variants",Classic stage sequence supported; quest IDs/evidence missing,"[""https://www.wowhead.com/classic/guide/dungeon-sets-1-2-quests-wow-classic"", ""https://www.wowhead.com/classic/quest=8906/an-earnest-proposition"", ""https://www.wowhead.com/classic/quest=8931/just-compensation"", ""https://www.wowhead.com/classic/quest=8952/anthions-parting-words"", ""https://www.wowhead.com/classic/quest=9000/saving-the-best-for-last""]","Conditional reward-stage guidance only. Quest completion, not item possession, proves eligibility. Matching D1 slot is consumed. Full D1 set is unnecessary; same-stage rewards unlock together.","{""questStage"": 3, ""questVariantIds"": ""not enumerated"", ""matchingDungeon1Piece"": ""set_dungeon1:4_8_piece""}",,,False,raid_set_step_audit.json
set_dungeon2:sections[5].pieces[1],set_dungeon2,sections[5].pieces[1],5_1_piece,piece,True,Virtuous Crown from the quest 'Saving the Best for Last'.,candidate,"[""set_dungeon2:sections[5].pieces[2]"", ""set_dungeon2:sections[5].pieces[5]"", ""set_dungeon2:sections[5].pieces[8]""]",[],"same class AND same questing character, faction-specific variants",Classic stage sequence supported; quest IDs/evidence missing,"[""https://www.wowhead.com/classic/guide/dungeon-sets-1-2-quests-wow-classic"", ""https://www.wowhead.com/classic/quest=8906/an-earnest-proposition"", ""https://www.wowhead.com/classic/quest=8931/just-compensation"", ""https://www.wowhead.com/classic/quest=8952/anthions-parting-words"", ""https://www.wowhead.com/classic/quest=9000/saving-the-best-for-last""]","Conditional reward-stage guidance only. Quest completion, not item possession, proves eligibility. Matching D1 slot is consumed. Full D1 set is unnecessary; same-stage rewards unlock together.","{""questStage"": 4, ""questVariantIds"": ""not enumerated"", ""matchingDungeon1Piece"": ""set_dungeon1:5_1_piece""}",,,False,raid_set_step_audit.json
set_dungeon2:sections[5].pieces[2],set_dungeon2,sections[5].pieces[2],5_2_piece,piece,True,Virtuous Mantle from the quest 'Anthion's Parting Words'.,candidate,"[""set_dungeon2:sections[5].pieces[4]"", ""set_dungeon2:sections[5].pieces[6]""]",[],"same class AND same questing character, faction-specific variants",Classic stage sequence supported; quest IDs/evidence missing,"[""https://www.wowhead.com/classic/guide/dungeon-sets-1-2-quests-wow-classic"", ""https://www.wowhead.com/classic/quest=8906/an-earnest-proposition"", ""https://www.wowhead.com/classic/quest=8931/just-compensation"", ""https://www.wowhead.com/classic/quest=8952/anthions-parting-words"", ""https://www.wowhead.com/classic/quest=9000/saving-the-best-for-last""]","Conditional reward-stage guidance only. Quest completion, not item possession, proves eligibility. Matching D1 slot is consumed. Full D1 set is unnecessary; same-stage rewards unlock together.","{""questStage"": 3, ""questVariantIds"": ""not enumerated"", ""matchingDungeon1Piece"": ""set_dungeon1:5_2_piece""}",,,False,raid_set_step_audit.json
set_dungeon2:sections[5].pieces[3],set_dungeon2,sections[5].pieces[3],5_3_piece,piece,True,Virtuous Robe from the quest 'Saving the Best for Last'.,candidate,"[""set_dungeon2:sections[5].pieces[2]"", ""set_dungeon2:sections[5].pieces[5]"", ""set_dungeon2:sections[5].pieces[8]""]",[],"same class AND same questing character, faction-specific variants",Classic stage sequence supported; quest IDs/evidence missing,"[""https://www.wowhead.com/classic/guide/dungeon-sets-1-2-quests-wow-classic"", ""https://www.wowhead.com/classic/quest=8906/an-earnest-proposition"", ""https://www.wowhead.com/classic/quest=8931/just-compensation"", ""https://www.wowhead.com/classic/quest=8952/anthions-parting-words"", ""https://www.wowhead.com/classic/quest=9000/saving-the-best-for-last""]","Conditional reward-stage guidance only. Quest completion, not item possession, proves eligibility. Matching D1 slot is consumed. Full D1 set is unnecessary; same-stage rewards unlock together.","{""questStage"": 4, ""questVariantIds"": ""not enumerated"", ""matchingDungeon1Piece"": ""set_dungeon1:5_3_piece""}",,,False,raid_set_step_audit.json
set_dungeon2:sections[5].pieces[4],set_dungeon2,sections[5].pieces[4],5_4_piece,piece,True,Virtuous Gloves from the quest 'Just Compensation'.,candidate,"[""set_dungeon2:sections[5].pieces[7]""]",[],"same class AND same questing character, faction-specific variants",Classic stage sequence supported; quest IDs/evidence missing,"[""https://www.wowhead.com/classic/guide/dungeon-sets-1-2-quests-wow-classic"", ""https://www.wowhead.com/classic/quest=8906/an-earnest-proposition"", ""https://www.wowhead.com/classic/quest=8931/just-compensation"", ""https://www.wowhead.com/classic/quest=8952/anthions-parting-words"", ""https://www.wowhead.com/classic/quest=9000/saving-the-best-for-last""]","Conditional reward-stage guidance only. Quest completion, not item possession, proves eligibility. Matching D1 slot is consumed. Full D1 set is unnecessary; same-stage rewards unlock together.","{""questStage"": 2, ""questVariantIds"": ""not enumerated"", ""matchingDungeon1Piece"": ""set_dungeon1:5_4_piece""}",,,False,raid_set_step_audit.json
set_dungeon2:sections[5].pieces[5],set_dungeon2,sections[5].pieces[5],5_5_piece,piece,True,Virtuous Skirt from the quest 'Anthion's Parting Words'.,candidate,"[""set_dungeon2:sections[5].pieces[4]"", ""set_dungeon2:sections[5].pieces[6]""]",[],"same class AND same questing character, faction-specific variants",Classic stage sequence supported; quest IDs/evidence missing,"[""https://www.wowhead.com/classic/guide/dungeon-sets-1-2-quests-wow-classic"", ""https://www.wowhead.com/classic/quest=8906/an-earnest-proposition"", ""https://www.wowhead.com/classic/quest=8931/just-compensation"", ""https://www.wowhead.com/classic/quest=8952/anthions-parting-words"", ""https://www.wowhead.com/classic/quest=9000/saving-the-best-for-last""]","Conditional reward-stage guidance only. Quest completion, not item possession, proves eligibility. Matching D1 slot is consumed. Full D1 set is unnecessary; same-stage rewards unlock together.","{""questStage"": 3, ""questVariantIds"": ""not enumerated"", ""matchingDungeon1Piece"": ""set_dungeon1:5_5_piece""}",,,False,raid_set_step_audit.json
set_dungeon2:sections[5].pieces[6],set_dungeon2,sections[5].pieces[6],5_6_piece,piece,True,Virtuous Belt from the quest 'Just Compensation'.,candidate,"[""set_dungeon2:sections[5].pieces[7]""]",[],"same class AND same questing character, faction-specific variants",Classic stage sequence supported; quest IDs/evidence missing,"[""https://www.wowhead.com/classic/guide/dungeon-sets-1-2-quests-wow-classic"", ""https://www.wowhead.com/classic/quest=8906/an-earnest-proposition"", ""https://www.wowhead.com/classic/quest=8931/just-compensation"", ""https://www.wowhead.com/classic/quest=8952/anthions-parting-words"", ""https://www.wowhead.com/classic/quest=9000/saving-the-best-for-last""]","Conditional reward-stage guidance only. Quest completion, not item possession, proves eligibility. Matching D1 slot is consumed. Full D1 set is unnecessary; same-stage rewards unlock together.","{""questStage"": 2, ""questVariantIds"": ""not enumerated"", ""matchingDungeon1Piece"": ""set_dungeon1:5_6_piece""}",,,False,raid_set_step_audit.json
set_dungeon2:sections[5].pieces[7],set_dungeon2,sections[5].pieces[7],5_7_piece,piece,True,Virtuous Bracers from the quest 'An Earnest Proposition'.,no_lock,[],[],"same class AND same questing character, faction-specific variants",Classic stage sequence supported; quest IDs/evidence missing,"[""https://www.wowhead.com/classic/guide/dungeon-sets-1-2-quests-wow-classic"", ""https://www.wowhead.com/classic/quest=8906/an-earnest-proposition"", ""https://www.wowhead.com/classic/quest=8931/just-compensation"", ""https://www.wowhead.com/classic/quest=8952/anthions-parting-words"", ""https://www.wowhead.com/classic/quest=9000/saving-the-best-for-last""]","Conditional reward-stage guidance only. Quest completion, not item possession, proves eligibility. Matching D1 slot is consumed. Full D1 set is unnecessary; same-stage rewards unlock together.","{""questStage"": 1, ""questVariantIds"": ""not enumerated"", ""matchingDungeon1Piece"": ""set_dungeon1:5_7_piece""}",,,False,raid_set_step_audit.json
set_dungeon2:sections[5].pieces[8],set_dungeon2,sections[5].pieces[8],5_8_piece,piece,True,Virtuous Sandals from the quest 'Anthion's Parting Words'.,candidate,"[""set_dungeon2:sections[5].pieces[4]"", ""set_dungeon2:sections[5].pieces[6]""]",[],"same class AND same questing character, faction-specific variants",Classic stage sequence supported; quest IDs/evidence missing,"[""https://www.wowhead.com/classic/guide/dungeon-sets-1-2-quests-wow-classic"", ""https://www.wowhead.com/classic/quest=8906/an-earnest-proposition"", ""https://www.wowhead.com/classic/quest=8931/just-compensation"", ""https://www.wowhead.com/classic/quest=8952/anthions-parting-words"", ""https://www.wowhead.com/classic/quest=9000/saving-the-best-for-last""]","Conditional reward-stage guidance only. Quest completion, not item possession, proves eligibility. Matching D1 slot is consumed. Full D1 set is unnecessary; same-stage rewards unlock together.","{""questStage"": 3, ""questVariantIds"": ""not enumerated"", ""matchingDungeon1Piece"": ""set_dungeon1:5_8_piece""}",,,False,raid_set_step_audit.json
set_dungeon2:sections[6].pieces[1],set_dungeon2,sections[6].pieces[1],6_1_piece,piece,True,Coif of The Five Thunders from the quest 'Saving the Best for Last'.,candidate,"[""set_dungeon2:sections[6].pieces[2]"", ""set_dungeon2:sections[6].pieces[5]"", ""set_dungeon2:sections[6].pieces[8]""]",[],"same class AND same questing character, faction-specific variants",Classic stage sequence supported; quest IDs/evidence missing,"[""https://www.wowhead.com/classic/guide/dungeon-sets-1-2-quests-wow-classic"", ""https://www.wowhead.com/classic/quest=8906/an-earnest-proposition"", ""https://www.wowhead.com/classic/quest=8931/just-compensation"", ""https://www.wowhead.com/classic/quest=8952/anthions-parting-words"", ""https://www.wowhead.com/classic/quest=9000/saving-the-best-for-last""]","Conditional reward-stage guidance only. Quest completion, not item possession, proves eligibility. Matching D1 slot is consumed. Full D1 set is unnecessary; same-stage rewards unlock together.","{""questStage"": 4, ""questVariantIds"": ""not enumerated"", ""matchingDungeon1Piece"": ""set_dungeon1:6_1_piece""}",,,False,raid_set_step_audit.json
set_dungeon2:sections[6].pieces[2],set_dungeon2,sections[6].pieces[2],6_2_piece,piece,True,Pauldrons of The Five Thunders from the quest 'Anthion's Parting Words'.,candidate,"[""set_dungeon2:sections[6].pieces[4]"", ""set_dungeon2:sections[6].pieces[6]""]",[],"same class AND same questing character, faction-specific variants",Classic stage sequence supported; quest IDs/evidence missing,"[""https://www.wowhead.com/classic/guide/dungeon-sets-1-2-quests-wow-classic"", ""https://www.wowhead.com/classic/quest=8906/an-earnest-proposition"", ""https://www.wowhead.com/classic/quest=8931/just-compensation"", ""https://www.wowhead.com/classic/quest=8952/anthions-parting-words"", ""https://www.wowhead.com/classic/quest=9000/saving-the-best-for-last""]","Conditional reward-stage guidance only. Quest completion, not item possession, proves eligibility. Matching D1 slot is consumed. Full D1 set is unnecessary; same-stage rewards unlock together.","{""questStage"": 3, ""questVariantIds"": ""not enumerated"", ""matchingDungeon1Piece"": ""set_dungeon1:6_2_piece""}",,,False,raid_set_step_audit.json
set_dungeon2:sections[6].pieces[3],set_dungeon2,sections[6].pieces[3],6_3_piece,piece,True,Vest of The Five Thunders from the quest 'Saving the Best for Last'.,candidate,"[""set_dungeon2:sections[6].pieces[2]"", ""set_dungeon2:sections[6].pieces[5]"", ""set_dungeon2:sections[6].pieces[8]""]",[],"same class AND same questing character, faction-specific variants",Classic stage sequence supported; quest IDs/evidence missing,"[""https://www.wowhead.com/classic/guide/dungeon-sets-1-2-quests-wow-classic"", ""https://www.wowhead.com/classic/quest=8906/an-earnest-proposition"", ""https://www.wowhead.com/classic/quest=8931/just-compensation"", ""https://www.wowhead.com/classic/quest=8952/anthions-parting-words"", ""https://www.wowhead.com/classic/quest=9000/saving-the-best-for-last""]","Conditional reward-stage guidance only. Quest completion, not item possession, proves eligibility. Matching D1 slot is consumed. Full D1 set is unnecessary; same-stage rewards unlock together.","{""questStage"": 4, ""questVariantIds"": ""not enumerated"", ""matchingDungeon1Piece"": ""set_dungeon1:6_3_piece""}",,,False,raid_set_step_audit.json
set_dungeon2:sections[6].pieces[4],set_dungeon2,sections[6].pieces[4],6_4_piece,piece,True,Gauntlets of The Five Thunders from the quest 'Just Compensation'.,candidate,"[""set_dungeon2:sections[6].pieces[7]""]",[],"same class AND same questing character, faction-specific variants",Classic stage sequence supported; quest IDs/evidence missing,"[""https://www.wowhead.com/classic/guide/dungeon-sets-1-2-quests-wow-classic"", ""https://www.wowhead.com/classic/quest=8906/an-earnest-proposition"", ""https://www.wowhead.com/classic/quest=8931/just-compensation"", ""https://www.wowhead.com/classic/quest=8952/anthions-parting-words"", ""https://www.wowhead.com/classic/quest=9000/saving-the-best-for-last""]","Conditional reward-stage guidance only. Quest completion, not item possession, proves eligibility. Matching D1 slot is consumed. Full D1 set is unnecessary; same-stage rewards unlock together.","{""questStage"": 2, ""questVariantIds"": ""not enumerated"", ""matchingDungeon1Piece"": ""set_dungeon1:6_4_piece""}",,,False,raid_set_step_audit.json
set_dungeon2:sections[6].pieces[5],set_dungeon2,sections[6].pieces[5],6_5_piece,piece,True,Kilt of The Five Thunders from the quest 'Anthion's Parting Words'.,candidate,"[""set_dungeon2:sections[6].pieces[4]"", ""set_dungeon2:sections[6].pieces[6]""]",[],"same class AND same questing character, faction-specific variants",Classic stage sequence supported; quest IDs/evidence missing,"[""https://www.wowhead.com/classic/guide/dungeon-sets-1-2-quests-wow-classic"", ""https://www.wowhead.com/classic/quest=8906/an-earnest-proposition"", ""https://www.wowhead.com/classic/quest=8931/just-compensation"", ""https://www.wowhead.com/classic/quest=8952/anthions-parting-words"", ""https://www.wowhead.com/classic/quest=9000/saving-the-best-for-last""]","Conditional reward-stage guidance only. Quest completion, not item possession, proves eligibility. Matching D1 slot is consumed. Full D1 set is unnecessary; same-stage rewards unlock together.","{""questStage"": 3, ""questVariantIds"": ""not enumerated"", ""matchingDungeon1Piece"": ""set_dungeon1:6_5_piece""}",,,False,raid_set_step_audit.json
set_dungeon2:sections[6].pieces[6],set_dungeon2,sections[6].pieces[6],6_6_piece,piece,True,Cord of The Five Thunders from the quest 'Just Compensation'.,candidate,"[""set_dungeon2:sections[6].pieces[7]""]",[],"same class AND same questing character, faction-specific variants",Classic stage sequence supported; quest IDs/evidence missing,"[""https://www.wowhead.com/classic/guide/dungeon-sets-1-2-quests-wow-classic"", ""https://www.wowhead.com/classic/quest=8906/an-earnest-proposition"", ""https://www.wowhead.com/classic/quest=8931/just-compensation"", ""https://www.wowhead.com/classic/quest=8952/anthions-parting-words"", ""https://www.wowhead.com/classic/quest=9000/saving-the-best-for-last""]","Conditional reward-stage guidance only. Quest completion, not item possession, proves eligibility. Matching D1 slot is consumed. Full D1 set is unnecessary; same-stage rewards unlock together.","{""questStage"": 2, ""questVariantIds"": ""not enumerated"", ""matchingDungeon1Piece"": ""set_dungeon1:6_6_piece""}",,,False,raid_set_step_audit.json
set_dungeon2:sections[6].pieces[7],set_dungeon2,sections[6].pieces[7],6_7_piece,piece,True,Bindings of The Five Thunders from the quest 'An Earnest Proposition'.,no_lock,[],[],"same class AND same questing character, faction-specific variants",Classic stage sequence supported; quest IDs/evidence missing,"[""https://www.wowhead.com/classic/guide/dungeon-sets-1-2-quests-wow-classic"", ""https://www.wowhead.com/classic/quest=8906/an-earnest-proposition"", ""https://www.wowhead.com/classic/quest=8931/just-compensation"", ""https://www.wowhead.com/classic/quest=8952/anthions-parting-words"", ""https://www.wowhead.com/classic/quest=9000/saving-the-best-for-last""]","Conditional reward-stage guidance only. Quest completion, not item possession, proves eligibility. Matching D1 slot is consumed. Full D1 set is unnecessary; same-stage rewards unlock together.","{""questStage"": 1, ""questVariantIds"": ""not enumerated"", ""matchingDungeon1Piece"": ""set_dungeon1:6_7_piece""}",,,False,raid_set_step_audit.json
set_dungeon2:sections[6].pieces[8],set_dungeon2,sections[6].pieces[8],6_8_piece,piece,True,Boots of The Five Thunders from the quest 'Anthion's Parting Words'.,candidate,"[""set_dungeon2:sections[6].pieces[4]"", ""set_dungeon2:sections[6].pieces[6]""]",[],"same class AND same questing character, faction-specific variants",Classic stage sequence supported; quest IDs/evidence missing,"[""https://www.wowhead.com/classic/guide/dungeon-sets-1-2-quests-wow-classic"", ""https://www.wowhead.com/classic/quest=8906/an-earnest-proposition"", ""https://www.wowhead.com/classic/quest=8931/just-compensation"", ""https://www.wowhead.com/classic/quest=8952/anthions-parting-words"", ""https://www.wowhead.com/classic/quest=9000/saving-the-best-for-last""]","Conditional reward-stage guidance only. Quest completion, not item possession, proves eligibility. Matching D1 slot is consumed. Full D1 set is unnecessary; same-stage rewards unlock together.","{""questStage"": 3, ""questVariantIds"": ""not enumerated"", ""matchingDungeon1Piece"": ""set_dungeon1:6_8_piece""}",,,False,raid_set_step_audit.json
set_dungeon2:sections[7].pieces[1],set_dungeon2,sections[7].pieces[1],7_1_piece,piece,True,Sorcerer's Crown from the quest 'Saving the Best for Last'.,candidate,"[""set_dungeon2:sections[7].pieces[2]"", ""set_dungeon2:sections[7].pieces[5]"", ""set_dungeon2:sections[7].pieces[8]""]",[],"same class AND same questing character, faction-specific variants",Classic stage sequence supported; quest IDs/evidence missing,"[""https://www.wowhead.com/classic/guide/dungeon-sets-1-2-quests-wow-classic"", ""https://www.wowhead.com/classic/quest=8906/an-earnest-proposition"", ""https://www.wowhead.com/classic/quest=8931/just-compensation"", ""https://www.wowhead.com/classic/quest=8952/anthions-parting-words"", ""https://www.wowhead.com/classic/quest=9000/saving-the-best-for-last""]","Conditional reward-stage guidance only. Quest completion, not item possession, proves eligibility. Matching D1 slot is consumed. Full D1 set is unnecessary; same-stage rewards unlock together.","{""questStage"": 4, ""questVariantIds"": ""not enumerated"", ""matchingDungeon1Piece"": ""set_dungeon1:7_1_piece""}",,,False,raid_set_step_audit.json
set_dungeon2:sections[7].pieces[2],set_dungeon2,sections[7].pieces[2],7_2_piece,piece,True,Sorcerer's Mantle from the quest 'Anthion's Parting Words'.,candidate,"[""set_dungeon2:sections[7].pieces[4]"", ""set_dungeon2:sections[7].pieces[6]""]",[],"same class AND same questing character, faction-specific variants",Classic stage sequence supported; quest IDs/evidence missing,"[""https://www.wowhead.com/classic/guide/dungeon-sets-1-2-quests-wow-classic"", ""https://www.wowhead.com/classic/quest=8906/an-earnest-proposition"", ""https://www.wowhead.com/classic/quest=8931/just-compensation"", ""https://www.wowhead.com/classic/quest=8952/anthions-parting-words"", ""https://www.wowhead.com/classic/quest=9000/saving-the-best-for-last""]","Conditional reward-stage guidance only. Quest completion, not item possession, proves eligibility. Matching D1 slot is consumed. Full D1 set is unnecessary; same-stage rewards unlock together.","{""questStage"": 3, ""questVariantIds"": ""not enumerated"", ""matchingDungeon1Piece"": ""set_dungeon1:7_2_piece""}",,,False,raid_set_step_audit.json
set_dungeon2:sections[7].pieces[3],set_dungeon2,sections[7].pieces[3],7_3_piece,piece,True,Sorcerer's Robes from the quest 'Saving the Best for Last'.,candidate,"[""set_dungeon2:sections[7].pieces[2]"", ""set_dungeon2:sections[7].pieces[5]"", ""set_dungeon2:sections[7].pieces[8]""]",[],"same class AND same questing character, faction-specific variants",Classic stage sequence supported; quest IDs/evidence missing,"[""https://www.wowhead.com/classic/guide/dungeon-sets-1-2-quests-wow-classic"", ""https://www.wowhead.com/classic/quest=8906/an-earnest-proposition"", ""https://www.wowhead.com/classic/quest=8931/just-compensation"", ""https://www.wowhead.com/classic/quest=8952/anthions-parting-words"", ""https://www.wowhead.com/classic/quest=9000/saving-the-best-for-last""]","Conditional reward-stage guidance only. Quest completion, not item possession, proves eligibility. Matching D1 slot is consumed. Full D1 set is unnecessary; same-stage rewards unlock together.","{""questStage"": 4, ""questVariantIds"": ""not enumerated"", ""matchingDungeon1Piece"": ""set_dungeon1:7_3_piece""}",,,False,raid_set_step_audit.json
set_dungeon2:sections[7].pieces[4],set_dungeon2,sections[7].pieces[4],7_4_piece,piece,True,Sorcerer's Gloves from the quest 'Just Compensation'.,candidate,"[""set_dungeon2:sections[7].pieces[7]""]",[],"same class AND same questing character, faction-specific variants",Classic stage sequence supported; quest IDs/evidence missing,"[""https://www.wowhead.com/classic/guide/dungeon-sets-1-2-quests-wow-classic"", ""https://www.wowhead.com/classic/quest=8906/an-earnest-proposition"", ""https://www.wowhead.com/classic/quest=8931/just-compensation"", ""https://www.wowhead.com/classic/quest=8952/anthions-parting-words"", ""https://www.wowhead.com/classic/quest=9000/saving-the-best-for-last""]","Conditional reward-stage guidance only. Quest completion, not item possession, proves eligibility. Matching D1 slot is consumed. Full D1 set is unnecessary; same-stage rewards unlock together.","{""questStage"": 2, ""questVariantIds"": ""not enumerated"", ""matchingDungeon1Piece"": ""set_dungeon1:7_4_piece""}",,,False,raid_set_step_audit.json
set_dungeon2:sections[7].pieces[5],set_dungeon2,sections[7].pieces[5],7_5_piece,piece,True,Sorcerer's Leggings from the quest 'Anthion's Parting Words'.,candidate,"[""set_dungeon2:sections[7].pieces[4]"", ""set_dungeon2:sections[7].pieces[6]""]",[],"same class AND same questing character, faction-specific variants",Classic stage sequence supported; quest IDs/evidence missing,"[""https://www.wowhead.com/classic/guide/dungeon-sets-1-2-quests-wow-classic"", ""https://www.wowhead.com/classic/quest=8906/an-earnest-proposition"", ""https://www.wowhead.com/classic/quest=8931/just-compensation"", ""https://www.wowhead.com/classic/quest=8952/anthions-parting-words"", ""https://www.wowhead.com/classic/quest=9000/saving-the-best-for-last""]","Conditional reward-stage guidance only. Quest completion, not item possession, proves eligibility. Matching D1 slot is consumed. Full D1 set is unnecessary; same-stage rewards unlock together.","{""questStage"": 3, ""questVariantIds"": ""not enumerated"", ""matchingDungeon1Piece"": ""set_dungeon1:7_5_piece""}",,,False,raid_set_step_audit.json
set_dungeon2:sections[7].pieces[6],set_dungeon2,sections[7].pieces[6],7_6_piece,piece,True,Sorcerer's Belt from the quest 'Just Compensation'.,candidate,"[""set_dungeon2:sections[7].pieces[7]""]",[],"same class AND same questing character, faction-specific variants",Classic stage sequence supported; quest IDs/evidence missing,"[""https://www.wowhead.com/classic/guide/dungeon-sets-1-2-quests-wow-classic"", ""https://www.wowhead.com/classic/quest=8906/an-earnest-proposition"", ""https://www.wowhead.com/classic/quest=8931/just-compensation"", ""https://www.wowhead.com/classic/quest=8952/anthions-parting-words"", ""https://www.wowhead.com/classic/quest=9000/saving-the-best-for-last""]","Conditional reward-stage guidance only. Quest completion, not item possession, proves eligibility. Matching D1 slot is consumed. Full D1 set is unnecessary; same-stage rewards unlock together.","{""questStage"": 2, ""questVariantIds"": ""not enumerated"", ""matchingDungeon1Piece"": ""set_dungeon1:7_6_piece""}",,,False,raid_set_step_audit.json
set_dungeon2:sections[7].pieces[7],set_dungeon2,sections[7].pieces[7],7_7_piece,piece,True,Sorcerer's Bindings from the quest 'An Earnest Proposition'.,no_lock,[],[],"same class AND same questing character, faction-specific variants",Classic stage sequence supported; quest IDs/evidence missing,"[""https://www.wowhead.com/classic/guide/dungeon-sets-1-2-quests-wow-classic"", ""https://www.wowhead.com/classic/quest=8906/an-earnest-proposition"", ""https://www.wowhead.com/classic/quest=8931/just-compensation"", ""https://www.wowhead.com/classic/quest=8952/anthions-parting-words"", ""https://www.wowhead.com/classic/quest=9000/saving-the-best-for-last""]","Conditional reward-stage guidance only. Quest completion, not item possession, proves eligibility. Matching D1 slot is consumed. Full D1 set is unnecessary; same-stage rewards unlock together.","{""questStage"": 1, ""questVariantIds"": ""not enumerated"", ""matchingDungeon1Piece"": ""set_dungeon1:7_7_piece""}",,,False,raid_set_step_audit.json
set_dungeon2:sections[7].pieces[8],set_dungeon2,sections[7].pieces[8],7_8_piece,piece,True,Sorcerer's Boots from the quest 'Anthion's Parting Words'.,candidate,"[""set_dungeon2:sections[7].pieces[4]"", ""set_dungeon2:sections[7].pieces[6]""]",[],"same class AND same questing character, faction-specific variants",Classic stage sequence supported; quest IDs/evidence missing,"[""https://www.wowhead.com/classic/guide/dungeon-sets-1-2-quests-wow-classic"", ""https://www.wowhead.com/classic/quest=8906/an-earnest-proposition"", ""https://www.wowhead.com/classic/quest=8931/just-compensation"", ""https://www.wowhead.com/classic/quest=8952/anthions-parting-words"", ""https://www.wowhead.com/classic/quest=9000/saving-the-best-for-last""]","Conditional reward-stage guidance only. Quest completion, not item possession, proves eligibility. Matching D1 slot is consumed. Full D1 set is unnecessary; same-stage rewards unlock together.","{""questStage"": 3, ""questVariantIds"": ""not enumerated"", ""matchingDungeon1Piece"": ""set_dungeon1:7_8_piece""}",,,False,raid_set_step_audit.json
set_dungeon2:sections[8].pieces[1],set_dungeon2,sections[8].pieces[1],8_1_piece,piece,True,Deathmist Mask from the quest 'Saving the Best for Last'.,candidate,"[""set_dungeon2:sections[8].pieces[2]"", ""set_dungeon2:sections[8].pieces[5]"", ""set_dungeon2:sections[8].pieces[8]""]",[],"same class AND same questing character, faction-specific variants",Classic stage sequence supported; quest IDs/evidence missing,"[""https://www.wowhead.com/classic/guide/dungeon-sets-1-2-quests-wow-classic"", ""https://www.wowhead.com/classic/quest=8906/an-earnest-proposition"", ""https://www.wowhead.com/classic/quest=8931/just-compensation"", ""https://www.wowhead.com/classic/quest=8952/anthions-parting-words"", ""https://www.wowhead.com/classic/quest=9000/saving-the-best-for-last""]","Conditional reward-stage guidance only. Quest completion, not item possession, proves eligibility. Matching D1 slot is consumed. Full D1 set is unnecessary; same-stage rewards unlock together.","{""questStage"": 4, ""questVariantIds"": ""not enumerated"", ""matchingDungeon1Piece"": ""set_dungeon1:8_1_piece""}",,,False,raid_set_step_audit.json
set_dungeon2:sections[8].pieces[2],set_dungeon2,sections[8].pieces[2],8_2_piece,piece,True,Deathmist Mantle from the quest 'Anthion's Parting Words'.,candidate,"[""set_dungeon2:sections[8].pieces[4]"", ""set_dungeon2:sections[8].pieces[6]""]",[],"same class AND same questing character, faction-specific variants",Classic stage sequence supported; quest IDs/evidence missing,"[""https://www.wowhead.com/classic/guide/dungeon-sets-1-2-quests-wow-classic"", ""https://www.wowhead.com/classic/quest=8906/an-earnest-proposition"", ""https://www.wowhead.com/classic/quest=8931/just-compensation"", ""https://www.wowhead.com/classic/quest=8952/anthions-parting-words"", ""https://www.wowhead.com/classic/quest=9000/saving-the-best-for-last""]","Conditional reward-stage guidance only. Quest completion, not item possession, proves eligibility. Matching D1 slot is consumed. Full D1 set is unnecessary; same-stage rewards unlock together.","{""questStage"": 3, ""questVariantIds"": ""not enumerated"", ""matchingDungeon1Piece"": ""set_dungeon1:8_2_piece""}",,,False,raid_set_step_audit.json
set_dungeon2:sections[8].pieces[3],set_dungeon2,sections[8].pieces[3],8_3_piece,piece,True,Deathmist Robe from the quest 'Saving the Best for Last'.,candidate,"[""set_dungeon2:sections[8].pieces[2]"", ""set_dungeon2:sections[8].pieces[5]"", ""set_dungeon2:sections[8].pieces[8]""]",[],"same class AND same questing character, faction-specific variants",Classic stage sequence supported; quest IDs/evidence missing,"[""https://www.wowhead.com/classic/guide/dungeon-sets-1-2-quests-wow-classic"", ""https://www.wowhead.com/classic/quest=8906/an-earnest-proposition"", ""https://www.wowhead.com/classic/quest=8931/just-compensation"", ""https://www.wowhead.com/classic/quest=8952/anthions-parting-words"", ""https://www.wowhead.com/classic/quest=9000/saving-the-best-for-last""]","Conditional reward-stage guidance only. Quest completion, not item possession, proves eligibility. Matching D1 slot is consumed. Full D1 set is unnecessary; same-stage rewards unlock together.","{""questStage"": 4, ""questVariantIds"": ""not enumerated"", ""matchingDungeon1Piece"": ""set_dungeon1:8_3_piece""}",,,False,raid_set_step_audit.json
set_dungeon2:sections[8].pieces[4],set_dungeon2,sections[8].pieces[4],8_4_piece,piece,True,Deathmist Wraps from the quest 'Just Compensation'.,candidate,"[""set_dungeon2:sections[8].pieces[7]""]",[],"same class AND same questing character, faction-specific variants",Classic stage sequence supported; quest IDs/evidence missing,"[""https://www.wowhead.com/classic/guide/dungeon-sets-1-2-quests-wow-classic"", ""https://www.wowhead.com/classic/quest=8906/an-earnest-proposition"", ""https://www.wowhead.com/classic/quest=8931/just-compensation"", ""https://www.wowhead.com/classic/quest=8952/anthions-parting-words"", ""https://www.wowhead.com/classic/quest=9000/saving-the-best-for-last""]","Conditional reward-stage guidance only. Quest completion, not item possession, proves eligibility. Matching D1 slot is consumed. Full D1 set is unnecessary; same-stage rewards unlock together.","{""questStage"": 2, ""questVariantIds"": ""not enumerated"", ""matchingDungeon1Piece"": ""set_dungeon1:8_4_piece""}",,,False,raid_set_step_audit.json
set_dungeon2:sections[8].pieces[5],set_dungeon2,sections[8].pieces[5],8_5_piece,piece,True,Deathmist Leggings from the quest 'Anthion's Parting Words'.,candidate,"[""set_dungeon2:sections[8].pieces[4]"", ""set_dungeon2:sections[8].pieces[6]""]",[],"same class AND same questing character, faction-specific variants",Classic stage sequence supported; quest IDs/evidence missing,"[""https://www.wowhead.com/classic/guide/dungeon-sets-1-2-quests-wow-classic"", ""https://www.wowhead.com/classic/quest=8906/an-earnest-proposition"", ""https://www.wowhead.com/classic/quest=8931/just-compensation"", ""https://www.wowhead.com/classic/quest=8952/anthions-parting-words"", ""https://www.wowhead.com/classic/quest=9000/saving-the-best-for-last""]","Conditional reward-stage guidance only. Quest completion, not item possession, proves eligibility. Matching D1 slot is consumed. Full D1 set is unnecessary; same-stage rewards unlock together.","{""questStage"": 3, ""questVariantIds"": ""not enumerated"", ""matchingDungeon1Piece"": ""set_dungeon1:8_5_piece""}",,,False,raid_set_step_audit.json
set_dungeon2:sections[8].pieces[6],set_dungeon2,sections[8].pieces[6],8_6_piece,piece,True,Deathmist Belt from the quest 'Just Compensation'.,candidate,"[""set_dungeon2:sections[8].pieces[7]""]",[],"same class AND same questing character, faction-specific variants",Classic stage sequence supported; quest IDs/evidence missing,"[""https://www.wowhead.com/classic/guide/dungeon-sets-1-2-quests-wow-classic"", ""https://www.wowhead.com/classic/quest=8906/an-earnest-proposition"", ""https://www.wowhead.com/classic/quest=8931/just-compensation"", ""https://www.wowhead.com/classic/quest=8952/anthions-parting-words"", ""https://www.wowhead.com/classic/quest=9000/saving-the-best-for-last""]","Conditional reward-stage guidance only. Quest completion, not item possession, proves eligibility. Matching D1 slot is consumed. Full D1 set is unnecessary; same-stage rewards unlock together.","{""questStage"": 2, ""questVariantIds"": ""not enumerated"", ""matchingDungeon1Piece"": ""set_dungeon1:8_6_piece""}",,,False,raid_set_step_audit.json
set_dungeon2:sections[8].pieces[7],set_dungeon2,sections[8].pieces[7],8_7_piece,piece,True,Deathmist Bracers from the quest 'An Earnest Proposition'.,no_lock,[],[],"same class AND same questing character, faction-specific variants",Classic stage sequence supported; quest IDs/evidence missing,"[""https://www.wowhead.com/classic/guide/dungeon-sets-1-2-quests-wow-classic"", ""https://www.wowhead.com/classic/quest=8906/an-earnest-proposition"", ""https://www.wowhead.com/classic/quest=8931/just-compensation"", ""https://www.wowhead.com/classic/quest=8952/anthions-parting-words"", ""https://www.wowhead.com/classic/quest=9000/saving-the-best-for-last""]","Conditional reward-stage guidance only. Quest completion, not item possession, proves eligibility. Matching D1 slot is consumed. Full D1 set is unnecessary; same-stage rewards unlock together.","{""questStage"": 1, ""questVariantIds"": ""not enumerated"", ""matchingDungeon1Piece"": ""set_dungeon1:8_7_piece""}",,,False,raid_set_step_audit.json
set_dungeon2:sections[8].pieces[8],set_dungeon2,sections[8].pieces[8],8_8_piece,piece,True,Deathmist Sandals from the quest 'Anthion's Parting Words'.,candidate,"[""set_dungeon2:sections[8].pieces[4]"", ""set_dungeon2:sections[8].pieces[6]""]",[],"same class AND same questing character, faction-specific variants",Classic stage sequence supported; quest IDs/evidence missing,"[""https://www.wowhead.com/classic/guide/dungeon-sets-1-2-quests-wow-classic"", ""https://www.wowhead.com/classic/quest=8906/an-earnest-proposition"", ""https://www.wowhead.com/classic/quest=8931/just-compensation"", ""https://www.wowhead.com/classic/quest=8952/anthions-parting-words"", ""https://www.wowhead.com/classic/quest=9000/saving-the-best-for-last""]","Conditional reward-stage guidance only. Quest completion, not item possession, proves eligibility. Matching D1 slot is consumed. Full D1 set is unnecessary; same-stage rewards unlock together.","{""questStage"": 3, ""questVariantIds"": ""not enumerated"", ""matchingDungeon1Piece"": ""set_dungeon1:8_8_piece""}",,,False,raid_set_step_audit.json
set_dungeon2:sections[9].pieces[1],set_dungeon2,sections[9].pieces[1],9_1_piece,piece,True,Feralheart Cowl from the quest 'Saving the Best for Last'.,candidate,"[""set_dungeon2:sections[9].pieces[2]"", ""set_dungeon2:sections[9].pieces[5]"", ""set_dungeon2:sections[9].pieces[8]""]",[],"same class AND same questing character, faction-specific variants",Classic stage sequence supported; quest IDs/evidence missing,"[""https://www.wowhead.com/classic/guide/dungeon-sets-1-2-quests-wow-classic"", ""https://www.wowhead.com/classic/quest=8906/an-earnest-proposition"", ""https://www.wowhead.com/classic/quest=8931/just-compensation"", ""https://www.wowhead.com/classic/quest=8952/anthions-parting-words"", ""https://www.wowhead.com/classic/quest=9000/saving-the-best-for-last""]","Conditional reward-stage guidance only. Quest completion, not item possession, proves eligibility. Matching D1 slot is consumed. Full D1 set is unnecessary; same-stage rewards unlock together.","{""questStage"": 4, ""questVariantIds"": ""not enumerated"", ""matchingDungeon1Piece"": ""set_dungeon1:9_1_piece""}",,,False,raid_set_step_audit.json
set_dungeon2:sections[9].pieces[2],set_dungeon2,sections[9].pieces[2],9_2_piece,piece,True,Feralheart Spaulders from the quest 'Anthion's Parting Words'.,candidate,"[""set_dungeon2:sections[9].pieces[4]"", ""set_dungeon2:sections[9].pieces[6]""]",[],"same class AND same questing character, faction-specific variants",Classic stage sequence supported; quest IDs/evidence missing,"[""https://www.wowhead.com/classic/guide/dungeon-sets-1-2-quests-wow-classic"", ""https://www.wowhead.com/classic/quest=8906/an-earnest-proposition"", ""https://www.wowhead.com/classic/quest=8931/just-compensation"", ""https://www.wowhead.com/classic/quest=8952/anthions-parting-words"", ""https://www.wowhead.com/classic/quest=9000/saving-the-best-for-last""]","Conditional reward-stage guidance only. Quest completion, not item possession, proves eligibility. Matching D1 slot is consumed. Full D1 set is unnecessary; same-stage rewards unlock together.","{""questStage"": 3, ""questVariantIds"": ""not enumerated"", ""matchingDungeon1Piece"": ""set_dungeon1:9_2_piece""}",,,False,raid_set_step_audit.json
set_dungeon2:sections[9].pieces[3],set_dungeon2,sections[9].pieces[3],9_3_piece,piece,True,Feralheart Vest from the quest 'Saving the Best for Last'.,candidate,"[""set_dungeon2:sections[9].pieces[2]"", ""set_dungeon2:sections[9].pieces[5]"", ""set_dungeon2:sections[9].pieces[8]""]",[],"same class AND same questing character, faction-specific variants",Classic stage sequence supported; quest IDs/evidence missing,"[""https://www.wowhead.com/classic/guide/dungeon-sets-1-2-quests-wow-classic"", ""https://www.wowhead.com/classic/quest=8906/an-earnest-proposition"", ""https://www.wowhead.com/classic/quest=8931/just-compensation"", ""https://www.wowhead.com/classic/quest=8952/anthions-parting-words"", ""https://www.wowhead.com/classic/quest=9000/saving-the-best-for-last""]","Conditional reward-stage guidance only. Quest completion, not item possession, proves eligibility. Matching D1 slot is consumed. Full D1 set is unnecessary; same-stage rewards unlock together.","{""questStage"": 4, ""questVariantIds"": ""not enumerated"", ""matchingDungeon1Piece"": ""set_dungeon1:9_3_piece""}",,,False,raid_set_step_audit.json
set_dungeon2:sections[9].pieces[4],set_dungeon2,sections[9].pieces[4],9_4_piece,piece,True,Feralheart Gloves from the quest 'Just Compensation'.,candidate,"[""set_dungeon2:sections[9].pieces[7]""]",[],"same class AND same questing character, faction-specific variants",Classic stage sequence supported; quest IDs/evidence missing,"[""https://www.wowhead.com/classic/guide/dungeon-sets-1-2-quests-wow-classic"", ""https://www.wowhead.com/classic/quest=8906/an-earnest-proposition"", ""https://www.wowhead.com/classic/quest=8931/just-compensation"", ""https://www.wowhead.com/classic/quest=8952/anthions-parting-words"", ""https://www.wowhead.com/classic/quest=9000/saving-the-best-for-last""]","Conditional reward-stage guidance only. Quest completion, not item possession, proves eligibility. Matching D1 slot is consumed. Full D1 set is unnecessary; same-stage rewards unlock together.","{""questStage"": 2, ""questVariantIds"": ""not enumerated"", ""matchingDungeon1Piece"": ""set_dungeon1:9_4_piece""}",,,False,raid_set_step_audit.json
set_dungeon2:sections[9].pieces[5],set_dungeon2,sections[9].pieces[5],9_5_piece,piece,True,Feralheart Kilt from the quest 'Anthion's Parting Words'.,candidate,"[""set_dungeon2:sections[9].pieces[4]"", ""set_dungeon2:sections[9].pieces[6]""]",[],"same class AND same questing character, faction-specific variants",Classic stage sequence supported; quest IDs/evidence missing,"[""https://www.wowhead.com/classic/guide/dungeon-sets-1-2-quests-wow-classic"", ""https://www.wowhead.com/classic/quest=8906/an-earnest-proposition"", ""https://www.wowhead.com/classic/quest=8931/just-compensation"", ""https://www.wowhead.com/classic/quest=8952/anthions-parting-words"", ""https://www.wowhead.com/classic/quest=9000/saving-the-best-for-last""]","Conditional reward-stage guidance only. Quest completion, not item possession, proves eligibility. Matching D1 slot is consumed. Full D1 set is unnecessary; same-stage rewards unlock together.","{""questStage"": 3, ""questVariantIds"": ""not enumerated"", ""matchingDungeon1Piece"": ""set_dungeon1:9_5_piece""}",,,False,raid_set_step_audit.json
set_dungeon2:sections[9].pieces[6],set_dungeon2,sections[9].pieces[6],9_6_piece,piece,True,Feralheart Belt from the quest 'Just Compensation'.,candidate,"[""set_dungeon2:sections[9].pieces[7]""]",[],"same class AND same questing character, faction-specific variants",Classic stage sequence supported; quest IDs/evidence missing,"[""https://www.wowhead.com/classic/guide/dungeon-sets-1-2-quests-wow-classic"", ""https://www.wowhead.com/classic/quest=8906/an-earnest-proposition"", ""https://www.wowhead.com/classic/quest=8931/just-compensation"", ""https://www.wowhead.com/classic/quest=8952/anthions-parting-words"", ""https://www.wowhead.com/classic/quest=9000/saving-the-best-for-last""]","Conditional reward-stage guidance only. Quest completion, not item possession, proves eligibility. Matching D1 slot is consumed. Full D1 set is unnecessary; same-stage rewards unlock together.","{""questStage"": 2, ""questVariantIds"": ""not enumerated"", ""matchingDungeon1Piece"": ""set_dungeon1:9_6_piece""}",,,False,raid_set_step_audit.json
set_dungeon2:sections[9].pieces[7],set_dungeon2,sections[9].pieces[7],9_7_piece,piece,True,Feralheart Bracers from the quest 'An Earnest Proposition'.,no_lock,[],[],"same class AND same questing character, faction-specific variants",Classic stage sequence supported; quest IDs/evidence missing,"[""https://www.wowhead.com/classic/guide/dungeon-sets-1-2-quests-wow-classic"", ""https://www.wowhead.com/classic/quest=8906/an-earnest-proposition"", ""https://www.wowhead.com/classic/quest=8931/just-compensation"", ""https://www.wowhead.com/classic/quest=8952/anthions-parting-words"", ""https://www.wowhead.com/classic/quest=9000/saving-the-best-for-last""]","Conditional reward-stage guidance only. Quest completion, not item possession, proves eligibility. Matching D1 slot is consumed. Full D1 set is unnecessary; same-stage rewards unlock together.","{""questStage"": 1, ""questVariantIds"": ""not enumerated"", ""matchingDungeon1Piece"": ""set_dungeon1:9_7_piece""}",,,False,raid_set_step_audit.json
set_dungeon2:sections[9].pieces[8],set_dungeon2,sections[9].pieces[8],9_8_piece,piece,True,Feralheart Boots from the quest 'Anthion's Parting Words'.,candidate,"[""set_dungeon2:sections[9].pieces[4]"", ""set_dungeon2:sections[9].pieces[6]""]",[],"same class AND same questing character, faction-specific variants",Classic stage sequence supported; quest IDs/evidence missing,"[""https://www.wowhead.com/classic/guide/dungeon-sets-1-2-quests-wow-classic"", ""https://www.wowhead.com/classic/quest=8906/an-earnest-proposition"", ""https://www.wowhead.com/classic/quest=8931/just-compensation"", ""https://www.wowhead.com/classic/quest=8952/anthions-parting-words"", ""https://www.wowhead.com/classic/quest=9000/saving-the-best-for-last""]","Conditional reward-stage guidance only. Quest completion, not item possession, proves eligibility. Matching D1 slot is consumed. Full D1 set is unnecessary; same-stage rewards unlock together.","{""questStage"": 3, ""questVariantIds"": ""not enumerated"", ""matchingDungeon1Piece"": ""set_dungeon1:9_8_piece""}",,,False,raid_set_step_audit.json
set_viper:steps[1],set_viper,steps[1],1,step,True,Loot Armor of the Fang from Lord Pythas.,no_lock,[],[],same class section for sets; independent collection,"high for collection independence, unconfirmed Forever equivalence","[""https://github.com/karl-neiswender/ForeverGoalTracker/blob/main/Library.lua""]",No item-collection prerequisite on another set piece. Auto-completed ownership overrides locks.,,,,False,raid_set_step_audit.json
set_viper:steps[2],set_viper,steps[2],2,step,True,Loot Leggings of the Fang from Lord Cobrahn.,no_lock,[],[],same class section for sets; independent collection,"high for collection independence, unconfirmed Forever equivalence","[""https://github.com/karl-neiswender/ForeverGoalTracker/blob/main/Library.lua""]",No item-collection prerequisite on another set piece. Auto-completed ownership overrides locks.,,,,False,raid_set_step_audit.json
set_viper:steps[3],set_viper,steps[3],3,step,True,Loot Footpads of the Fang from Lord Serpentis.,no_lock,[],[],same class section for sets; independent collection,"high for collection independence, unconfirmed Forever equivalence","[""https://github.com/karl-neiswender/ForeverGoalTracker/blob/main/Library.lua""]",No item-collection prerequisite on another set piece. Auto-completed ownership overrides locks.,,,,False,raid_set_step_audit.json
set_viper:steps[4],set_viper,steps[4],4,step,True,Loot Belt of the Fang from Lady Anacondra.,no_lock,[],[],same class section for sets; independent collection,"high for collection independence, unconfirmed Forever equivalence","[""https://github.com/karl-neiswender/ForeverGoalTracker/blob/main/Library.lua""]",No item-collection prerequisite on another set piece. Auto-completed ownership overrides locks.,,,,False,raid_set_step_audit.json
set_viper:steps[5],set_viper,steps[5],5,step,True,Loot Gloves of the Fang from Druids of the Fang (rare).,no_lock,[],[],same class section for sets; independent collection,"high for collection independence, unconfirmed Forever equivalence","[""https://github.com/karl-neiswender/ForeverGoalTracker/blob/main/Library.lua""]",No item-collection prerequisite on another set piece. Auto-completed ownership overrides locks.,,,,False,raid_set_step_audit.json
set_forever_raid:sections[1].pieces[1],set_forever_raid,sections[1].pieces[1],1_1_piece,piece,True,Helm of Glory,withheld,[],[],same class section for sets; independent collection,"high for collection independence, unconfirmed Forever equivalence","[""https://www.wowhead.com/forever/guide/raids-overview-hub-dates-locations""]",No piece-to-piece locks; boss drops and access prerequisites not confirmed.,,,,False,raid_set_step_audit.json
set_forever_raid:sections[1].pieces[2],set_forever_raid,sections[1].pieces[2],1_2_piece,piece,True,Shoulders of Glory,withheld,[],[],same class section for sets; independent collection,"high for collection independence, unconfirmed Forever equivalence","[""https://www.wowhead.com/forever/guide/raids-overview-hub-dates-locations""]",No piece-to-piece locks; boss drops and access prerequisites not confirmed.,,,,False,raid_set_step_audit.json
set_forever_raid:sections[1].pieces[3],set_forever_raid,sections[1].pieces[3],1_3_piece,piece,True,Breastplate of Glory,withheld,[],[],same class section for sets; independent collection,"high for collection independence, unconfirmed Forever equivalence","[""https://www.wowhead.com/forever/guide/raids-overview-hub-dates-locations""]",No piece-to-piece locks; boss drops and access prerequisites not confirmed.,,,,False,raid_set_step_audit.json
set_forever_raid:sections[1].pieces[4],set_forever_raid,sections[1].pieces[4],1_4_piece,piece,True,Gauntlets of Glory,withheld,[],[],same class section for sets; independent collection,"high for collection independence, unconfirmed Forever equivalence","[""https://www.wowhead.com/forever/guide/raids-overview-hub-dates-locations""]",No piece-to-piece locks; boss drops and access prerequisites not confirmed.,,,,False,raid_set_step_audit.json
set_forever_raid:sections[1].pieces[5],set_forever_raid,sections[1].pieces[5],1_5_piece,piece,True,Legplates of Glory,withheld,[],[],same class section for sets; independent collection,"high for collection independence, unconfirmed Forever equivalence","[""https://www.wowhead.com/forever/guide/raids-overview-hub-dates-locations""]",No piece-to-piece locks; boss drops and access prerequisites not confirmed.,,,,False,raid_set_step_audit.json
set_forever_raid:sections[1].pieces[6],set_forever_raid,sections[1].pieces[6],1_6_piece,piece,True,Greaves of Glory,withheld,[],[],same class section for sets; independent collection,"high for collection independence, unconfirmed Forever equivalence","[""https://www.wowhead.com/forever/guide/raids-overview-hub-dates-locations""]",No piece-to-piece locks; boss drops and access prerequisites not confirmed.,,,,False,raid_set_step_audit.json
set_forever_raid:sections[2].pieces[1],set_forever_raid,sections[2].pieces[1],2_1_piece,piece,True,Justice Headpiece,withheld,[],[],same class section for sets; independent collection,"high for collection independence, unconfirmed Forever equivalence","[""https://www.wowhead.com/forever/guide/raids-overview-hub-dates-locations""]",No piece-to-piece locks; boss drops and access prerequisites not confirmed.,,,,False,raid_set_step_audit.json
set_forever_raid:sections[2].pieces[2],set_forever_raid,sections[2].pieces[2],2_2_piece,piece,True,Justice Epaulets,withheld,[],[],same class section for sets; independent collection,"high for collection independence, unconfirmed Forever equivalence","[""https://www.wowhead.com/forever/guide/raids-overview-hub-dates-locations""]",No piece-to-piece locks; boss drops and access prerequisites not confirmed.,,,,False,raid_set_step_audit.json
set_forever_raid:sections[2].pieces[3],set_forever_raid,sections[2].pieces[3],2_3_piece,piece,True,Justice Tunic,withheld,[],[],same class section for sets; independent collection,"high for collection independence, unconfirmed Forever equivalence","[""https://www.wowhead.com/forever/guide/raids-overview-hub-dates-locations""]",No piece-to-piece locks; boss drops and access prerequisites not confirmed.,,,,False,raid_set_step_audit.json
set_forever_raid:sections[2].pieces[4],set_forever_raid,sections[2].pieces[4],2_4_piece,piece,True,Justice Gloves,withheld,[],[],same class section for sets; independent collection,"high for collection independence, unconfirmed Forever equivalence","[""https://www.wowhead.com/forever/guide/raids-overview-hub-dates-locations""]",No piece-to-piece locks; boss drops and access prerequisites not confirmed.,,,,False,raid_set_step_audit.json
set_forever_raid:sections[2].pieces[5],set_forever_raid,sections[2].pieces[5],2_5_piece,piece,True,Justice Legplates,withheld,[],[],same class section for sets; independent collection,"high for collection independence, unconfirmed Forever equivalence","[""https://www.wowhead.com/forever/guide/raids-overview-hub-dates-locations""]",No piece-to-piece locks; boss drops and access prerequisites not confirmed.,,,,False,raid_set_step_audit.json
set_forever_raid:sections[2].pieces[6],set_forever_raid,sections[2].pieces[6],2_6_piece,piece,True,Justice Treads,withheld,[],[],same class section for sets; independent collection,"high for collection independence, unconfirmed Forever equivalence","[""https://www.wowhead.com/forever/guide/raids-overview-hub-dates-locations""]",No piece-to-piece locks; boss drops and access prerequisites not confirmed.,,,,False,raid_set_step_audit.json
set_forever_raid:sections[3].pieces[1],set_forever_raid,sections[3].pieces[1],3_1_piece,piece,True,Wildstalker's Helm,withheld,[],[],same class section for sets; independent collection,"high for collection independence, unconfirmed Forever equivalence","[""https://www.wowhead.com/forever/guide/raids-overview-hub-dates-locations""]",No piece-to-piece locks; boss drops and access prerequisites not confirmed.,,,,False,raid_set_step_audit.json
set_forever_raid:sections[3].pieces[2],set_forever_raid,sections[3].pieces[2],3_2_piece,piece,True,Wildstalker's Spaulders,withheld,[],[],same class section for sets; independent collection,"high for collection independence, unconfirmed Forever equivalence","[""https://www.wowhead.com/forever/guide/raids-overview-hub-dates-locations""]",No piece-to-piece locks; boss drops and access prerequisites not confirmed.,,,,False,raid_set_step_audit.json
set_forever_raid:sections[3].pieces[3],set_forever_raid,sections[3].pieces[3],3_3_piece,piece,True,Wildstalker's Breastplate,withheld,[],[],same class section for sets; independent collection,"high for collection independence, unconfirmed Forever equivalence","[""https://www.wowhead.com/forever/guide/raids-overview-hub-dates-locations""]",No piece-to-piece locks; boss drops and access prerequisites not confirmed.,,,,False,raid_set_step_audit.json
set_forever_raid:sections[3].pieces[4],set_forever_raid,sections[3].pieces[4],3_4_piece,piece,True,Wildstalker's Gauntlets,withheld,[],[],same class section for sets; independent collection,"high for collection independence, unconfirmed Forever equivalence","[""https://www.wowhead.com/forever/guide/raids-overview-hub-dates-locations""]",No piece-to-piece locks; boss drops and access prerequisites not confirmed.,,,,False,raid_set_step_audit.json
set_forever_raid:sections[3].pieces[5],set_forever_raid,sections[3].pieces[5],3_5_piece,piece,True,Wildstalker's Legguards,withheld,[],[],same class section for sets; independent collection,"high for collection independence, unconfirmed Forever equivalence","[""https://www.wowhead.com/forever/guide/raids-overview-hub-dates-locations""]",No piece-to-piece locks; boss drops and access prerequisites not confirmed.,,,,False,raid_set_step_audit.json
set_forever_raid:sections[3].pieces[6],set_forever_raid,sections[3].pieces[6],3_6_piece,piece,True,Wildstalker's Greaves,withheld,[],[],same class section for sets; independent collection,"high for collection independence, unconfirmed Forever equivalence","[""https://www.wowhead.com/forever/guide/raids-overview-hub-dates-locations""]",No piece-to-piece locks; boss drops and access prerequisites not confirmed.,,,,False,raid_set_step_audit.json
set_forever_raid:sections[4].pieces[1],set_forever_raid,sections[4].pieces[1],4_1_piece,piece,True,Grimstitch Mask,withheld,[],[],same class section for sets; independent collection,"high for collection independence, unconfirmed Forever equivalence","[""https://www.wowhead.com/forever/guide/raids-overview-hub-dates-locations""]",No piece-to-piece locks; boss drops and access prerequisites not confirmed.,,,,False,raid_set_step_audit.json
set_forever_raid:sections[4].pieces[2],set_forever_raid,sections[4].pieces[2],4_2_piece,piece,True,Grimstitch Spaulders,withheld,[],[],same class section for sets; independent collection,"high for collection independence, unconfirmed Forever equivalence","[""https://www.wowhead.com/forever/guide/raids-overview-hub-dates-locations""]",No piece-to-piece locks; boss drops and access prerequisites not confirmed.,,,,False,raid_set_step_audit.json
set_forever_raid:sections[4].pieces[3],set_forever_raid,sections[4].pieces[3],4_3_piece,piece,True,Grimstitch Chestpiece,withheld,[],[],same class section for sets; independent collection,"high for collection independence, unconfirmed Forever equivalence","[""https://www.wowhead.com/forever/guide/raids-overview-hub-dates-locations""]",No piece-to-piece locks; boss drops and access prerequisites not confirmed.,,,,False,raid_set_step_audit.json
set_forever_raid:sections[4].pieces[4],set_forever_raid,sections[4].pieces[4],4_4_piece,piece,True,Grimstitch Gloves,withheld,[],[],same class section for sets; independent collection,"high for collection independence, unconfirmed Forever equivalence","[""https://www.wowhead.com/forever/guide/raids-overview-hub-dates-locations""]",No piece-to-piece locks; boss drops and access prerequisites not confirmed.,,,,False,raid_set_step_audit.json
set_forever_raid:sections[4].pieces[5],set_forever_raid,sections[4].pieces[5],4_5_piece,piece,True,Grimstitch Pants,withheld,[],[],same class section for sets; independent collection,"high for collection independence, unconfirmed Forever equivalence","[""https://www.wowhead.com/forever/guide/raids-overview-hub-dates-locations""]",No piece-to-piece locks; boss drops and access prerequisites not confirmed.,,,,False,raid_set_step_audit.json
set_forever_raid:sections[4].pieces[6],set_forever_raid,sections[4].pieces[6],4_6_piece,piece,True,Grimstitch Boots,withheld,[],[],same class section for sets; independent collection,"high for collection independence, unconfirmed Forever equivalence","[""https://www.wowhead.com/forever/guide/raids-overview-hub-dates-locations""]",No piece-to-piece locks; boss drops and access prerequisites not confirmed.,,,,False,raid_set_step_audit.json
set_forever_raid:sections[5].pieces[1],set_forever_raid,sections[5].pieces[1],5_1_piece,piece,True,Halo of Conviction,withheld,[],[],same class section for sets; independent collection,"high for collection independence, unconfirmed Forever equivalence","[""https://www.wowhead.com/forever/guide/raids-overview-hub-dates-locations""]",No piece-to-piece locks; boss drops and access prerequisites not confirmed.,,,,False,raid_set_step_audit.json
set_forever_raid:sections[5].pieces[2],set_forever_raid,sections[5].pieces[2],5_2_piece,piece,True,Pauldrons of Conviction,withheld,[],[],same class section for sets; independent collection,"high for collection independence, unconfirmed Forever equivalence","[""https://www.wowhead.com/forever/guide/raids-overview-hub-dates-locations""]",No piece-to-piece locks; boss drops and access prerequisites not confirmed.,,,,False,raid_set_step_audit.json
set_forever_raid:sections[5].pieces[3],set_forever_raid,sections[5].pieces[3],5_3_piece,piece,True,Robes of Conviction,withheld,[],[],same class section for sets; independent collection,"high for collection independence, unconfirmed Forever equivalence","[""https://www.wowhead.com/forever/guide/raids-overview-hub-dates-locations""]",No piece-to-piece locks; boss drops and access prerequisites not confirmed.,,,,False,raid_set_step_audit.json
set_forever_raid:sections[5].pieces[4],set_forever_raid,sections[5].pieces[4],5_4_piece,piece,True,Handguards of Conviction,withheld,[],[],same class section for sets; independent collection,"high for collection independence, unconfirmed Forever equivalence","[""https://www.wowhead.com/forever/guide/raids-overview-hub-dates-locations""]",No piece-to-piece locks; boss drops and access prerequisites not confirmed.,,,,False,raid_set_step_audit.json
set_forever_raid:sections[5].pieces[5],set_forever_raid,sections[5].pieces[5],5_5_piece,piece,True,Leggings of Conviction,withheld,[],[],same class section for sets; independent collection,"high for collection independence, unconfirmed Forever equivalence","[""https://www.wowhead.com/forever/guide/raids-overview-hub-dates-locations""]",No piece-to-piece locks; boss drops and access prerequisites not confirmed.,,,,False,raid_set_step_audit.json
set_forever_raid:sections[5].pieces[6],set_forever_raid,sections[5].pieces[6],5_6_piece,piece,True,Boots of Conviction,withheld,[],[],same class section for sets; independent collection,"high for collection independence, unconfirmed Forever equivalence","[""https://www.wowhead.com/forever/guide/raids-overview-hub-dates-locations""]",No piece-to-piece locks; boss drops and access prerequisites not confirmed.,,,,False,raid_set_step_audit.json
set_forever_raid:sections[6].pieces[1],set_forever_raid,sections[6].pieces[1],6_1_piece,piece,True,Spiritcaller Helmet,withheld,[],[],same class section for sets; independent collection,"high for collection independence, unconfirmed Forever equivalence","[""https://www.wowhead.com/forever/guide/raids-overview-hub-dates-locations""]",No piece-to-piece locks; boss drops and access prerequisites not confirmed.,,,,False,raid_set_step_audit.json
set_forever_raid:sections[6].pieces[2],set_forever_raid,sections[6].pieces[2],6_2_piece,piece,True,Spiritcaller Epaulets,withheld,[],[],same class section for sets; independent collection,"high for collection independence, unconfirmed Forever equivalence","[""https://www.wowhead.com/forever/guide/raids-overview-hub-dates-locations""]",No piece-to-piece locks; boss drops and access prerequisites not confirmed.,,,,False,raid_set_step_audit.json
set_forever_raid:sections[6].pieces[3],set_forever_raid,sections[6].pieces[3],6_3_piece,piece,True,Spiritcaller Breastplate,withheld,[],[],same class section for sets; independent collection,"high for collection independence, unconfirmed Forever equivalence","[""https://www.wowhead.com/forever/guide/raids-overview-hub-dates-locations""]",No piece-to-piece locks; boss drops and access prerequisites not confirmed.,,,,False,raid_set_step_audit.json
set_forever_raid:sections[6].pieces[4],set_forever_raid,sections[6].pieces[4],6_4_piece,piece,True,Spiritcaller Gauntlets,withheld,[],[],same class section for sets; independent collection,"high for collection independence, unconfirmed Forever equivalence","[""https://www.wowhead.com/forever/guide/raids-overview-hub-dates-locations""]",No piece-to-piece locks; boss drops and access prerequisites not confirmed.,,,,False,raid_set_step_audit.json
set_forever_raid:sections[6].pieces[5],set_forever_raid,sections[6].pieces[5],6_5_piece,piece,True,Spiritcaller Pants,withheld,[],[],same class section for sets; independent collection,"high for collection independence, unconfirmed Forever equivalence","[""https://www.wowhead.com/forever/guide/raids-overview-hub-dates-locations""]",No piece-to-piece locks; boss drops and access prerequisites not confirmed.,,,,False,raid_set_step_audit.json
set_forever_raid:sections[6].pieces[6],set_forever_raid,sections[6].pieces[6],6_6_piece,piece,True,Spiritcaller Greaves,withheld,[],[],same class section for sets; independent collection,"high for collection independence, unconfirmed Forever equivalence","[""https://www.wowhead.com/forever/guide/raids-overview-hub-dates-locations""]",No piece-to-piece locks; boss drops and access prerequisites not confirmed.,,,,False,raid_set_step_audit.json
set_forever_raid:sections[7].pieces[1],set_forever_raid,sections[7].pieces[1],7_1_piece,piece,True,Manaflare Crown,withheld,[],[],same class section for sets; independent collection,"high for collection independence, unconfirmed Forever equivalence","[""https://www.wowhead.com/forever/guide/raids-overview-hub-dates-locations""]",No piece-to-piece locks; boss drops and access prerequisites not confirmed.,,,,False,raid_set_step_audit.json
set_forever_raid:sections[7].pieces[2],set_forever_raid,sections[7].pieces[2],7_2_piece,piece,True,Manaflare Mantle,withheld,[],[],same class section for sets; independent collection,"high for collection independence, unconfirmed Forever equivalence","[""https://www.wowhead.com/forever/guide/raids-overview-hub-dates-locations""]",No piece-to-piece locks; boss drops and access prerequisites not confirmed.,,,,False,raid_set_step_audit.json
set_forever_raid:sections[7].pieces[3],set_forever_raid,sections[7].pieces[3],7_3_piece,piece,True,Manaflare Robes,withheld,[],[],same class section for sets; independent collection,"high for collection independence, unconfirmed Forever equivalence","[""https://www.wowhead.com/forever/guide/raids-overview-hub-dates-locations""]",No piece-to-piece locks; boss drops and access prerequisites not confirmed.,,,,False,raid_set_step_audit.json
set_forever_raid:sections[7].pieces[4],set_forever_raid,sections[7].pieces[4],7_4_piece,piece,True,Manaflare Gloves,withheld,[],[],same class section for sets; independent collection,"high for collection independence, unconfirmed Forever equivalence","[""https://www.wowhead.com/forever/guide/raids-overview-hub-dates-locations""]",No piece-to-piece locks; boss drops and access prerequisites not confirmed.,,,,False,raid_set_step_audit.json
set_forever_raid:sections[7].pieces[5],set_forever_raid,sections[7].pieces[5],7_5_piece,piece,True,Manaflare Pants,withheld,[],[],same class section for sets; independent collection,"high for collection independence, unconfirmed Forever equivalence","[""https://www.wowhead.com/forever/guide/raids-overview-hub-dates-locations""]",No piece-to-piece locks; boss drops and access prerequisites not confirmed.,,,,False,raid_set_step_audit.json
set_forever_raid:sections[7].pieces[6],set_forever_raid,sections[7].pieces[6],7_6_piece,piece,True,Manaflare Boots,withheld,[],[],same class section for sets; independent collection,"high for collection independence, unconfirmed Forever equivalence","[""https://www.wowhead.com/forever/guide/raids-overview-hub-dates-locations""]",No piece-to-piece locks; boss drops and access prerequisites not confirmed.,,,,False,raid_set_step_audit.json
set_forever_raid:sections[8].pieces[1],set_forever_raid,sections[8].pieces[1],8_1_piece,piece,True,Demonheart Skullcap,withheld,[],[],same class section for sets; independent collection,"high for collection independence, unconfirmed Forever equivalence","[""https://www.wowhead.com/forever/guide/raids-overview-hub-dates-locations""]",No piece-to-piece locks; boss drops and access prerequisites not confirmed.,,,,False,raid_set_step_audit.json
set_forever_raid:sections[8].pieces[2],set_forever_raid,sections[8].pieces[2],8_2_piece,piece,True,Demonheart Spaulders,withheld,[],[],same class section for sets; independent collection,"high for collection independence, unconfirmed Forever equivalence","[""https://www.wowhead.com/forever/guide/raids-overview-hub-dates-locations""]",No piece-to-piece locks; boss drops and access prerequisites not confirmed.,,,,False,raid_set_step_audit.json
set_forever_raid:sections[8].pieces[3],set_forever_raid,sections[8].pieces[3],8_3_piece,piece,True,Demonheart Robes,withheld,[],[],same class section for sets; independent collection,"high for collection independence, unconfirmed Forever equivalence","[""https://www.wowhead.com/forever/guide/raids-overview-hub-dates-locations""]",No piece-to-piece locks; boss drops and access prerequisites not confirmed.,,,,False,raid_set_step_audit.json
set_forever_raid:sections[8].pieces[4],set_forever_raid,sections[8].pieces[4],8_4_piece,piece,True,Demonheart Gloves,withheld,[],[],same class section for sets; independent collection,"high for collection independence, unconfirmed Forever equivalence","[""https://www.wowhead.com/forever/guide/raids-overview-hub-dates-locations""]",No piece-to-piece locks; boss drops and access prerequisites not confirmed.,,,,False,raid_set_step_audit.json
set_forever_raid:sections[8].pieces[5],set_forever_raid,sections[8].pieces[5],8_5_piece,piece,True,Demonheart Leggings,withheld,[],[],same class section for sets; independent collection,"high for collection independence, unconfirmed Forever equivalence","[""https://www.wowhead.com/forever/guide/raids-overview-hub-dates-locations""]",No piece-to-piece locks; boss drops and access prerequisites not confirmed.,,,,False,raid_set_step_audit.json
set_forever_raid:sections[8].pieces[6],set_forever_raid,sections[8].pieces[6],8_6_piece,piece,True,Demonheart Boots,withheld,[],[],same class section for sets; independent collection,"high for collection independence, unconfirmed Forever equivalence","[""https://www.wowhead.com/forever/guide/raids-overview-hub-dates-locations""]",No piece-to-piece locks; boss drops and access prerequisites not confirmed.,,,,False,raid_set_step_audit.json
set_forever_raid:sections[9].pieces[1],set_forever_raid,sections[9].pieces[1],9_1_piece,piece,True,Grovekeeper Cover,withheld,[],[],same class section for sets; independent collection,"high for collection independence, unconfirmed Forever equivalence","[""https://www.wowhead.com/forever/guide/raids-overview-hub-dates-locations""]",No piece-to-piece locks; boss drops and access prerequisites not confirmed.,,,,False,raid_set_step_audit.json
set_forever_raid:sections[9].pieces[2],set_forever_raid,sections[9].pieces[2],9_2_piece,piece,True,Grovekeeper Pauldrons,withheld,[],[],same class section for sets; independent collection,"high for collection independence, unconfirmed Forever equivalence","[""https://www.wowhead.com/forever/guide/raids-overview-hub-dates-locations""]",No piece-to-piece locks; boss drops and access prerequisites not confirmed.,,,,False,raid_set_step_audit.json
set_forever_raid:sections[9].pieces[3],set_forever_raid,sections[9].pieces[3],9_3_piece,piece,True,Grovekeeper Chestguard,withheld,[],[],same class section for sets; independent collection,"high for collection independence, unconfirmed Forever equivalence","[""https://www.wowhead.com/forever/guide/raids-overview-hub-dates-locations""]",No piece-to-piece locks; boss drops and access prerequisites not confirmed.,,,,False,raid_set_step_audit.json
set_forever_raid:sections[9].pieces[4],set_forever_raid,sections[9].pieces[4],9_4_piece,piece,True,Grovekeeper Handguards,withheld,[],[],same class section for sets; independent collection,"high for collection independence, unconfirmed Forever equivalence","[""https://www.wowhead.com/forever/guide/raids-overview-hub-dates-locations""]",No piece-to-piece locks; boss drops and access prerequisites not confirmed.,,,,False,raid_set_step_audit.json
set_forever_raid:sections[9].pieces[5],set_forever_raid,sections[9].pieces[5],9_5_piece,piece,True,Grovekeeper Legguards,withheld,[],[],same class section for sets; independent collection,"high for collection independence, unconfirmed Forever equivalence","[""https://www.wowhead.com/forever/guide/raids-overview-hub-dates-locations""]",No piece-to-piece locks; boss drops and access prerequisites not confirmed.,,,,False,raid_set_step_audit.json
set_forever_raid:sections[9].pieces[6],set_forever_raid,sections[9].pieces[6],9_6_piece,piece,True,Grovekeeper Boots,withheld,[],[],same class section for sets; independent collection,"high for collection independence, unconfirmed Forever equivalence","[""https://www.wowhead.com/forever/guide/raids-overview-hub-dates-locations""]",No piece-to-piece locks; boss drops and access prerequisites not confirmed.,,,,False,raid_set_step_audit.json
pvp_set_plate_ally:sections[1].pieces[1],pvp_set_plate_ally,sections[1].pieces[1],1_1_piece,piece,True,Premier Field Marshal's Plate Helm from PvP rank 13 (Field Marshal).,withheld,[],[],same faction/class purchasing character; merged role alternatives,rank inferred from name; Forever purchase eligibility unconfirmed,"[""https://github.com/karl-neiswender/ForeverGoalTracker/blob/main/Library.lua""]","No piece-to-piece prerequisites. Candidate rank by slot1/3=13,2/5=12,4=10,6=9; do not implement hard rank locks without verified Forever rules.","{""rankCandidate"": 13}",,,False,raid_set_step_audit.json
pvp_set_plate_ally:sections[1].pieces[2],pvp_set_plate_ally,sections[1].pieces[2],1_2_piece,piece,True,Premier Marshal's Plate Shoulderguards from PvP rank 12 (Marshal).,withheld,[],[],same faction/class purchasing character; merged role alternatives,rank inferred from name; Forever purchase eligibility unconfirmed,"[""https://github.com/karl-neiswender/ForeverGoalTracker/blob/main/Library.lua""]","No piece-to-piece prerequisites. Candidate rank by slot1/3=13,2/5=12,4=10,6=9; do not implement hard rank locks without verified Forever rules.","{""rankCandidate"": 12}",,,False,raid_set_step_audit.json
pvp_set_plate_ally:sections[1].pieces[3],pvp_set_plate_ally,sections[1].pieces[3],1_3_piece,piece,True,Premier Field Marshal's Plate Armor from PvP rank 13 (Field Marshal).,withheld,[],[],same faction/class purchasing character; merged role alternatives,rank inferred from name; Forever purchase eligibility unconfirmed,"[""https://github.com/karl-neiswender/ForeverGoalTracker/blob/main/Library.lua""]","No piece-to-piece prerequisites. Candidate rank by slot1/3=13,2/5=12,4=10,6=9; do not implement hard rank locks without verified Forever rules.","{""rankCandidate"": 13}",,,False,raid_set_step_audit.json
pvp_set_plate_ally:sections[1].pieces[4],pvp_set_plate_ally,sections[1].pieces[4],1_4_piece,piece,True,Premier Lieutenant Commander's Plate Gauntlets from PvP rank 10 (Lieutenant Commander).,withheld,[],[],same faction/class purchasing character; merged role alternatives,rank inferred from name; Forever purchase eligibility unconfirmed,"[""https://github.com/karl-neiswender/ForeverGoalTracker/blob/main/Library.lua""]","No piece-to-piece prerequisites. Candidate rank by slot1/3=13,2/5=12,4=10,6=9; do not implement hard rank locks without verified Forever rules.","{""rankCandidate"": 10}",,,False,raid_set_step_audit.json
pvp_set_plate_ally:sections[1].pieces[5],pvp_set_plate_ally,sections[1].pieces[5],1_5_piece,piece,True,Premier Marshal's Plate Legguards from PvP rank 12 (Marshal).,withheld,[],[],same faction/class purchasing character; merged role alternatives,rank inferred from name; Forever purchase eligibility unconfirmed,"[""https://github.com/karl-neiswender/ForeverGoalTracker/blob/main/Library.lua""]","No piece-to-piece prerequisites. Candidate rank by slot1/3=13,2/5=12,4=10,6=9; do not implement hard rank locks without verified Forever rules.","{""rankCandidate"": 12}",,,False,raid_set_step_audit.json
pvp_set_plate_ally:sections[1].pieces[6],pvp_set_plate_ally,sections[1].pieces[6],1_6_piece,piece,True,Premier Knight-Champion's Plate Boots from PvP rank 9 (Knight-Champion).,withheld,[],[],same faction/class purchasing character; merged role alternatives,rank inferred from name; Forever purchase eligibility unconfirmed,"[""https://github.com/karl-neiswender/ForeverGoalTracker/blob/main/Library.lua""]","No piece-to-piece prerequisites. Candidate rank by slot1/3=13,2/5=12,4=10,6=9; do not implement hard rank locks without verified Forever rules.","{""rankCandidate"": 9}",,,False,raid_set_step_audit.json
pvp_set_plate_ally:sections[2].pieces[1],pvp_set_plate_ally,sections[2].pieces[1],2_1_piece,piece,True,Premier Field Marshal's Luminous Faceguard from PvP rank 13 (Field Marshal).,withheld,[],[],same faction/class purchasing character; merged role alternatives,rank inferred from name; Forever purchase eligibility unconfirmed,"[""https://github.com/karl-neiswender/ForeverGoalTracker/blob/main/Library.lua""]","No piece-to-piece prerequisites. Candidate rank by slot1/3=13,2/5=12,4=10,6=9; do not implement hard rank locks without verified Forever rules.","{""rankCandidate"": 13}",,,False,raid_set_step_audit.json
pvp_set_plate_ally:sections[2].pieces[2],pvp_set_plate_ally,sections[2].pieces[2],2_2_piece,piece,True,Premier Marshal's Luminous Pauldrons from PvP rank 12 (Marshal).,withheld,[],[],same faction/class purchasing character; merged role alternatives,rank inferred from name; Forever purchase eligibility unconfirmed,"[""https://github.com/karl-neiswender/ForeverGoalTracker/blob/main/Library.lua""]","No piece-to-piece prerequisites. Candidate rank by slot1/3=13,2/5=12,4=10,6=9; do not implement hard rank locks without verified Forever rules.","{""rankCandidate"": 12}",,,False,raid_set_step_audit.json
pvp_set_plate_ally:sections[2].pieces[3],pvp_set_plate_ally,sections[2].pieces[3],2_3_piece,piece,True,Premier Field Marshal's Luminous Chestplate from PvP rank 13 (Field Marshal).,withheld,[],[],same faction/class purchasing character; merged role alternatives,rank inferred from name; Forever purchase eligibility unconfirmed,"[""https://github.com/karl-neiswender/ForeverGoalTracker/blob/main/Library.lua""]","No piece-to-piece prerequisites. Candidate rank by slot1/3=13,2/5=12,4=10,6=9; do not implement hard rank locks without verified Forever rules.","{""rankCandidate"": 13}",,,False,raid_set_step_audit.json
pvp_set_plate_ally:sections[2].pieces[4],pvp_set_plate_ally,sections[2].pieces[4],2_4_piece,piece,True,Premier Lieutenant Commander's Luminous Gloves from PvP rank 10 (Lieutenant Commander).,withheld,[],[],same faction/class purchasing character; merged role alternatives,rank inferred from name; Forever purchase eligibility unconfirmed,"[""https://github.com/karl-neiswender/ForeverGoalTracker/blob/main/Library.lua""]","No piece-to-piece prerequisites. Candidate rank by slot1/3=13,2/5=12,4=10,6=9; do not implement hard rank locks without verified Forever rules.","{""rankCandidate"": 10}",,,False,raid_set_step_audit.json
pvp_set_plate_ally:sections[2].pieces[5],pvp_set_plate_ally,sections[2].pieces[5],2_5_piece,piece,True,Premier Marshal's Luminous Legplates from PvP rank 12 (Marshal).,withheld,[],[],same faction/class purchasing character; merged role alternatives,rank inferred from name; Forever purchase eligibility unconfirmed,"[""https://github.com/karl-neiswender/ForeverGoalTracker/blob/main/Library.lua""]","No piece-to-piece prerequisites. Candidate rank by slot1/3=13,2/5=12,4=10,6=9; do not implement hard rank locks without verified Forever rules.","{""rankCandidate"": 12}",,,False,raid_set_step_audit.json
pvp_set_plate_ally:sections[2].pieces[6],pvp_set_plate_ally,sections[2].pieces[6],2_6_piece,piece,True,Premier Knight-Champion's Luminous Boots from PvP rank 9 (Knight-Champion).,withheld,[],[],same faction/class purchasing character; merged role alternatives,rank inferred from name; Forever purchase eligibility unconfirmed,"[""https://github.com/karl-neiswender/ForeverGoalTracker/blob/main/Library.lua""]","No piece-to-piece prerequisites. Candidate rank by slot1/3=13,2/5=12,4=10,6=9; do not implement hard rank locks without verified Forever rules.","{""rankCandidate"": 9}",,,False,raid_set_step_audit.json
pvp_set_mail_ally:sections[1].pieces[1],pvp_set_mail_ally,sections[1].pieces[1],1_1_piece,piece,True,Premier Field Marshal's Chainmail Helm from PvP rank 13 (Field Marshal).,withheld,[],[],same faction/class purchasing character; merged role alternatives,rank inferred from name; Forever purchase eligibility unconfirmed,"[""https://github.com/karl-neiswender/ForeverGoalTracker/blob/main/Library.lua""]","No piece-to-piece prerequisites. Candidate rank by slot1/3=13,2/5=12,4=10,6=9; do not implement hard rank locks without verified Forever rules.","{""rankCandidate"": 13}",,,False,raid_set_step_audit.json
pvp_set_mail_ally:sections[1].pieces[2],pvp_set_mail_ally,sections[1].pieces[2],1_2_piece,piece,True,Premier Marshal's Chainmail Spaulders from PvP rank 12 (Marshal).,withheld,[],[],same faction/class purchasing character; merged role alternatives,rank inferred from name; Forever purchase eligibility unconfirmed,"[""https://github.com/karl-neiswender/ForeverGoalTracker/blob/main/Library.lua""]","No piece-to-piece prerequisites. Candidate rank by slot1/3=13,2/5=12,4=10,6=9; do not implement hard rank locks without verified Forever rules.","{""rankCandidate"": 12}",,,False,raid_set_step_audit.json
pvp_set_mail_ally:sections[1].pieces[3],pvp_set_mail_ally,sections[1].pieces[3],1_3_piece,piece,True,Premier Field Marshal's Chainmail Breastplate from PvP rank 13 (Field Marshal).,withheld,[],[],same faction/class purchasing character; merged role alternatives,rank inferred from name; Forever purchase eligibility unconfirmed,"[""https://github.com/karl-neiswender/ForeverGoalTracker/blob/main/Library.lua""]","No piece-to-piece prerequisites. Candidate rank by slot1/3=13,2/5=12,4=10,6=9; do not implement hard rank locks without verified Forever rules.","{""rankCandidate"": 13}",,,False,raid_set_step_audit.json
pvp_set_mail_ally:sections[1].pieces[4],pvp_set_mail_ally,sections[1].pieces[4],1_4_piece,piece,True,Premier Lieutenant Commander's Chainmail Grips from PvP rank 10 (Lieutenant Commander).,withheld,[],[],same faction/class purchasing character; merged role alternatives,rank inferred from name; Forever purchase eligibility unconfirmed,"[""https://github.com/karl-neiswender/ForeverGoalTracker/blob/main/Library.lua""]","No piece-to-piece prerequisites. Candidate rank by slot1/3=13,2/5=12,4=10,6=9; do not implement hard rank locks without verified Forever rules.","{""rankCandidate"": 10}",,,False,raid_set_step_audit.json
pvp_set_mail_ally:sections[1].pieces[5],pvp_set_mail_ally,sections[1].pieces[5],1_5_piece,piece,True,Premier Marshal's Chainmail Legguards from PvP rank 12 (Marshal).,withheld,[],[],same faction/class purchasing character; merged role alternatives,rank inferred from name; Forever purchase eligibility unconfirmed,"[""https://github.com/karl-neiswender/ForeverGoalTracker/blob/main/Library.lua""]","No piece-to-piece prerequisites. Candidate rank by slot1/3=13,2/5=12,4=10,6=9; do not implement hard rank locks without verified Forever rules.","{""rankCandidate"": 12}",,,False,raid_set_step_audit.json
pvp_set_mail_ally:sections[1].pieces[6],pvp_set_mail_ally,sections[1].pieces[6],1_6_piece,piece,True,Premier Knight-Champion's Chainmail Boots from PvP rank 9 (Knight-Champion).,withheld,[],[],same faction/class purchasing character; merged role alternatives,rank inferred from name; Forever purchase eligibility unconfirmed,"[""https://github.com/karl-neiswender/ForeverGoalTracker/blob/main/Library.lua""]","No piece-to-piece prerequisites. Candidate rank by slot1/3=13,2/5=12,4=10,6=9; do not implement hard rank locks without verified Forever rules.","{""rankCandidate"": 9}",,,False,raid_set_step_audit.json
pvp_set_mail_ally:sections[2].pieces[1],pvp_set_mail_ally,sections[2].pieces[1],2_1_piece,piece,True,Premier Field Marshal's Flatmail Helm from PvP rank 13 (Field Marshal).,withheld,[],[],same faction/class purchasing character; merged role alternatives,rank inferred from name; Forever purchase eligibility unconfirmed,"[""https://github.com/karl-neiswender/ForeverGoalTracker/blob/main/Library.lua""]","No piece-to-piece prerequisites. Candidate rank by slot1/3=13,2/5=12,4=10,6=9; do not implement hard rank locks without verified Forever rules.","{""rankCandidate"": 13}",,,False,raid_set_step_audit.json
pvp_set_mail_ally:sections[2].pieces[2],pvp_set_mail_ally,sections[2].pieces[2],2_2_piece,piece,True,Premier Marshal's Flatmail Spaulders from PvP rank 12 (Marshal).,withheld,[],[],same faction/class purchasing character; merged role alternatives,rank inferred from name; Forever purchase eligibility unconfirmed,"[""https://github.com/karl-neiswender/ForeverGoalTracker/blob/main/Library.lua""]","No piece-to-piece prerequisites. Candidate rank by slot1/3=13,2/5=12,4=10,6=9; do not implement hard rank locks without verified Forever rules.","{""rankCandidate"": 12}",,,False,raid_set_step_audit.json
pvp_set_mail_ally:sections[2].pieces[3],pvp_set_mail_ally,sections[2].pieces[3],2_3_piece,piece,True,Premier Field Marshal's Flatmail Armor from PvP rank 13 (Field Marshal).,withheld,[],[],same faction/class purchasing character; merged role alternatives,rank inferred from name; Forever purchase eligibility unconfirmed,"[""https://github.com/karl-neiswender/ForeverGoalTracker/blob/main/Library.lua""]","No piece-to-piece prerequisites. Candidate rank by slot1/3=13,2/5=12,4=10,6=9; do not implement hard rank locks without verified Forever rules.","{""rankCandidate"": 13}",,,False,raid_set_step_audit.json
pvp_set_mail_ally:sections[2].pieces[4],pvp_set_mail_ally,sections[2].pieces[4],2_4_piece,piece,True,Premier Lieutenant Commander's Flatmail Gauntlets from PvP rank 10 (Lieutenant Commander).,withheld,[],[],same faction/class purchasing character; merged role alternatives,rank inferred from name; Forever purchase eligibility unconfirmed,"[""https://github.com/karl-neiswender/ForeverGoalTracker/blob/main/Library.lua""]","No piece-to-piece prerequisites. Candidate rank by slot1/3=13,2/5=12,4=10,6=9; do not implement hard rank locks without verified Forever rules.","{""rankCandidate"": 10}",,,False,raid_set_step_audit.json
pvp_set_mail_ally:sections[2].pieces[5],pvp_set_mail_ally,sections[2].pieces[5],2_5_piece,piece,True,Premier Marshal's Flatmail Leggings from PvP rank 12 (Marshal).,withheld,[],[],same faction/class purchasing character; merged role alternatives,rank inferred from name; Forever purchase eligibility unconfirmed,"[""https://github.com/karl-neiswender/ForeverGoalTracker/blob/main/Library.lua""]","No piece-to-piece prerequisites. Candidate rank by slot1/3=13,2/5=12,4=10,6=9; do not implement hard rank locks without verified Forever rules.","{""rankCandidate"": 12}",,,False,raid_set_step_audit.json
pvp_set_mail_ally:sections[2].pieces[6],pvp_set_mail_ally,sections[2].pieces[6],2_6_piece,piece,True,Premier Knight-Champion's Flatmail Boots from PvP rank 9 (Knight-Champion).,withheld,[],[],same faction/class purchasing character; merged role alternatives,rank inferred from name; Forever purchase eligibility unconfirmed,"[""https://github.com/karl-neiswender/ForeverGoalTracker/blob/main/Library.lua""]","No piece-to-piece prerequisites. Candidate rank by slot1/3=13,2/5=12,4=10,6=9; do not implement hard rank locks without verified Forever rules.","{""rankCandidate"": 9}",,,False,raid_set_step_audit.json
pvp_set_leather_ally:sections[1].pieces[1],pvp_set_leather_ally,sections[1].pieces[1],1_1_piece,piece,True,Premier Field Marshal's Leather Mask from PvP rank 13 (Field Marshal).,withheld,[],[],same faction/class purchasing character; merged role alternatives,rank inferred from name; Forever purchase eligibility unconfirmed,"[""https://github.com/karl-neiswender/ForeverGoalTracker/blob/main/Library.lua""]","No piece-to-piece prerequisites. Candidate rank by slot1/3=13,2/5=12,4=10,6=9; do not implement hard rank locks without verified Forever rules.","{""rankCandidate"": 13}",,,False,raid_set_step_audit.json
pvp_set_leather_ally:sections[1].pieces[2],pvp_set_leather_ally,sections[1].pieces[2],1_2_piece,piece,True,Premier Marshal's Leather Epaulets from PvP rank 12 (Marshal).,withheld,[],[],same faction/class purchasing character; merged role alternatives,rank inferred from name; Forever purchase eligibility unconfirmed,"[""https://github.com/karl-neiswender/ForeverGoalTracker/blob/main/Library.lua""]","No piece-to-piece prerequisites. Candidate rank by slot1/3=13,2/5=12,4=10,6=9; do not implement hard rank locks without verified Forever rules.","{""rankCandidate"": 12}",,,False,raid_set_step_audit.json
pvp_set_leather_ally:sections[1].pieces[3],pvp_set_leather_ally,sections[1].pieces[3],1_3_piece,piece,True,Premier Field Marshal's Leather Chestpiece from PvP rank 13 (Field Marshal).,withheld,[],[],same faction/class purchasing character; merged role alternatives,rank inferred from name; Forever purchase eligibility unconfirmed,"[""https://github.com/karl-neiswender/ForeverGoalTracker/blob/main/Library.lua""]","No piece-to-piece prerequisites. Candidate rank by slot1/3=13,2/5=12,4=10,6=9; do not implement hard rank locks without verified Forever rules.","{""rankCandidate"": 13}",,,False,raid_set_step_audit.json
pvp_set_leather_ally:sections[1].pieces[4],pvp_set_leather_ally,sections[1].pieces[4],1_4_piece,piece,True,Premier Lieutenant Commander's Leather Handgrips from PvP rank 10 (Lieutenant Commander).,withheld,[],[],same faction/class purchasing character; merged role alternatives,rank inferred from name; Forever purchase eligibility unconfirmed,"[""https://github.com/karl-neiswender/ForeverGoalTracker/blob/main/Library.lua""]","No piece-to-piece prerequisites. Candidate rank by slot1/3=13,2/5=12,4=10,6=9; do not implement hard rank locks without verified Forever rules.","{""rankCandidate"": 10}",,,False,raid_set_step_audit.json
pvp_set_leather_ally:sections[1].pieces[5],pvp_set_leather_ally,sections[1].pieces[5],1_5_piece,piece,True,Premier Marshal's Leather Leggings from PvP rank 12 (Marshal).,withheld,[],[],same faction/class purchasing character; merged role alternatives,rank inferred from name; Forever purchase eligibility unconfirmed,"[""https://github.com/karl-neiswender/ForeverGoalTracker/blob/main/Library.lua""]","No piece-to-piece prerequisites. Candidate rank by slot1/3=13,2/5=12,4=10,6=9; do not implement hard rank locks without verified Forever rules.","{""rankCandidate"": 12}",,,False,raid_set_step_audit.json
pvp_set_leather_ally:sections[1].pieces[6],pvp_set_leather_ally,sections[1].pieces[6],1_6_piece,piece,True,Premier Knight-Champion's Leather Footguards from PvP rank 9 (Knight-Champion).,withheld,[],[],same faction/class purchasing character; merged role alternatives,rank inferred from name; Forever purchase eligibility unconfirmed,"[""https://github.com/karl-neiswender/ForeverGoalTracker/blob/main/Library.lua""]","No piece-to-piece prerequisites. Candidate rank by slot1/3=13,2/5=12,4=10,6=9; do not implement hard rank locks without verified Forever rules.","{""rankCandidate"": 9}",,,False,raid_set_step_audit.json
pvp_set_leather_ally:sections[2].pieces[1],pvp_set_leather_ally,sections[2].pieces[1],2_1_piece,piece,True,Premier Field Marshal's Beasthide Helmet from PvP rank 13 (Field Marshal).,withheld,[],[],same faction/class purchasing character; merged role alternatives,rank inferred from name; Forever purchase eligibility unconfirmed,"[""https://github.com/karl-neiswender/ForeverGoalTracker/blob/main/Library.lua""]","No piece-to-piece prerequisites. Candidate rank by slot1/3=13,2/5=12,4=10,6=9; do not implement hard rank locks without verified Forever rules.","{""rankCandidate"": 13}",,,False,raid_set_step_audit.json
pvp_set_leather_ally:sections[2].pieces[2],pvp_set_leather_ally,sections[2].pieces[2],2_2_piece,piece,True,Premier Marshal's Beasthide Spaulders from PvP rank 12 (Marshal).,withheld,[],[],same faction/class purchasing character; merged role alternatives,rank inferred from name; Forever purchase eligibility unconfirmed,"[""https://github.com/karl-neiswender/ForeverGoalTracker/blob/main/Library.lua""]","No piece-to-piece prerequisites. Candidate rank by slot1/3=13,2/5=12,4=10,6=9; do not implement hard rank locks without verified Forever rules.","{""rankCandidate"": 12}",,,False,raid_set_step_audit.json
pvp_set_leather_ally:sections[2].pieces[3],pvp_set_leather_ally,sections[2].pieces[3],2_3_piece,piece,True,Premier Field Marshal's Beasthide Breastplate from PvP rank 13 (Field Marshal).,withheld,[],[],same faction/class purchasing character; merged role alternatives,rank inferred from name; Forever purchase eligibility unconfirmed,"[""https://github.com/karl-neiswender/ForeverGoalTracker/blob/main/Library.lua""]","No piece-to-piece prerequisites. Candidate rank by slot1/3=13,2/5=12,4=10,6=9; do not implement hard rank locks without verified Forever rules.","{""rankCandidate"": 13}",,,False,raid_set_step_audit.json
pvp_set_leather_ally:sections[2].pieces[4],pvp_set_leather_ally,sections[2].pieces[4],2_4_piece,piece,True,Premier Lieutenant Commander's Beasthide Gauntlets from PvP rank 10 (Lieutenant Commander).,withheld,[],[],same faction/class purchasing character; merged role alternatives,rank inferred from name; Forever purchase eligibility unconfirmed,"[""https://github.com/karl-neiswender/ForeverGoalTracker/blob/main/Library.lua""]","No piece-to-piece prerequisites. Candidate rank by slot1/3=13,2/5=12,4=10,6=9; do not implement hard rank locks without verified Forever rules.","{""rankCandidate"": 10}",,,False,raid_set_step_audit.json
pvp_set_leather_ally:sections[2].pieces[5],pvp_set_leather_ally,sections[2].pieces[5],2_5_piece,piece,True,Premier Marshal's Beasthide Legguards from PvP rank 12 (Marshal).,withheld,[],[],same faction/class purchasing character; merged role alternatives,rank inferred from name; Forever purchase eligibility unconfirmed,"[""https://github.com/karl-neiswender/ForeverGoalTracker/blob/main/Library.lua""]","No piece-to-piece prerequisites. Candidate rank by slot1/3=13,2/5=12,4=10,6=9; do not implement hard rank locks without verified Forever rules.","{""rankCandidate"": 12}",,,False,raid_set_step_audit.json
pvp_set_leather_ally:sections[2].pieces[6],pvp_set_leather_ally,sections[2].pieces[6],2_6_piece,piece,True,Premier Knight-Champion's Beasthide Boots from PvP rank 9 (Knight-Champion).,withheld,[],[],same faction/class purchasing character; merged role alternatives,rank inferred from name; Forever purchase eligibility unconfirmed,"[""https://github.com/karl-neiswender/ForeverGoalTracker/blob/main/Library.lua""]","No piece-to-piece prerequisites. Candidate rank by slot1/3=13,2/5=12,4=10,6=9; do not implement hard rank locks without verified Forever rules.","{""rankCandidate"": 9}",,,False,raid_set_step_audit.json
pvp_set_cloth_ally:sections[1].pieces[1],pvp_set_cloth_ally,sections[1].pieces[1],1_1_piece,piece,True,Premier Field Marshal's Voidcloth Headdress from PvP rank 13 (Field Marshal).,withheld,[],[],same faction/class purchasing character; merged role alternatives,rank inferred from name; Forever purchase eligibility unconfirmed,"[""https://github.com/karl-neiswender/ForeverGoalTracker/blob/main/Library.lua""]","No piece-to-piece prerequisites. Candidate rank by slot1/3=13,2/5=12,4=10,6=9; do not implement hard rank locks without verified Forever rules.","{""rankCandidate"": 13}",,,False,raid_set_step_audit.json
pvp_set_cloth_ally:sections[1].pieces[2],pvp_set_cloth_ally,sections[1].pieces[2],1_2_piece,piece,True,Premier Marshal's Voidcloth Mantle from PvP rank 12 (Marshal).,withheld,[],[],same faction/class purchasing character; merged role alternatives,rank inferred from name; Forever purchase eligibility unconfirmed,"[""https://github.com/karl-neiswender/ForeverGoalTracker/blob/main/Library.lua""]","No piece-to-piece prerequisites. Candidate rank by slot1/3=13,2/5=12,4=10,6=9; do not implement hard rank locks without verified Forever rules.","{""rankCandidate"": 12}",,,False,raid_set_step_audit.json
pvp_set_cloth_ally:sections[1].pieces[3],pvp_set_cloth_ally,sections[1].pieces[3],1_3_piece,piece,True,Premier Field Marshal's Voidcloth Vestments from PvP rank 13 (Field Marshal).,withheld,[],[],same faction/class purchasing character; merged role alternatives,rank inferred from name; Forever purchase eligibility unconfirmed,"[""https://github.com/karl-neiswender/ForeverGoalTracker/blob/main/Library.lua""]","No piece-to-piece prerequisites. Candidate rank by slot1/3=13,2/5=12,4=10,6=9; do not implement hard rank locks without verified Forever rules.","{""rankCandidate"": 13}",,,False,raid_set_step_audit.json
pvp_set_cloth_ally:sections[1].pieces[4],pvp_set_cloth_ally,sections[1].pieces[4],1_4_piece,piece,True,Premier Lieutenant Commander's Voidcloth Gloves from PvP rank 10 (Lieutenant Commander).,withheld,[],[],same faction/class purchasing character; merged role alternatives,rank inferred from name; Forever purchase eligibility unconfirmed,"[""https://github.com/karl-neiswender/ForeverGoalTracker/blob/main/Library.lua""]","No piece-to-piece prerequisites. Candidate rank by slot1/3=13,2/5=12,4=10,6=9; do not implement hard rank locks without verified Forever rules.","{""rankCandidate"": 10}",,,False,raid_set_step_audit.json
pvp_set_cloth_ally:sections[1].pieces[5],pvp_set_cloth_ally,sections[1].pieces[5],1_5_piece,piece,True,Premier Marshal's Voidcloth Pants from PvP rank 12 (Marshal).,withheld,[],[],same faction/class purchasing character; merged role alternatives,rank inferred from name; Forever purchase eligibility unconfirmed,"[""https://github.com/karl-neiswender/ForeverGoalTracker/blob/main/Library.lua""]","No piece-to-piece prerequisites. Candidate rank by slot1/3=13,2/5=12,4=10,6=9; do not implement hard rank locks without verified Forever rules.","{""rankCandidate"": 12}",,,False,raid_set_step_audit.json
pvp_set_cloth_ally:sections[1].pieces[6],pvp_set_cloth_ally,sections[1].pieces[6],1_6_piece,piece,True,Premier Knight-Champion's Voidcloth Sandals from PvP rank 9 (Knight-Champion).,withheld,[],[],same faction/class purchasing character; merged role alternatives,rank inferred from name; Forever purchase eligibility unconfirmed,"[""https://github.com/karl-neiswender/ForeverGoalTracker/blob/main/Library.lua""]","No piece-to-piece prerequisites. Candidate rank by slot1/3=13,2/5=12,4=10,6=9; do not implement hard rank locks without verified Forever rules.","{""rankCandidate"": 9}",,,False,raid_set_step_audit.json
pvp_set_cloth_ally:sections[2].pieces[1],pvp_set_cloth_ally,sections[2].pieces[1],2_1_piece,piece,True,Premier Field Marshal's Silk Coronet from PvP rank 13 (Field Marshal).,withheld,[],[],same faction/class purchasing character; merged role alternatives,rank inferred from name; Forever purchase eligibility unconfirmed,"[""https://github.com/karl-neiswender/ForeverGoalTracker/blob/main/Library.lua""]","No piece-to-piece prerequisites. Candidate rank by slot1/3=13,2/5=12,4=10,6=9; do not implement hard rank locks without verified Forever rules.","{""rankCandidate"": 13}",,,False,raid_set_step_audit.json
pvp_set_cloth_ally:sections[2].pieces[2],pvp_set_cloth_ally,sections[2].pieces[2],2_2_piece,piece,True,Premier Marshal's Silk Spaulders from PvP rank 12 (Marshal).,withheld,[],[],same faction/class purchasing character; merged role alternatives,rank inferred from name; Forever purchase eligibility unconfirmed,"[""https://github.com/karl-neiswender/ForeverGoalTracker/blob/main/Library.lua""]","No piece-to-piece prerequisites. Candidate rank by slot1/3=13,2/5=12,4=10,6=9; do not implement hard rank locks without verified Forever rules.","{""rankCandidate"": 12}",,,False,raid_set_step_audit.json
pvp_set_cloth_ally:sections[2].pieces[3],pvp_set_cloth_ally,sections[2].pieces[3],2_3_piece,piece,True,Premier Field Marshal's Silk Vestments from PvP rank 13 (Field Marshal).,withheld,[],[],same faction/class purchasing character; merged role alternatives,rank inferred from name; Forever purchase eligibility unconfirmed,"[""https://github.com/karl-neiswender/ForeverGoalTracker/blob/main/Library.lua""]","No piece-to-piece prerequisites. Candidate rank by slot1/3=13,2/5=12,4=10,6=9; do not implement hard rank locks without verified Forever rules.","{""rankCandidate"": 13}",,,False,raid_set_step_audit.json
pvp_set_cloth_ally:sections[2].pieces[4],pvp_set_cloth_ally,sections[2].pieces[4],2_4_piece,piece,True,Premier Lieutenant Commander's Silk Gloves from PvP rank 10 (Lieutenant Commander).,withheld,[],[],same faction/class purchasing character; merged role alternatives,rank inferred from name; Forever purchase eligibility unconfirmed,"[""https://github.com/karl-neiswender/ForeverGoalTracker/blob/main/Library.lua""]","No piece-to-piece prerequisites. Candidate rank by slot1/3=13,2/5=12,4=10,6=9; do not implement hard rank locks without verified Forever rules.","{""rankCandidate"": 10}",,,False,raid_set_step_audit.json
pvp_set_cloth_ally:sections[2].pieces[5],pvp_set_cloth_ally,sections[2].pieces[5],2_5_piece,piece,True,Premier Marshal's Silk Leggings from PvP rank 12 (Marshal).,withheld,[],[],same faction/class purchasing character; merged role alternatives,rank inferred from name; Forever purchase eligibility unconfirmed,"[""https://github.com/karl-neiswender/ForeverGoalTracker/blob/main/Library.lua""]","No piece-to-piece prerequisites. Candidate rank by slot1/3=13,2/5=12,4=10,6=9; do not implement hard rank locks without verified Forever rules.","{""rankCandidate"": 12}",,,False,raid_set_step_audit.json
pvp_set_cloth_ally:sections[2].pieces[6],pvp_set_cloth_ally,sections[2].pieces[6],2_6_piece,piece,True,Premier Knight-Champion's Silk Footwraps from PvP rank 9 (Knight-Champion).,withheld,[],[],same faction/class purchasing character; merged role alternatives,rank inferred from name; Forever purchase eligibility unconfirmed,"[""https://github.com/karl-neiswender/ForeverGoalTracker/blob/main/Library.lua""]","No piece-to-piece prerequisites. Candidate rank by slot1/3=13,2/5=12,4=10,6=9; do not implement hard rank locks without verified Forever rules.","{""rankCandidate"": 9}",,,False,raid_set_step_audit.json
pvp_set_cloth_ally:sections[3].pieces[1],pvp_set_cloth_ally,sections[3].pieces[1],3_1_piece,piece,True,Premier Field Marshal's Dreadweave Coronal from PvP rank 13 (Field Marshal).,withheld,[],[],same faction/class purchasing character; merged role alternatives,rank inferred from name; Forever purchase eligibility unconfirmed,"[""https://github.com/karl-neiswender/ForeverGoalTracker/blob/main/Library.lua""]","No piece-to-piece prerequisites. Candidate rank by slot1/3=13,2/5=12,4=10,6=9; do not implement hard rank locks without verified Forever rules.","{""rankCandidate"": 13}",,,False,raid_set_step_audit.json
pvp_set_cloth_ally:sections[3].pieces[2],pvp_set_cloth_ally,sections[3].pieces[2],3_2_piece,piece,True,Premier Marshal's Dreadweave Shoulders from PvP rank 12 (Marshal).,withheld,[],[],same faction/class purchasing character; merged role alternatives,rank inferred from name; Forever purchase eligibility unconfirmed,"[""https://github.com/karl-neiswender/ForeverGoalTracker/blob/main/Library.lua""]","No piece-to-piece prerequisites. Candidate rank by slot1/3=13,2/5=12,4=10,6=9; do not implement hard rank locks without verified Forever rules.","{""rankCandidate"": 12}",,,False,raid_set_step_audit.json
pvp_set_cloth_ally:sections[3].pieces[3],pvp_set_cloth_ally,sections[3].pieces[3],3_3_piece,piece,True,Premier Field Marshal's Dreadweave Robe from PvP rank 13 (Field Marshal).,withheld,[],[],same faction/class purchasing character; merged role alternatives,rank inferred from name; Forever purchase eligibility unconfirmed,"[""https://github.com/karl-neiswender/ForeverGoalTracker/blob/main/Library.lua""]","No piece-to-piece prerequisites. Candidate rank by slot1/3=13,2/5=12,4=10,6=9; do not implement hard rank locks without verified Forever rules.","{""rankCandidate"": 13}",,,False,raid_set_step_audit.json
pvp_set_cloth_ally:sections[3].pieces[4],pvp_set_cloth_ally,sections[3].pieces[4],3_4_piece,piece,True,Premier Lieutenant Commander's Dreadweave Gloves from PvP rank 10 (Lieutenant Commander).,withheld,[],[],same faction/class purchasing character; merged role alternatives,rank inferred from name; Forever purchase eligibility unconfirmed,"[""https://github.com/karl-neiswender/ForeverGoalTracker/blob/main/Library.lua""]","No piece-to-piece prerequisites. Candidate rank by slot1/3=13,2/5=12,4=10,6=9; do not implement hard rank locks without verified Forever rules.","{""rankCandidate"": 10}",,,False,raid_set_step_audit.json
pvp_set_cloth_ally:sections[3].pieces[5],pvp_set_cloth_ally,sections[3].pieces[5],3_5_piece,piece,True,Premier Marshal's Dreadweave Leggings from PvP rank 12 (Marshal).,withheld,[],[],same faction/class purchasing character; merged role alternatives,rank inferred from name; Forever purchase eligibility unconfirmed,"[""https://github.com/karl-neiswender/ForeverGoalTracker/blob/main/Library.lua""]","No piece-to-piece prerequisites. Candidate rank by slot1/3=13,2/5=12,4=10,6=9; do not implement hard rank locks without verified Forever rules.","{""rankCandidate"": 12}",,,False,raid_set_step_audit.json
pvp_set_cloth_ally:sections[3].pieces[6],pvp_set_cloth_ally,sections[3].pieces[6],3_6_piece,piece,True,Premier Knight-Champion's Dreadweave Boots from PvP rank 9 (Knight-Champion).,withheld,[],[],same faction/class purchasing character; merged role alternatives,rank inferred from name; Forever purchase eligibility unconfirmed,"[""https://github.com/karl-neiswender/ForeverGoalTracker/blob/main/Library.lua""]","No piece-to-piece prerequisites. Candidate rank by slot1/3=13,2/5=12,4=10,6=9; do not implement hard rank locks without verified Forever rules.","{""rankCandidate"": 9}",,,False,raid_set_step_audit.json
pvp_set_plate_horde:sections[1].pieces[1],pvp_set_plate_horde,sections[1].pieces[1],1_1_piece,piece,True,Premier Warlord's Mortarplate Headpiece from PvP rank 13 (Warlord).,withheld,[],[],same faction/class purchasing character; merged role alternatives,rank inferred from name; Forever purchase eligibility unconfirmed,"[""https://github.com/karl-neiswender/ForeverGoalTracker/blob/main/Library.lua""]","No piece-to-piece prerequisites. Candidate rank by slot1/3=13,2/5=12,4=10,6=9; do not implement hard rank locks without verified Forever rules.","{""rankCandidate"": 13}",,,False,raid_set_step_audit.json
pvp_set_plate_horde:sections[1].pieces[2],pvp_set_plate_horde,sections[1].pieces[2],1_2_piece,piece,True,Premier General's Mortarplate Shoulders from PvP rank 12 (General).,withheld,[],[],same faction/class purchasing character; merged role alternatives,rank inferred from name; Forever purchase eligibility unconfirmed,"[""https://github.com/karl-neiswender/ForeverGoalTracker/blob/main/Library.lua""]","No piece-to-piece prerequisites. Candidate rank by slot1/3=13,2/5=12,4=10,6=9; do not implement hard rank locks without verified Forever rules.","{""rankCandidate"": 12}",,,False,raid_set_step_audit.json
pvp_set_plate_horde:sections[1].pieces[3],pvp_set_plate_horde,sections[1].pieces[3],1_3_piece,piece,True,Premier Warlord's Mortarplate Armor from PvP rank 13 (Warlord).,withheld,[],[],same faction/class purchasing character; merged role alternatives,rank inferred from name; Forever purchase eligibility unconfirmed,"[""https://github.com/karl-neiswender/ForeverGoalTracker/blob/main/Library.lua""]","No piece-to-piece prerequisites. Candidate rank by slot1/3=13,2/5=12,4=10,6=9; do not implement hard rank locks without verified Forever rules.","{""rankCandidate"": 13}",,,False,raid_set_step_audit.json
pvp_set_plate_horde:sections[1].pieces[4],pvp_set_plate_horde,sections[1].pieces[4],1_4_piece,piece,True,Premier Champion's Mortarplate Gauntlets from PvP rank 10 (Champion).,withheld,[],[],same faction/class purchasing character; merged role alternatives,rank inferred from name; Forever purchase eligibility unconfirmed,"[""https://github.com/karl-neiswender/ForeverGoalTracker/blob/main/Library.lua""]","No piece-to-piece prerequisites. Candidate rank by slot1/3=13,2/5=12,4=10,6=9; do not implement hard rank locks without verified Forever rules.","{""rankCandidate"": 10}",,,False,raid_set_step_audit.json
pvp_set_plate_horde:sections[1].pieces[5],pvp_set_plate_horde,sections[1].pieces[5],1_5_piece,piece,True,Premier General's Mortarplate Leggings from PvP rank 12 (General).,withheld,[],[],same faction/class purchasing character; merged role alternatives,rank inferred from name; Forever purchase eligibility unconfirmed,"[""https://github.com/karl-neiswender/ForeverGoalTracker/blob/main/Library.lua""]","No piece-to-piece prerequisites. Candidate rank by slot1/3=13,2/5=12,4=10,6=9; do not implement hard rank locks without verified Forever rules.","{""rankCandidate"": 12}",,,False,raid_set_step_audit.json
pvp_set_plate_horde:sections[1].pieces[6],pvp_set_plate_horde,sections[1].pieces[6],1_6_piece,piece,True,Premier Centurion's Mortarplate Boots from PvP rank 9 (Centurion).,withheld,[],[],same faction/class purchasing character; merged role alternatives,rank inferred from name; Forever purchase eligibility unconfirmed,"[""https://github.com/karl-neiswender/ForeverGoalTracker/blob/main/Library.lua""]","No piece-to-piece prerequisites. Candidate rank by slot1/3=13,2/5=12,4=10,6=9; do not implement hard rank locks without verified Forever rules.","{""rankCandidate"": 9}",,,False,raid_set_step_audit.json
pvp_set_plate_horde:sections[2].pieces[1],pvp_set_plate_horde,sections[2].pieces[1],2_1_piece,piece,True,Premier Warlord's Lamellar Faceguard from PvP rank 13 (Warlord).,withheld,[],[],same faction/class purchasing character; merged role alternatives,rank inferred from name; Forever purchase eligibility unconfirmed,"[""https://github.com/karl-neiswender/ForeverGoalTracker/blob/main/Library.lua""]","No piece-to-piece prerequisites. Candidate rank by slot1/3=13,2/5=12,4=10,6=9; do not implement hard rank locks without verified Forever rules.","{""rankCandidate"": 13}",,,False,raid_set_step_audit.json
pvp_set_plate_horde:sections[2].pieces[2],pvp_set_plate_horde,sections[2].pieces[2],2_2_piece,piece,True,Premier General's Lamellar Pauldrons from PvP rank 12 (General).,withheld,[],[],same faction/class purchasing character; merged role alternatives,rank inferred from name; Forever purchase eligibility unconfirmed,"[""https://github.com/karl-neiswender/ForeverGoalTracker/blob/main/Library.lua""]","No piece-to-piece prerequisites. Candidate rank by slot1/3=13,2/5=12,4=10,6=9; do not implement hard rank locks without verified Forever rules.","{""rankCandidate"": 12}",,,False,raid_set_step_audit.json
pvp_set_plate_horde:sections[2].pieces[3],pvp_set_plate_horde,sections[2].pieces[3],2_3_piece,piece,True,Premier Warlord's Lamellar Chestplate from PvP rank 13 (Warlord).,withheld,[],[],same faction/class purchasing character; merged role alternatives,rank inferred from name; Forever purchase eligibility unconfirmed,"[""https://github.com/karl-neiswender/ForeverGoalTracker/blob/main/Library.lua""]","No piece-to-piece prerequisites. Candidate rank by slot1/3=13,2/5=12,4=10,6=9; do not implement hard rank locks without verified Forever rules.","{""rankCandidate"": 13}",,,False,raid_set_step_audit.json
pvp_set_plate_horde:sections[2].pieces[4],pvp_set_plate_horde,sections[2].pieces[4],2_4_piece,piece,True,Premier Champion's Lamellar Gloves from PvP rank 10 (Champion).,withheld,[],[],same faction/class purchasing character; merged role alternatives,rank inferred from name; Forever purchase eligibility unconfirmed,"[""https://github.com/karl-neiswender/ForeverGoalTracker/blob/main/Library.lua""]","No piece-to-piece prerequisites. Candidate rank by slot1/3=13,2/5=12,4=10,6=9; do not implement hard rank locks without verified Forever rules.","{""rankCandidate"": 10}",,,False,raid_set_step_audit.json
pvp_set_plate_horde:sections[2].pieces[5],pvp_set_plate_horde,sections[2].pieces[5],2_5_piece,piece,True,Premier General's Lamellar Legplates from PvP rank 12 (General).,withheld,[],[],same faction/class purchasing character; merged role alternatives,rank inferred from name; Forever purchase eligibility unconfirmed,"[""https://github.com/karl-neiswender/ForeverGoalTracker/blob/main/Library.lua""]","No piece-to-piece prerequisites. Candidate rank by slot1/3=13,2/5=12,4=10,6=9; do not implement hard rank locks without verified Forever rules.","{""rankCandidate"": 12}",,,False,raid_set_step_audit.json
pvp_set_plate_horde:sections[2].pieces[6],pvp_set_plate_horde,sections[2].pieces[6],2_6_piece,piece,True,Premier Centurion's Lamellar Boots from PvP rank 9 (Centurion).,withheld,[],[],same faction/class purchasing character; merged role alternatives,rank inferred from name; Forever purchase eligibility unconfirmed,"[""https://github.com/karl-neiswender/ForeverGoalTracker/blob/main/Library.lua""]","No piece-to-piece prerequisites. Candidate rank by slot1/3=13,2/5=12,4=10,6=9; do not implement hard rank locks without verified Forever rules.","{""rankCandidate"": 9}",,,False,raid_set_step_audit.json
pvp_set_mail_horde:sections[1].pieces[1],pvp_set_mail_horde,sections[1].pieces[1],1_1_piece,piece,True,Premier Warlord's Chain Helmet from PvP rank 13 (Warlord).,withheld,[],[],same faction/class purchasing character; merged role alternatives,rank inferred from name; Forever purchase eligibility unconfirmed,"[""https://github.com/karl-neiswender/ForeverGoalTracker/blob/main/Library.lua""]","No piece-to-piece prerequisites. Candidate rank by slot1/3=13,2/5=12,4=10,6=9; do not implement hard rank locks without verified Forever rules.","{""rankCandidate"": 13}",,,False,raid_set_step_audit.json
pvp_set_mail_horde:sections[1].pieces[2],pvp_set_mail_horde,sections[1].pieces[2],1_2_piece,piece,True,Premier General's Chain Shoulders from PvP rank 12 (General).,withheld,[],[],same faction/class purchasing character; merged role alternatives,rank inferred from name; Forever purchase eligibility unconfirmed,"[""https://github.com/karl-neiswender/ForeverGoalTracker/blob/main/Library.lua""]","No piece-to-piece prerequisites. Candidate rank by slot1/3=13,2/5=12,4=10,6=9; do not implement hard rank locks without verified Forever rules.","{""rankCandidate"": 12}",,,False,raid_set_step_audit.json
pvp_set_mail_horde:sections[1].pieces[3],pvp_set_mail_horde,sections[1].pieces[3],1_3_piece,piece,True,Premier Warlord's Chain Chestpiece from PvP rank 13 (Warlord).,withheld,[],[],same faction/class purchasing character; merged role alternatives,rank inferred from name; Forever purchase eligibility unconfirmed,"[""https://github.com/karl-neiswender/ForeverGoalTracker/blob/main/Library.lua""]","No piece-to-piece prerequisites. Candidate rank by slot1/3=13,2/5=12,4=10,6=9; do not implement hard rank locks without verified Forever rules.","{""rankCandidate"": 13}",,,False,raid_set_step_audit.json
pvp_set_mail_horde:sections[1].pieces[4],pvp_set_mail_horde,sections[1].pieces[4],1_4_piece,piece,True,Premier Champion's Chain Gloves from PvP rank 10 (Champion).,withheld,[],[],same faction/class purchasing character; merged role alternatives,rank inferred from name; Forever purchase eligibility unconfirmed,"[""https://github.com/karl-neiswender/ForeverGoalTracker/blob/main/Library.lua""]","No piece-to-piece prerequisites. Candidate rank by slot1/3=13,2/5=12,4=10,6=9; do not implement hard rank locks without verified Forever rules.","{""rankCandidate"": 10}",,,False,raid_set_step_audit.json
pvp_set_mail_horde:sections[1].pieces[5],pvp_set_mail_horde,sections[1].pieces[5],1_5_piece,piece,True,Premier General's Chain Legguards from PvP rank 12 (General).,withheld,[],[],same faction/class purchasing character; merged role alternatives,rank inferred from name; Forever purchase eligibility unconfirmed,"[""https://github.com/karl-neiswender/ForeverGoalTracker/blob/main/Library.lua""]","No piece-to-piece prerequisites. Candidate rank by slot1/3=13,2/5=12,4=10,6=9; do not implement hard rank locks without verified Forever rules.","{""rankCandidate"": 12}",,,False,raid_set_step_audit.json
pvp_set_mail_horde:sections[1].pieces[6],pvp_set_mail_horde,sections[1].pieces[6],1_6_piece,piece,True,Premier Centurion's Chain Sabatons from PvP rank 9 (Centurion).,withheld,[],[],same faction/class purchasing character; merged role alternatives,rank inferred from name; Forever purchase eligibility unconfirmed,"[""https://github.com/karl-neiswender/ForeverGoalTracker/blob/main/Library.lua""]","No piece-to-piece prerequisites. Candidate rank by slot1/3=13,2/5=12,4=10,6=9; do not implement hard rank locks without verified Forever rules.","{""rankCandidate"": 9}",,,False,raid_set_step_audit.json
pvp_set_mail_horde:sections[2].pieces[1],pvp_set_mail_horde,sections[2].pieces[1],2_1_piece,piece,True,Premier Warlord's Linked Helm from PvP rank 13 (Warlord).,withheld,[],[],same faction/class purchasing character; merged role alternatives,rank inferred from name; Forever purchase eligibility unconfirmed,"[""https://github.com/karl-neiswender/ForeverGoalTracker/blob/main/Library.lua""]","No piece-to-piece prerequisites. Candidate rank by slot1/3=13,2/5=12,4=10,6=9; do not implement hard rank locks without verified Forever rules.","{""rankCandidate"": 13}",,,False,raid_set_step_audit.json
pvp_set_mail_horde:sections[2].pieces[2],pvp_set_mail_horde,sections[2].pieces[2],2_2_piece,piece,True,Premier General's Linked Spaulders from PvP rank 12 (General).,withheld,[],[],same faction/class purchasing character; merged role alternatives,rank inferred from name; Forever purchase eligibility unconfirmed,"[""https://github.com/karl-neiswender/ForeverGoalTracker/blob/main/Library.lua""]","No piece-to-piece prerequisites. Candidate rank by slot1/3=13,2/5=12,4=10,6=9; do not implement hard rank locks without verified Forever rules.","{""rankCandidate"": 12}",,,False,raid_set_step_audit.json
pvp_set_mail_horde:sections[2].pieces[3],pvp_set_mail_horde,sections[2].pieces[3],2_3_piece,piece,True,Premier Warlord's Linked Armor from PvP rank 13 (Warlord).,withheld,[],[],same faction/class purchasing character; merged role alternatives,rank inferred from name; Forever purchase eligibility unconfirmed,"[""https://github.com/karl-neiswender/ForeverGoalTracker/blob/main/Library.lua""]","No piece-to-piece prerequisites. Candidate rank by slot1/3=13,2/5=12,4=10,6=9; do not implement hard rank locks without verified Forever rules.","{""rankCandidate"": 13}",,,False,raid_set_step_audit.json
pvp_set_mail_horde:sections[2].pieces[4],pvp_set_mail_horde,sections[2].pieces[4],2_4_piece,piece,True,Premier Champion's Linked Gauntlets from PvP rank 10 (Champion).,withheld,[],[],same faction/class purchasing character; merged role alternatives,rank inferred from name; Forever purchase eligibility unconfirmed,"[""https://github.com/karl-neiswender/ForeverGoalTracker/blob/main/Library.lua""]","No piece-to-piece prerequisites. Candidate rank by slot1/3=13,2/5=12,4=10,6=9; do not implement hard rank locks without verified Forever rules.","{""rankCandidate"": 10}",,,False,raid_set_step_audit.json
pvp_set_mail_horde:sections[2].pieces[5],pvp_set_mail_horde,sections[2].pieces[5],2_5_piece,piece,True,Premier General's Linked Leggings from PvP rank 12 (General).,withheld,[],[],same faction/class purchasing character; merged role alternatives,rank inferred from name; Forever purchase eligibility unconfirmed,"[""https://github.com/karl-neiswender/ForeverGoalTracker/blob/main/Library.lua""]","No piece-to-piece prerequisites. Candidate rank by slot1/3=13,2/5=12,4=10,6=9; do not implement hard rank locks without verified Forever rules.","{""rankCandidate"": 12}",,,False,raid_set_step_audit.json
pvp_set_mail_horde:sections[2].pieces[6],pvp_set_mail_horde,sections[2].pieces[6],2_6_piece,piece,True,Premier Centurion's Linked Boots from PvP rank 9 (Centurion).,withheld,[],[],same faction/class purchasing character; merged role alternatives,rank inferred from name; Forever purchase eligibility unconfirmed,"[""https://github.com/karl-neiswender/ForeverGoalTracker/blob/main/Library.lua""]","No piece-to-piece prerequisites. Candidate rank by slot1/3=13,2/5=12,4=10,6=9; do not implement hard rank locks without verified Forever rules.","{""rankCandidate"": 9}",,,False,raid_set_step_audit.json
pvp_set_leather_horde:sections[1].pieces[1],pvp_set_leather_horde,sections[1].pieces[1],1_1_piece,piece,True,Premier Warlord's Shadowhide Helm from PvP rank 13 (Warlord).,withheld,[],[],same faction/class purchasing character; merged role alternatives,rank inferred from name; Forever purchase eligibility unconfirmed,"[""https://github.com/karl-neiswender/ForeverGoalTracker/blob/main/Library.lua""]","No piece-to-piece prerequisites. Candidate rank by slot1/3=13,2/5=12,4=10,6=9; do not implement hard rank locks without verified Forever rules.","{""rankCandidate"": 13}",,,False,raid_set_step_audit.json
pvp_set_leather_horde:sections[1].pieces[2],pvp_set_leather_horde,sections[1].pieces[2],1_2_piece,piece,True,Premier General's Shadowhide Spaulders from PvP rank 12 (General).,withheld,[],[],same faction/class purchasing character; merged role alternatives,rank inferred from name; Forever purchase eligibility unconfirmed,"[""https://github.com/karl-neiswender/ForeverGoalTracker/blob/main/Library.lua""]","No piece-to-piece prerequisites. Candidate rank by slot1/3=13,2/5=12,4=10,6=9; do not implement hard rank locks without verified Forever rules.","{""rankCandidate"": 12}",,,False,raid_set_step_audit.json
pvp_set_leather_horde:sections[1].pieces[3],pvp_set_leather_horde,sections[1].pieces[3],1_3_piece,piece,True,Premier Warlord's Shadowhide Breastplate from PvP rank 13 (Warlord).,withheld,[],[],same faction/class purchasing character; merged role alternatives,rank inferred from name; Forever purchase eligibility unconfirmed,"[""https://github.com/karl-neiswender/ForeverGoalTracker/blob/main/Library.lua""]","No piece-to-piece prerequisites. Candidate rank by slot1/3=13,2/5=12,4=10,6=9; do not implement hard rank locks without verified Forever rules.","{""rankCandidate"": 13}",,,False,raid_set_step_audit.json
pvp_set_leather_horde:sections[1].pieces[4],pvp_set_leather_horde,sections[1].pieces[4],1_4_piece,piece,True,Premier Champion's Shadowhide Mitts from PvP rank 10 (Champion).,withheld,[],[],same faction/class purchasing character; merged role alternatives,rank inferred from name; Forever purchase eligibility unconfirmed,"[""https://github.com/karl-neiswender/ForeverGoalTracker/blob/main/Library.lua""]","No piece-to-piece prerequisites. Candidate rank by slot1/3=13,2/5=12,4=10,6=9; do not implement hard rank locks without verified Forever rules.","{""rankCandidate"": 10}",,,False,raid_set_step_audit.json
pvp_set_leather_horde:sections[1].pieces[5],pvp_set_leather_horde,sections[1].pieces[5],1_5_piece,piece,True,Premier General's Shadowhide Legguards from PvP rank 12 (General).,withheld,[],[],same faction/class purchasing character; merged role alternatives,rank inferred from name; Forever purchase eligibility unconfirmed,"[""https://github.com/karl-neiswender/ForeverGoalTracker/blob/main/Library.lua""]","No piece-to-piece prerequisites. Candidate rank by slot1/3=13,2/5=12,4=10,6=9; do not implement hard rank locks without verified Forever rules.","{""rankCandidate"": 12}",,,False,raid_set_step_audit.json
pvp_set_leather_horde:sections[1].pieces[6],pvp_set_leather_horde,sections[1].pieces[6],1_6_piece,piece,True,Premier Centurion's Shadowhide Treads from PvP rank 9 (Centurion).,withheld,[],[],same faction/class purchasing character; merged role alternatives,rank inferred from name; Forever purchase eligibility unconfirmed,"[""https://github.com/karl-neiswender/ForeverGoalTracker/blob/main/Library.lua""]","No piece-to-piece prerequisites. Candidate rank by slot1/3=13,2/5=12,4=10,6=9; do not implement hard rank locks without verified Forever rules.","{""rankCandidate"": 9}",,,False,raid_set_step_audit.json
pvp_set_leather_horde:sections[2].pieces[1],pvp_set_leather_horde,sections[2].pieces[1],2_1_piece,piece,True,Premier Warlord's Dragonhide Helmet from PvP rank 13 (Warlord).,withheld,[],[],same faction/class purchasing character; merged role alternatives,rank inferred from name; Forever purchase eligibility unconfirmed,"[""https://github.com/karl-neiswender/ForeverGoalTracker/blob/main/Library.lua""]","No piece-to-piece prerequisites. Candidate rank by slot1/3=13,2/5=12,4=10,6=9; do not implement hard rank locks without verified Forever rules.","{""rankCandidate"": 13}",,,False,raid_set_step_audit.json
pvp_set_leather_horde:sections[2].pieces[2],pvp_set_leather_horde,sections[2].pieces[2],2_2_piece,piece,True,Premier General's Dragonhide Epaulets from PvP rank 12 (General).,withheld,[],[],same faction/class purchasing character; merged role alternatives,rank inferred from name; Forever purchase eligibility unconfirmed,"[""https://github.com/karl-neiswender/ForeverGoalTracker/blob/main/Library.lua""]","No piece-to-piece prerequisites. Candidate rank by slot1/3=13,2/5=12,4=10,6=9; do not implement hard rank locks without verified Forever rules.","{""rankCandidate"": 12}",,,False,raid_set_step_audit.json
pvp_set_leather_horde:sections[2].pieces[3],pvp_set_leather_horde,sections[2].pieces[3],2_3_piece,piece,True,Premier Warlord's Dragonhide Hauberk from PvP rank 13 (Warlord).,withheld,[],[],same faction/class purchasing character; merged role alternatives,rank inferred from name; Forever purchase eligibility unconfirmed,"[""https://github.com/karl-neiswender/ForeverGoalTracker/blob/main/Library.lua""]","No piece-to-piece prerequisites. Candidate rank by slot1/3=13,2/5=12,4=10,6=9; do not implement hard rank locks without verified Forever rules.","{""rankCandidate"": 13}",,,False,raid_set_step_audit.json
pvp_set_leather_horde:sections[2].pieces[4],pvp_set_leather_horde,sections[2].pieces[4],2_4_piece,piece,True,Premier Champion's Dragonhide Gloves from PvP rank 10 (Champion).,withheld,[],[],same faction/class purchasing character; merged role alternatives,rank inferred from name; Forever purchase eligibility unconfirmed,"[""https://github.com/karl-neiswender/ForeverGoalTracker/blob/main/Library.lua""]","No piece-to-piece prerequisites. Candidate rank by slot1/3=13,2/5=12,4=10,6=9; do not implement hard rank locks without verified Forever rules.","{""rankCandidate"": 10}",,,False,raid_set_step_audit.json
pvp_set_leather_horde:sections[2].pieces[5],pvp_set_leather_horde,sections[2].pieces[5],2_5_piece,piece,True,Premier General's Dragonhide Leggings from PvP rank 12 (General).,withheld,[],[],same faction/class purchasing character; merged role alternatives,rank inferred from name; Forever purchase eligibility unconfirmed,"[""https://github.com/karl-neiswender/ForeverGoalTracker/blob/main/Library.lua""]","No piece-to-piece prerequisites. Candidate rank by slot1/3=13,2/5=12,4=10,6=9; do not implement hard rank locks without verified Forever rules.","{""rankCandidate"": 12}",,,False,raid_set_step_audit.json
pvp_set_leather_horde:sections[2].pieces[6],pvp_set_leather_horde,sections[2].pieces[6],2_6_piece,piece,True,Premier Centurion's Dragonhide Boots from PvP rank 9 (Centurion).,withheld,[],[],same faction/class purchasing character; merged role alternatives,rank inferred from name; Forever purchase eligibility unconfirmed,"[""https://github.com/karl-neiswender/ForeverGoalTracker/blob/main/Library.lua""]","No piece-to-piece prerequisites. Candidate rank by slot1/3=13,2/5=12,4=10,6=9; do not implement hard rank locks without verified Forever rules.","{""rankCandidate"": 9}",,,False,raid_set_step_audit.json
pvp_set_cloth_horde:sections[1].pieces[1],pvp_set_cloth_horde,sections[1].pieces[1],1_1_piece,piece,True,Premier Warlord's Satin Cowl from PvP rank 13 (Warlord).,withheld,[],[],same faction/class purchasing character; merged role alternatives,rank inferred from name; Forever purchase eligibility unconfirmed,"[""https://github.com/karl-neiswender/ForeverGoalTracker/blob/main/Library.lua""]","No piece-to-piece prerequisites. Candidate rank by slot1/3=13,2/5=12,4=10,6=9; do not implement hard rank locks without verified Forever rules.","{""rankCandidate"": 13}",,,False,raid_set_step_audit.json
pvp_set_cloth_horde:sections[1].pieces[2],pvp_set_cloth_horde,sections[1].pieces[2],1_2_piece,piece,True,Premier General's Satin Mantle from PvP rank 12 (General).,withheld,[],[],same faction/class purchasing character; merged role alternatives,rank inferred from name; Forever purchase eligibility unconfirmed,"[""https://github.com/karl-neiswender/ForeverGoalTracker/blob/main/Library.lua""]","No piece-to-piece prerequisites. Candidate rank by slot1/3=13,2/5=12,4=10,6=9; do not implement hard rank locks without verified Forever rules.","{""rankCandidate"": 12}",,,False,raid_set_step_audit.json
pvp_set_cloth_horde:sections[1].pieces[3],pvp_set_cloth_horde,sections[1].pieces[3],1_3_piece,piece,True,Premier Warlord's Satin Robes from PvP rank 13 (Warlord).,withheld,[],[],same faction/class purchasing character; merged role alternatives,rank inferred from name; Forever purchase eligibility unconfirmed,"[""https://github.com/karl-neiswender/ForeverGoalTracker/blob/main/Library.lua""]","No piece-to-piece prerequisites. Candidate rank by slot1/3=13,2/5=12,4=10,6=9; do not implement hard rank locks without verified Forever rules.","{""rankCandidate"": 13}",,,False,raid_set_step_audit.json
pvp_set_cloth_horde:sections[1].pieces[4],pvp_set_cloth_horde,sections[1].pieces[4],1_4_piece,piece,True,Premier Champion's Satin Gloves from PvP rank 10 (Champion).,withheld,[],[],same faction/class purchasing character; merged role alternatives,rank inferred from name; Forever purchase eligibility unconfirmed,"[""https://github.com/karl-neiswender/ForeverGoalTracker/blob/main/Library.lua""]","No piece-to-piece prerequisites. Candidate rank by slot1/3=13,2/5=12,4=10,6=9; do not implement hard rank locks without verified Forever rules.","{""rankCandidate"": 10}",,,False,raid_set_step_audit.json
pvp_set_cloth_horde:sections[1].pieces[5],pvp_set_cloth_horde,sections[1].pieces[5],1_5_piece,piece,True,Premier General's Satin Leggings from PvP rank 12 (General).,withheld,[],[],same faction/class purchasing character; merged role alternatives,rank inferred from name; Forever purchase eligibility unconfirmed,"[""https://github.com/karl-neiswender/ForeverGoalTracker/blob/main/Library.lua""]","No piece-to-piece prerequisites. Candidate rank by slot1/3=13,2/5=12,4=10,6=9; do not implement hard rank locks without verified Forever rules.","{""rankCandidate"": 12}",,,False,raid_set_step_audit.json
pvp_set_cloth_horde:sections[1].pieces[6],pvp_set_cloth_horde,sections[1].pieces[6],1_6_piece,piece,True,Premier Centurion's Satin Boots from PvP rank 9 (Centurion).,withheld,[],[],same faction/class purchasing character; merged role alternatives,rank inferred from name; Forever purchase eligibility unconfirmed,"[""https://github.com/karl-neiswender/ForeverGoalTracker/blob/main/Library.lua""]","No piece-to-piece prerequisites. Candidate rank by slot1/3=13,2/5=12,4=10,6=9; do not implement hard rank locks without verified Forever rules.","{""rankCandidate"": 9}",,,False,raid_set_step_audit.json
pvp_set_cloth_horde:sections[2].pieces[1],pvp_set_cloth_horde,sections[2].pieces[1],2_1_piece,piece,True,Premier Warlord's Magus Cowl from PvP rank 13 (Warlord).,withheld,[],[],same faction/class purchasing character; merged role alternatives,rank inferred from name; Forever purchase eligibility unconfirmed,"[""https://github.com/karl-neiswender/ForeverGoalTracker/blob/main/Library.lua""]","No piece-to-piece prerequisites. Candidate rank by slot1/3=13,2/5=12,4=10,6=9; do not implement hard rank locks without verified Forever rules.","{""rankCandidate"": 13}",,,False,raid_set_step_audit.json
pvp_set_cloth_horde:sections[2].pieces[2],pvp_set_cloth_horde,sections[2].pieces[2],2_2_piece,piece,True,Premier General's Magus Amice from PvP rank 12 (General).,withheld,[],[],same faction/class purchasing character; merged role alternatives,rank inferred from name; Forever purchase eligibility unconfirmed,"[""https://github.com/karl-neiswender/ForeverGoalTracker/blob/main/Library.lua""]","No piece-to-piece prerequisites. Candidate rank by slot1/3=13,2/5=12,4=10,6=9; do not implement hard rank locks without verified Forever rules.","{""rankCandidate"": 12}",,,False,raid_set_step_audit.json
pvp_set_cloth_horde:sections[2].pieces[3],pvp_set_cloth_horde,sections[2].pieces[3],2_3_piece,piece,True,Premier Warlord's Magus Raiment from PvP rank 13 (Warlord).,withheld,[],[],same faction/class purchasing character; merged role alternatives,rank inferred from name; Forever purchase eligibility unconfirmed,"[""https://github.com/karl-neiswender/ForeverGoalTracker/blob/main/Library.lua""]","No piece-to-piece prerequisites. Candidate rank by slot1/3=13,2/5=12,4=10,6=9; do not implement hard rank locks without verified Forever rules.","{""rankCandidate"": 13}",,,False,raid_set_step_audit.json
pvp_set_cloth_horde:sections[2].pieces[4],pvp_set_cloth_horde,sections[2].pieces[4],2_4_piece,piece,True,Premier Champion's Magus Handguards from PvP rank 10 (Champion).,withheld,[],[],same faction/class purchasing character; merged role alternatives,rank inferred from name; Forever purchase eligibility unconfirmed,"[""https://github.com/karl-neiswender/ForeverGoalTracker/blob/main/Library.lua""]","No piece-to-piece prerequisites. Candidate rank by slot1/3=13,2/5=12,4=10,6=9; do not implement hard rank locks without verified Forever rules.","{""rankCandidate"": 10}",,,False,raid_set_step_audit.json
pvp_set_cloth_horde:sections[2].pieces[5],pvp_set_cloth_horde,sections[2].pieces[5],2_5_piece,piece,True,Premier General's Magus Trousers from PvP rank 12 (General).,withheld,[],[],same faction/class purchasing character; merged role alternatives,rank inferred from name; Forever purchase eligibility unconfirmed,"[""https://github.com/karl-neiswender/ForeverGoalTracker/blob/main/Library.lua""]","No piece-to-piece prerequisites. Candidate rank by slot1/3=13,2/5=12,4=10,6=9; do not implement hard rank locks without verified Forever rules.","{""rankCandidate"": 12}",,,False,raid_set_step_audit.json
pvp_set_cloth_horde:sections[2].pieces[6],pvp_set_cloth_horde,sections[2].pieces[6],2_6_piece,piece,True,Premier Centurion's Magus Boots from PvP rank 9 (Centurion).,withheld,[],[],same faction/class purchasing character; merged role alternatives,rank inferred from name; Forever purchase eligibility unconfirmed,"[""https://github.com/karl-neiswender/ForeverGoalTracker/blob/main/Library.lua""]","No piece-to-piece prerequisites. Candidate rank by slot1/3=13,2/5=12,4=10,6=9; do not implement hard rank locks without verified Forever rules.","{""rankCandidate"": 9}",,,False,raid_set_step_audit.json
pvp_set_cloth_horde:sections[3].pieces[1],pvp_set_cloth_horde,sections[3].pieces[1],3_1_piece,piece,True,Premier Warlord's Felweave Hood from PvP rank 13 (Warlord).,withheld,[],[],same faction/class purchasing character; merged role alternatives,rank inferred from name; Forever purchase eligibility unconfirmed,"[""https://github.com/karl-neiswender/ForeverGoalTracker/blob/main/Library.lua""]","No piece-to-piece prerequisites. Candidate rank by slot1/3=13,2/5=12,4=10,6=9; do not implement hard rank locks without verified Forever rules.","{""rankCandidate"": 13}",,,False,raid_set_step_audit.json
pvp_set_cloth_horde:sections[3].pieces[2],pvp_set_cloth_horde,sections[3].pieces[2],3_2_piece,piece,True,Premier General's Felweave Mantle from PvP rank 12 (General).,withheld,[],[],same faction/class purchasing character; merged role alternatives,rank inferred from name; Forever purchase eligibility unconfirmed,"[""https://github.com/karl-neiswender/ForeverGoalTracker/blob/main/Library.lua""]","No piece-to-piece prerequisites. Candidate rank by slot1/3=13,2/5=12,4=10,6=9; do not implement hard rank locks without verified Forever rules.","{""rankCandidate"": 12}",,,False,raid_set_step_audit.json
pvp_set_cloth_horde:sections[3].pieces[3],pvp_set_cloth_horde,sections[3].pieces[3],3_3_piece,piece,True,Premier Warlord's Felweave Robe from PvP rank 13 (Warlord).,withheld,[],[],same faction/class purchasing character; merged role alternatives,rank inferred from name; Forever purchase eligibility unconfirmed,"[""https://github.com/karl-neiswender/ForeverGoalTracker/blob/main/Library.lua""]","No piece-to-piece prerequisites. Candidate rank by slot1/3=13,2/5=12,4=10,6=9; do not implement hard rank locks without verified Forever rules.","{""rankCandidate"": 13}",,,False,raid_set_step_audit.json
pvp_set_cloth_horde:sections[3].pieces[4],pvp_set_cloth_horde,sections[3].pieces[4],3_4_piece,piece,True,Premier Champion's Felweave Gloves from PvP rank 10 (Champion).,withheld,[],[],same faction/class purchasing character; merged role alternatives,rank inferred from name; Forever purchase eligibility unconfirmed,"[""https://github.com/karl-neiswender/ForeverGoalTracker/blob/main/Library.lua""]","No piece-to-piece prerequisites. Candidate rank by slot1/3=13,2/5=12,4=10,6=9; do not implement hard rank locks without verified Forever rules.","{""rankCandidate"": 10}",,,False,raid_set_step_audit.json
pvp_set_cloth_horde:sections[3].pieces[5],pvp_set_cloth_horde,sections[3].pieces[5],3_5_piece,piece,True,Premier General's Felweave Pants from PvP rank 12 (General).,withheld,[],[],same faction/class purchasing character; merged role alternatives,rank inferred from name; Forever purchase eligibility unconfirmed,"[""https://github.com/karl-neiswender/ForeverGoalTracker/blob/main/Library.lua""]","No piece-to-piece prerequisites. Candidate rank by slot1/3=13,2/5=12,4=10,6=9; do not implement hard rank locks without verified Forever rules.","{""rankCandidate"": 12}",,,False,raid_set_step_audit.json
pvp_set_cloth_horde:sections[3].pieces[6],pvp_set_cloth_horde,sections[3].pieces[6],3_6_piece,piece,True,Premier Centurion's Felweave Boots from PvP rank 9 (Centurion).,withheld,[],[],same faction/class purchasing character; merged role alternatives,rank inferred from name; Forever purchase eligibility unconfirmed,"[""https://github.com/karl-neiswender/ForeverGoalTracker/blob/main/Library.lua""]","No piece-to-piece prerequisites. Candidate rank by slot1/3=13,2/5=12,4=10,6=9; do not implement hard rank locks without verified Forever rules.","{""rankCandidate"": 9}",,,False,raid_set_step_audit.json
